{"type":"Feature","properties":{"id":"NV","label":"Nevada (NV)"},"geometry":{"type":"MultiPolygon","coordinates":[[[[-119.32418400022539,41.99392300044201],[-119.33521100020823,41.993952000441936],[-119.33651900020624,41.993955000441986],[-119.33677800020581,41.99395600044198],[-119.33849500020312,41.99397800044193],[-119.33986900020102,41.99399800044188],[-119.34047200020007,41.994007000441854],[-119.34252000019688,41.994037000441836],[-119.3432410001958,41.99404700044181],[-119.34362600019517,41.994053000441795],[-119.34405900019453,41.994061000441775],[-119.34847700018764,41.9941140004417],[-119.350841000184,41.99414500044168],[-119.35108100018363,41.99414400044168],[-119.35558200017664,41.994227000441526],[-119.35940800017067,41.994270000441475],[-119.36012200016955,41.994278000441454],[-119.36067800016872,41.99428300044144],[-119.3610810001681,41.99428700044143],[-119.36175200016703,41.994294000441414],[-119.36253300016585,41.994302000441394],[-119.36578100016078,41.994336000441365],[-119.36725100015849,41.99435100044133],[-119.36960800015487,41.99437500044132],[-119.37086900015288,41.99438800044129],[-119.37207100015104,41.99440000044126],[-119.3723330001506,41.99440300044125],[-119.37259700015022,41.99440500044125],[-119.37321700014928,41.99441200044123],[-119.3735180001488,41.99441500044122],[-119.37412500014784,41.994421000441264],[-119.3747430001469,41.99442700044125],[-119.37540700014586,41.99443400044123],[-119.37577300014527,41.99443800044122],[-119.37632000014446,41.994444000441206],[-119.37654600014406,41.99444900044119],[-119.37748900014265,41.99446900044114],[-119.37857700014092,41.99449200044114],[-119.37911900014007,41.994503000441114],[-119.38044400013803,41.99453100044104],[-119.38110300013699,41.994545000441065],[-119.38114400013694,41.99454600044106],[-119.38134000013662,41.99455000044105],[-119.38318400013378,41.994588000440956],[-119.3834880001333,41.99459500044094],[-119.38468600013147,41.99462100044093],[-119.38604700012934,41.994651000440854],[-119.38736600012732,41.99468000044084],[-119.38870300012519,41.994709000440764],[-119.39014800012296,41.99474000044074],[-119.39130500012118,41.99476400044068],[-119.3919390001202,41.99477600044071],[-119.39260000011916,41.99479000044067],[-119.40171300010502,41.99497700044037],[-119.41592100008296,41.99522500043997],[-119.41652300008201,41.99523300043995],[-119.42677600006613,41.995383000439745],[-119.43307900005635,41.99547400043963],[-119.43602600005175,41.99551300043953],[-119.43632200005129,41.99551600043952],[-119.44041400004494,41.995557000439476],[-119.4419880000425,41.99557400043943],[-119.44627500003583,41.995623000439366],[-119.44886200003185,41.99565100043935],[-119.45141600002785,41.995678000439284],[-119.45221700002662,41.99568700043926],[-119.45245500002625,41.995689000439256],[-119.45280400002571,41.99569200043925],[-119.45551500002153,41.99571700043924],[-119.46035000001399,41.99572900043921],[-119.46340900000928,41.99573900043919],[-119.46642300000457,41.99575000043916],[-119.46876300000093,41.995756000439144],[-119.46984799999927,41.99575800043914],[-119.47089699999765,41.995760000439134],[-119.47130199999702,41.99576100043913],[-119.47288199999457,41.995766000439176],[-119.4730339999943,41.99576500043918],[-119.4736379999934,41.995766000439176],[-119.47595099998978,41.99577200043916],[-119.47919599998477,41.99577100043916],[-119.4798869999837,41.99576900043917],[-119.4816749999809,41.995764000439124],[-119.48377099997765,41.99575800043914],[-119.48498199997579,41.99575400043915],[-119.4862439999738,41.99575000043916],[-119.49061299996703,41.99573700043919],[-119.49119699996612,41.9957350004392],[-119.49376199996215,41.99572700043922],[-119.49654899995784,41.9957350004392],[-119.4993259999535,41.99574100043918],[-119.50129999995045,41.99574500043917],[-119.50207299994923,41.99574600043917],[-119.50361699994687,41.995748000439164],[-119.50431999994578,41.995752000439154],[-119.50755099994075,41.995756000439144],[-119.51175099993424,41.99576500043918],[-119.52151199991908,41.995774000439155],[-119.5314339999037,41.99578700043912],[-119.53582599989687,41.99578300043913],[-119.53625599989618,41.99578100043914],[-119.54957099987553,41.995774000439155],[-119.55272099987064,41.99576500043918],[-119.56013299985915,41.99576500043918],[-119.56476899985194,41.995759000439136],[-119.5740069998376,41.995752000439154],[-119.57721899983261,41.99576800043917],[-119.58823899981547,41.99582100043904],[-119.5919869998097,41.99583900043905],[-119.59893199979888,41.995864000438985],[-119.60803099978477,41.99589300043897],[-119.61014199978149,41.99589900043895],[-119.61162499977922,41.99590400043894],[-119.61324099977668,41.99590900043893],[-119.61381999977579,41.99591300043892],[-119.61470099977441,41.9959190004389],[-119.61542699977332,41.99592400043889],[-119.61583699977268,41.99592700043888],[-119.61735799977032,41.995938000438855],[-119.61817399976906,41.9959440004389],[-119.61905499976768,41.99595000043888],[-119.62021999976588,41.99595900043886],[-119.62484799975869,41.99599500043877],[-119.62898699975227,41.996023000438754],[-119.63021399975037,41.996031000438734],[-119.63161099974815,41.99604000043871],[-119.63331299974556,41.996054000438676],[-119.6338329997447,41.996057000438725],[-119.63525199974254,41.9960660004387],[-119.63602799974132,41.99607000043869],[-119.63798199973826,41.99608000043867],[-119.63878499973703,41.99608700043865],[-119.64020799973486,41.99609400043863],[-119.6418299997323,41.9961060004386],[-119.64490599972754,41.99612400043861],[-119.6463359997253,41.99613300043859],[-119.65345899971425,41.99618700043851],[-119.65508699971173,41.996193000438495],[-119.65515399971162,41.996193000438495],[-119.65546999971116,41.99619500043849],[-119.65579599971062,41.99619900043848],[-119.660725999703,41.99624200043843],[-119.6614129997019,41.99624900043841],[-119.66191099970115,41.9962530004384],[-119.66281299969972,41.99626100043838],[-119.6634249996988,41.99626600043837],[-119.66428799969748,41.99627300043835],[-119.66546199969565,41.99628400043832],[-119.66671399969368,41.99629500043835],[-119.66725799969282,41.99629900043834],[-119.66892999969025,41.9963140004383],[-119.67075299968741,41.99633000043826],[-119.67180699968577,41.99633900043824],[-119.67307999968381,41.99634200043823],[-119.67451099968156,41.99633500043825],[-119.67659799967834,41.99632600043827],[-119.68563799966432,41.99628800043831],[-119.6869969996622,41.99628200043833],[-119.68987399965772,41.996271000438355],[-119.69362699965194,41.996255000438396],[-119.69417999965106,41.996251000438406],[-119.70367699963629,41.99621200043845],[-119.70771699963007,41.99619800043848],[-119.71026899962607,41.996185000438516],[-119.71098899962499,41.99618200043852],[-119.71991999961108,41.99619800043848],[-119.72582299960192,41.996205000438465],[-119.73355599958995,41.996251000438406],[-119.73392299958937,41.99625600043839],[-119.7363369995856,41.99628800043831],[-119.73719699958428,41.99629900043834],[-119.7404709995792,41.99634200043823],[-119.74342999957463,41.99638100043819],[-119.74762099956808,41.99643600043811],[-119.74984299956463,41.996465000438036],[-119.7536799995587,41.99651500043797],[-119.75483199955693,41.996530000437986],[-119.7559829995551,41.99654500043795],[-119.75825499955158,41.99662300043781],[-119.76202199954577,41.99675300043759],[-119.76474099954152,41.99684600043747],[-119.76834699953594,41.99697200043727],[-119.770253999533,41.99703600043716],[-119.77148499953108,41.997058000437164],[-119.77550099952481,41.997128000437044],[-119.77731899952198,41.997159000436966],[-119.77880199951971,41.997190000436945],[-119.77941799951873,41.99719600043693],[-119.78047499951708,41.997214000436884],[-119.78105999951617,41.99722400043686],[-119.78320299951287,41.99726100043682],[-119.78676499950734,41.99732500043672],[-119.78971099950274,41.997388000436615],[-119.79117399950053,41.997384000436625],[-119.79385599949632,41.9973930004366],[-119.79725899949108,41.99740200043664],[-119.80183399948396,41.997418000436596],[-119.8021299994835,41.9974170004366],[-119.81004100051285,41.99744100043654],[-119.81582900050392,41.99745300043651],[-119.82460900049028,41.99747200043652],[-119.82683500048682,41.997477000436504],[-119.84854000045311,41.99747600043651],[-119.84997400045091,41.997473000436514],[-119.85465400044365,41.99746800043653],[-119.85472300044353,41.99746800043653],[-119.8581630004382,41.99746400043654],[-119.86032300043485,41.99746200043654],[-119.86549600042679,41.9974560004365],[-119.86734700042393,41.997454000436505],[-119.87217000041642,41.99744700043652],[-119.87326400041474,41.99744400043653],[-119.87349300041438,41.99744500043653],[-119.88087000040292,41.99743600043655],[-119.88106200040266,41.997434000436556],[-119.88239300040055,41.99743200043656],[-119.88351500039886,41.997430000436566],[-119.88644000039432,41.99742500043658],[-119.88653000039415,41.997426000436576],[-119.8877330003923,41.99742400043658],[-119.8887720003907,41.997422000436586],[-119.88955100038947,41.997415000436604],[-119.89021900038841,41.99740600043663],[-119.89105000038717,41.9973950004366],[-119.89172400038609,41.99738600043662],[-119.89291400038422,41.99737000043666],[-119.89298700038415,41.997368000436666],[-119.89354200038326,41.99736100043668],[-119.89380200038289,41.99735700043669],[-119.89443600038186,41.997349000436714],[-119.89535500038045,41.99733600043669],[-119.89670100037836,41.997318000436735],[-119.89741000037725,41.99730800043676],[-119.8979740003764,41.99730000043678],[-119.89878000037515,41.99728900043681],[-119.89982700037353,41.99727500043679],[-119.90067700037218,41.99726300043682],[-119.90162200037071,41.99725000043685],[-119.90257400036927,41.99723700043688],[-119.90296700036862,41.997232000436895],[-119.9041360003668,41.99721600043688],[-119.90490900036565,41.9972070004369],[-119.90542200036481,41.99719900043692],[-119.90552000036467,41.99719700043693],[-119.90579900036425,41.99719300043694],[-119.90718100036213,41.997174000436985],[-119.90864700035985,41.99715400043698],[-119.90991000035785,41.99714200043701],[-119.91071500035662,41.99713400043703],[-119.91161700035519,41.99712500043705],[-119.91230600035414,41.99711800043707],[-119.91299300035308,41.99711100043709],[-119.91378700035187,41.99710300043705],[-119.91513900034977,41.99709000043708],[-119.91639500034779,41.997077000437116],[-119.91747200034615,41.997066000437144],[-119.91798100034532,41.99706100043716],[-119.91881500034407,41.99705300043718],[-119.91941100034313,41.997047000437135],[-119.92005200034214,41.99704100043715],[-119.92045500034152,41.99703700043716],[-119.92064100034122,41.997035000437165],[-119.92075900034104,41.99703400043717],[-119.92099900034066,41.997031000437175],[-119.92119600034033,41.99702900043718],[-119.92140800034002,41.997027000437186],[-119.92161300033968,41.99702500043719],[-119.92179900033943,41.997023000437196],[-119.92199300033911,41.9970210004372],[-119.92202500033903,41.9970210004372],[-119.92218800033879,41.997019000437206],[-119.9223950003385,41.99701700043721],[-119.92255400033827,41.99701600043721],[-119.92274100033796,41.99701400043722],[-119.92287800033773,41.99701200043722],[-119.92304200033749,41.997011000437226],[-119.92327300033713,41.99700800043723],[-119.92338500033696,41.997007000437236],[-119.92344500033687,41.997007000437236],[-119.92361600033661,41.99700500043724],[-119.92380000033631,41.997003000437246],[-119.92392000033612,41.99700200043725],[-119.92397400033605,41.99700100043725],[-119.92406400033587,41.99700100043725],[-119.92410300033583,41.997000000437254],[-119.92421400033567,41.996999000437256],[-119.92440100033537,41.99699700043726],[-119.9244490003353,41.99699700043726],[-119.92456900033511,41.996995000437266],[-119.92468900033492,41.99699400043727],[-119.92486400033465,41.99699300043727],[-119.92496200033452,41.99699200043722],[-119.92507200033435,41.99699000043722],[-119.92523400033406,41.996989000437225],[-119.92527600033401,41.99698800043723],[-119.92539900033381,41.99698700043723],[-119.92548300033371,41.99698600043723],[-119.92555400033359,41.99698600043723],[-119.92563300033345,41.996985000437235],[-119.92571400033336,41.99698400043724],[-119.9257380003333,41.99698400043724],[-119.9257970003332,41.99698300043724],[-119.92583600033316,41.99698300043724],[-119.92592900033299,41.99698200043724],[-119.9259860003329,41.996981000437245],[-119.92683200033161,41.996973000437265],[-119.92722600033096,41.996969000437275],[-119.9283990003292,41.996957000437305],[-119.92883500032849,41.996953000437315],[-119.92975900032707,41.99694300043734],[-119.93019800032636,41.99693900043735],[-119.93112300032493,41.99692900043732],[-119.93181500032387,41.99692200043734],[-119.93215800032334,41.996919000437344],[-119.93299600032202,41.99691000043737],[-119.93400300032044,41.99690000043739],[-119.93460700031955,41.99689400043741],[-119.93549800031815,41.99688500043743],[-119.93589300031755,41.99688100043744],[-119.94097800030966,41.996829000437515],[-119.94647800030111,41.99676800043761],[-119.9478940002989,41.99675300043759],[-119.94865700029771,41.996736000437636],[-119.9511160002939,41.996655000437784],[-119.95611900028615,41.99649000043803],[-119.96044000027945,41.99634800043822],[-119.96870000026661,41.996073000438685],[-119.97330100025948,41.99600800043879],[-119.9743110002579,41.99598900043878],[-119.97581400025558,41.995961000438854],[-119.97769400025265,41.99591500043891],[-119.984573000242,41.995748000439164],[-119.98680100023853,41.99570900043926],[-119.98913300023492,41.99556400043946],[-119.99663000022326,41.995096000440185],[-119.99854100022031,41.99498500044035],[-119.99923400021919,41.9949440004404],[-119.9991690002193,41.993730000442326],[-119.9991900002193,41.97904700046507],[-119.9991900002193,41.9789750004652],[-119.99920400021927,41.97516300047113],[-119.9992300002192,41.96204700049151],[-119.9992300002192,41.96197300049158],[-119.99926500021917,41.943486000520295],[-119.99930000021914,41.924924999507425],[-119.99930200021913,41.92374799950926],[-119.99930400021913,41.9225699995111],[-119.99930500021912,41.922229999511615],[-119.99933200021906,41.9077019995342],[-119.99933000021906,41.90764299953429],[-119.9992920002191,41.906537999536],[-119.9992920002191,41.906349999536246],[-119.99929500021915,41.90284199954169],[-119.99929500021915,41.90249799954228],[-119.9992530002192,41.8996209995467],[-119.9992530002192,41.899455999547],[-119.99926100021918,41.89128599955967],[-119.99926900021916,41.88211199957391],[-119.99927600021914,41.87489499958508],[-119.99921400021924,41.867140999597154],[-119.99903500021952,41.84474599963187],[-119.99895800021966,41.83518999964673],[-119.99895700021966,41.83512699964683],[-119.99889600021976,41.82746499965873],[-119.99889600021976,41.82740399965883],[-119.99869300022004,41.802179999697955],[-119.99869500022004,41.802159999698006],[-119.99869400022004,41.80207099969812],[-119.99867500022009,41.79947799970216],[-119.99867400022009,41.79929299970246],[-119.99862900022015,41.79368799971115],[-119.99850000022036,41.77698499973707],[-119.99849900022036,41.77691499973719],[-119.99847300022037,41.773716999742135],[-119.99847200022037,41.77365199974224],[-119.99833200022061,41.75557499977032],[-119.99829500022065,41.749914999779094],[-119.99869800022003,41.72063199982455],[-119.99873000022001,41.6916819998695],[-119.99874700021996,41.67594299989389],[-119.99875100021995,41.6748609998956],[-119.99875100021995,41.6747979998957],[-119.99875400021995,41.67132799990105],[-119.99882500021982,41.66516199991065],[-119.99882300021983,41.66514799991069],[-119.99881900021984,41.66432099991198],[-119.99881900021984,41.66424899991205],[-119.99882200021983,41.66376699991281],[-119.99882200021983,41.6637079999129],[-119.99889300021977,41.65851099992096],[-119.99890200021974,41.65789899992194],[-119.99889700021976,41.654430999927285],[-119.99886100021979,41.6249369999731],[-119.99828700022067,41.61881799998258],[-119.99829500022065,41.61747299998467],[-119.99830300022069,41.616191999986654],[-119.99830700022068,41.615543999987665],[-119.99857500022023,41.58143200004059],[-119.99874500021997,41.56009000007373],[-119.99876200021993,41.557943000077046],[-119.99876300021992,41.557834000077264],[-119.9988590002198,41.54576500009597],[-119.99886000021979,41.54563200009619],[-119.99886800021977,41.544665000097666],[-119.99887600021975,41.5436980000992],[-119.99889800021975,41.54087100010355],[-119.9989210002197,41.53804500010796],[-119.99895700021966,41.53357000011488],[-119.99899300021957,41.52909400012186],[-119.99901800021956,41.52597900012671],[-119.9990430002195,41.522864000131506],[-119.9990460002195,41.521809000133146],[-119.99946500021883,41.50022800016666],[-119.99947100021888,41.49989400016716],[-119.99947500021887,41.4981950001698],[-119.99947800021886,41.496499000172435],[-119.99947800021886,41.49645800017248],[-119.99948600021884,41.49275100017826],[-119.99949400021882,41.48901700018405],[-119.99948900021883,41.48900100018409],[-119.99949400021882,41.48882600018436],[-119.99949600021881,41.487984000185634],[-119.99949800021881,41.487138000186974],[-119.9995030002188,41.48493200019038],[-119.99950800021878,41.48272700019385],[-119.99951200021877,41.480898000196646],[-119.99951700021876,41.478669000200114],[-119.99951700021876,41.47856700020026],[-119.99955200021873,41.470218000213265],[-119.99956600021869,41.463084000224285],[-119.99958100021865,41.45595000023536],[-119.99959000021869,41.451780000241854],[-119.99959500021868,41.44926500024576],[-119.99959900021867,41.44732600024878],[-119.99960200021866,41.445932000250934],[-119.99961200021863,41.44117200025835],[-119.99962100021861,41.4364130002657],[-119.99962100021861,41.43633500026584],[-119.99962200021861,41.43607300026622],[-119.99962200021861,41.43581100026665],[-119.99963100021859,41.435260000267476],[-119.99963300021858,41.43247000027185],[-119.99963500021857,41.42967900027617],[-119.99964200021856,41.42641000028124],[-119.9996480002186,41.42327500028608],[-119.9996480002186,41.42314000028631],[-119.99966100021857,41.42215800028782],[-119.99965300021859,41.42060400029027],[-119.99965900021857,41.417667000294784],[-119.99966500021856,41.41473000029936],[-119.99967400021853,41.410578000305804],[-119.99968200021851,41.40642700031225],[-119.99970300021852,41.39821200032503],[-119.99975700021838,41.374650000361555],[-119.99971600021848,41.367814000372164],[-119.99970000021847,41.365323000376065],[-119.99969900021847,41.365110000376376],[-119.99973400021844,41.35557600039118],[-119.99982000021834,41.32745000043485],[-119.99982000021834,41.32731900043507],[-119.9998320002183,41.32363700044078],[-119.9998360002183,41.32261000044235],[-119.9998360002183,41.32249100044254],[-119.99986500021822,41.313101000457095],[-119.99988500021823,41.307067000466475],[-119.99990800021817,41.29975000047784],[-119.99993100021811,41.29279700048863],[-119.99993200021811,41.29243300048921],[-119.99998900021802,41.275012000516256],[-119.99999000021802,41.27479400051658],[-120.00001600021801,41.26749299948625],[-120.00001600021801,41.26742299948637],[-120.00001600021801,41.26654799948773],[-120.00001600021801,41.266486999487825],[-120.00002800021798,41.26400499949165],[-120.00003000021798,41.26335699949266],[-120.00004800021793,41.25676499950288],[-120.00004900021793,41.25637499950352],[-120.00007300021792,41.24975799951375],[-119.99992800021812,41.24588699951977],[-119.99986700021822,41.24426999952226],[-119.99978000021838,41.241947999525905],[-119.99978000021838,41.24185099952604],[-119.99976700021841,41.23662499953417],[-119.99976000021837,41.23606099953503],[-119.99976300021842,41.234288999537796],[-119.9997700002184,41.23121999954253],[-119.99977600021839,41.22815199954732],[-119.99977900021838,41.226808999549405],[-119.99978200021837,41.22546599955149],[-119.99979200021835,41.220589999559024],[-119.99980200021832,41.21571399956662],[-119.99980700021831,41.213461999570086],[-119.9998120002183,41.21120999957361],[-119.9998140002183,41.21049599957473],[-119.99981500021829,41.209781999575796],[-119.99981800021828,41.20854299957773],[-119.99982000021834,41.207303999579665],[-119.99982000021834,41.20701399958011],[-119.99982100021833,41.20672299958056],[-119.99982100021833,41.20670099958062],[-119.99982300021833,41.205871999581916],[-119.99982500021832,41.20502099958321],[-119.99983100021831,41.201991999587904],[-119.9998320002183,41.20150799958867],[-119.99984600021827,41.194572999599416],[-119.99984800021826,41.19364799960084],[-119.99986400021822,41.184772999614665],[-119.99986600021822,41.18397399961589],[-119.9998740002182,41.176443999627566],[-119.99984700021827,41.17334499963238],[-119.99984700021827,41.173321999632435],[-119.99982300021833,41.170568999636714],[-119.99981500021829,41.16575199964416],[-119.99981500021829,41.165423999644645],[-119.99981500021829,41.16525099964497],[-119.9998130002183,41.16434799964634],[-119.9998100002183,41.16234699964946],[-119.99980700021831,41.162327999649506],[-119.9998090002183,41.1623079996495],[-119.9998090002183,41.16226899964954],[-119.99979900021833,41.15592099965943],[-119.99986700021822,41.144571999677055],[-119.99986700021822,41.144509999677155],[-119.99989300021821,41.1402349996838],[-119.9998950002182,41.13989299968432],[-119.9998980002182,41.139266999685276],[-119.99990300021818,41.13836199968665],[-119.99990400021818,41.13818499968693],[-119.99990400021818,41.13815999968699],[-119.99990500021818,41.138123999687025],[-119.99990500021818,41.138083999687126],[-119.99990500021818,41.13805099968715],[-119.99990600021817,41.13790399968741],[-119.99997400021806,41.12656399970501],[-120.00001100021802,41.12489799970757],[-119.99999500021801,41.1225589997112],[-119.99999700021806,41.112885999726245],[-119.99999700021806,41.1122369997272],[-119.99999700021806,41.11213199972741],[-119.99999700021806,41.1097469997311],[-120.00000800021803,41.10246199974239],[-120.00000800021803,41.10231699974264],[-120.00003900021795,41.0829989997726],[-119.99994200021814,41.068504999795096],[-119.9999590002181,41.06582099979926],[-119.9998750002182,41.05404099981757],[-119.99988800021822,41.03953799984009],[-119.99980100021833,41.02221099986696],[-119.99980200021832,41.021950999867386],[-119.99980200021832,41.02183599986756],[-119.9998100002183,41.01997099987045],[-119.9998100002183,41.01991399987054],[-119.99981700021829,41.018391999872904],[-119.9998320002183,41.014757999878555],[-119.99984400021827,41.01192499988292],[-119.99984400021827,41.01191499988295],[-119.99986200021823,41.007513999889795],[-119.99981500021829,41.00681899989087],[-119.99982000021834,41.00676299989095],[-119.99982900021831,41.00563899989271],[-119.99982900021831,41.00558399989279],[-119.9998750002182,40.99989399990159],[-119.99968200021851,40.96399099995733],[-119.99966300021856,40.959902999963674],[-119.99966700021855,40.95988899996371],[-119.99964000021856,40.95224299997557],[-119.99959300021868,40.94915999998034],[-119.9995860002187,40.94870099998104],[-119.99950500021879,40.93028700000963],[-119.99944400021889,40.92079400002439],[-119.99942100021894,40.91716000003004],[-119.99941800021895,40.91676100003065],[-119.99940500021893,40.91562700003243],[-119.99941500021896,40.91561300003241],[-119.99941300021896,40.914993000033405],[-119.99941100021897,40.914415000034296],[-119.99940900021892,40.91384400003517],[-119.99940900021892,40.91369900003542],[-119.99940900021892,40.91367600003542],[-119.99937100021901,40.90133900005458],[-119.9993120002191,40.88900100007373],[-119.99928800021911,40.883870000081686],[-119.9992510002192,40.875931000094],[-119.9992520002192,40.87590000009408],[-119.99926000021918,40.87562900009448],[-119.99926700021916,40.87538400009487],[-119.99928200021913,40.87489800009564],[-119.99928400021912,40.873966000097084],[-119.99928500021912,40.8737510000974],[-119.99928500021912,40.87363500009758],[-119.99928600021912,40.873159000098326],[-119.99928600021912,40.873101000098416],[-119.99929500021915,40.87308400009846],[-119.99928800021911,40.87236300009954],[-119.99928100021913,40.87146600010095],[-119.99928000021913,40.87137000010108],[-119.99927900021913,40.871232000101315],[-119.99927900021913,40.87120600010138],[-119.99927800021914,40.871077000101536],[-119.99926300021917,40.869339000104276],[-119.99924700021921,40.867448000107174],[-119.99924600021922,40.86738100010729],[-119.99923400021919,40.86589400010962],[-119.99923400021919,40.8658780001096],[-119.99921700021923,40.86379900011286],[-119.9991670002193,40.85786000012206],[-119.99890300021974,40.832090000162054],[-119.99890300021974,40.83198000016222],[-119.99890200021974,40.83181100016253],[-119.99890100021975,40.83152900016296],[-119.99890100021975,40.8313670001632],[-119.99887300021976,40.821786000178065],[-119.99881500021985,40.81438100018954],[-119.99875800021994,40.80704000020097],[-119.99875700021994,40.80692900020114],[-119.99875500021994,40.806740000201444],[-119.99875500021994,40.80672800020142],[-119.99874100021998,40.804874000204336],[-119.99869000022005,40.79834200021446],[-119.99868900022005,40.79825700021456],[-119.9986730002201,40.796212000217736],[-119.9986720002201,40.796119000217914],[-119.99865700022013,40.79415600022094],[-119.99867600022009,40.78850300022975],[-119.99871900022004,40.78273500023869],[-119.99874300021997,40.779521000243676],[-119.99877200021996,40.77554100024986],[-119.99878500021993,40.77385000025248],[-119.99876200021993,40.771596000255954],[-119.99863400022014,40.759233000275174],[-119.99850200022036,40.75144400028728],[-119.9984860002204,40.75047200028877],[-119.99847900022041,40.749899000289645],[-119.99840900022048,40.74432300029832],[-119.99838700022053,40.742686000300864],[-119.99809800022098,40.721257000334106],[-119.99809500022099,40.721040000334426],[-119.998091000221,40.720702000334995],[-119.998088000221,40.72048800033531],[-119.99784700022138,40.702633000362994],[-119.99784400022139,40.70241600036337],[-119.9978380002214,40.70195200036409],[-119.99783700022141,40.70189000036419],[-119.99759000022175,40.68354700039265],[-119.99748000022191,40.67318500040875],[-119.99747800022192,40.673040000408946],[-119.99746600022195,40.67191300041071],[-119.99742600022205,40.67142300041144],[-119.99747700022192,40.67142200041144],[-119.9972350002223,40.65736900043328],[-119.9972380002223,40.656902000434],[-119.99706200022257,40.64290800045575],[-119.9970730002226,40.64232000045661],[-119.99699100022269,40.63634000046591],[-119.99690300022286,40.62992800047584],[-119.99688200022285,40.62838600047826],[-119.99685700022292,40.62785300047909],[-119.99684800022294,40.62727100047999],[-119.99683300022292,40.626293000481496],[-119.99683300022292,40.62627100048155],[-119.99682700022294,40.6258970004821],[-119.99682100022295,40.62551600048272],[-119.99681700022296,40.62520900048321],[-119.99681600022296,40.625141000483325],[-119.99681200022297,40.62490500048369],[-119.99681100022298,40.62476400048388],[-119.99679300022302,40.62075300049008],[-119.99677200022302,40.61631700049702],[-119.99676500022304,40.614640000499605],[-119.99676300022304,40.614237000500225],[-119.99676100022305,40.61390900050071],[-119.9967410002231,40.61334200050163],[-119.9967390002231,40.613132000501935],[-119.9967370002231,40.61280800050247],[-119.99672600022313,40.61128000050479],[-119.99672300022314,40.610778000505604],[-119.99664400022323,40.59944699948153],[-119.99660000022328,40.598742999482624],[-119.99626000022386,40.585003999503954],[-119.99623100022387,40.58428399950503],[-119.99617100022397,40.581044999510084],[-119.99616700022398,40.58082599951041],[-119.99597600022429,40.57054999952635],[-119.99592300022437,40.55664399954793],[-119.99592200022437,40.55651099954815],[-119.99592000022437,40.55606799954887],[-119.99592000022437,40.556048999548864],[-119.99591900022438,40.55588399954911],[-119.9959080002244,40.55430999955155],[-119.9959080002244,40.55425499955169],[-119.99589700022437,40.55280799955392],[-119.99589600022438,40.552650999554146],[-119.99587200022444,40.549191999559525],[-119.99587100022444,40.54907399955971],[-119.99582000022451,40.54162799957123],[-119.99581100022453,40.535638999580556],[-119.99581000022454,40.53525499958113],[-119.99579800022457,40.52692799959408],[-119.99580600022455,40.52292299960027],[-119.99580600022455,40.52271599960062],[-119.99583000022449,40.51072499961924],[-119.99578400022455,40.49990299963605],[-119.99579600022457,40.496247999641696],[-119.99568700022473,40.4817519996642],[-119.99567800022476,40.47015899968221],[-119.99566400022474,40.452901999708956],[-119.99563200022482,40.4457409997201],[-119.99563100022482,40.44557099972036],[-119.99560300022483,40.43940499972996],[-119.99559800022485,40.43836599973156],[-119.99562500022483,40.42887699974625],[-119.99562700022483,40.4282749997472],[-119.9956390002248,40.424194999753524],[-119.9956400002248,40.4204049997594],[-119.9956400002248,40.420203999759735],[-119.9956410002248,40.41859999976225],[-119.9956410002248,40.41652499976544],[-119.9956410002248,40.41644499976559],[-119.99564500022478,40.40626799978139],[-119.99564500022478,40.404944999783424],[-119.99564600022478,40.40471799978377],[-119.99565200022477,40.40325999978603],[-119.99565500022476,40.402407999787386],[-119.99565500022476,40.40232199978749],[-119.99565600022476,40.40218899978771],[-119.99565600022476,40.402070999787895],[-119.99565600022476,40.40199499978797],[-119.99565800022475,40.401458999788815],[-119.99566300022474,40.40020399979079],[-119.99567400022477,40.3975619997949],[-119.99567500022476,40.397193999795434],[-119.99568700022473,40.394335999799864],[-119.9957020002247,40.39041399980596],[-119.9957030002247,40.38484499981462],[-119.99570500022469,40.375829999828625],[-119.99573400022467,40.374014999831445],[-119.9957600002246,40.37242699983392],[-119.9957600002246,40.37241599983389],[-119.99592300022437,40.362198999849795],[-119.99593600022433,40.361415999850976],[-119.99595300022429,40.36054699985232],[-119.99595500022428,40.3604529998525],[-119.99596000022427,40.360154999852966],[-119.99619400022391,40.34795499987189],[-119.99621200022392,40.34699899987339],[-119.99633200022373,40.339602999884846],[-119.99633600022372,40.33936499988522],[-119.99633900022371,40.339207999885446],[-119.99633900022371,40.33919399988548],[-119.99644500022356,40.33264099989566],[-119.9964910002235,40.3252719999071],[-119.9964920002235,40.32517499990723],[-119.99649800022348,40.324161999908824],[-119.99649900022348,40.32407899990892],[-119.99651000022345,40.32224399991179],[-119.99651300022344,40.32183999991241],[-119.99651700022343,40.32125199991333],[-119.99651700022343,40.32122699991339],[-119.99651700022343,40.32114599991348],[-119.99651800022343,40.320962999913775],[-119.99652600022341,40.319791999915594],[-119.9965330002234,40.31853999991756],[-119.99653600022339,40.318130999918196],[-119.99652300022342,40.315975999921534],[-119.99652200022342,40.31583199992173],[-119.99651600022344,40.314928999923154],[-119.99651500022344,40.31474299992345],[-119.99651200022345,40.314323999924056],[-119.99650800022346,40.31367099992508],[-119.99650500022346,40.313207999925794],[-119.99650400022347,40.31305499992607],[-119.99650400022347,40.312984999926186],[-119.99638100022366,40.29317199995694],[-119.99630300022375,40.28068999997629],[-119.99630200022375,40.28054499997654],[-119.99630000022375,40.28013799997717],[-119.99630000022375,40.280075999977214],[-119.9962840002238,40.277564999981166],[-119.99626500022384,40.27452099998584],[-119.99625900022386,40.26424700000183],[-119.99625900022386,40.26411700000199],[-119.99625800022386,40.2636160000028],[-119.99625800022386,40.26349500000299],[-119.99625800022386,40.26247100000455],[-119.99625800022386,40.26242900000466],[-119.99625600022387,40.26034700000787],[-119.99625600022387,40.259969000008425],[-119.99625700022386,40.25979000000871],[-119.99625900022386,40.25933100000947],[-119.99625900022386,40.259298000009494],[-119.99626000022386,40.259278000009544],[-119.99626000022386,40.25926000000953],[-119.99626000022386,40.259209000009605],[-119.99626200022385,40.25874700001037],[-119.99626200022385,40.25822800001117],[-119.99626200022385,40.25810000001138],[-119.99626500022384,40.249906000024055],[-119.9962840002238,40.24546300003095],[-119.9962840002238,40.24544900003099],[-119.99628600022379,40.24531700003121],[-119.99633200022373,40.24426800003283],[-119.99646000022352,40.23085600005362],[-119.99645100022354,40.22968100005545],[-119.99652700022341,40.21900000007207],[-119.9965280002234,40.21892000007216],[-119.99656700022337,40.21352200008056],[-119.99661100022331,40.20743200009002],[-119.99662000022329,40.20614500009202],[-119.99665900022319,40.20069400010044],[-119.99666600022323,40.20039300010092],[-119.99692300022281,40.188728000119056],[-119.99695100022274,40.187449000121035],[-119.99700600022265,40.186235000122906],[-119.99699500022268,40.18356700012703],[-119.99699400022268,40.18328600012745],[-119.99694400022275,40.17158000014564],[-119.99696700022275,40.15922300016484],[-119.99696800022275,40.15884200016541],[-119.99696800022275,40.15858400016583],[-119.99701900022268,40.15715800016801],[-119.99701800022268,40.1560200001698],[-119.99701600022269,40.15449200017218],[-119.99701600022269,40.15433100017242],[-119.99701500022269,40.15342700017385],[-119.99701500022269,40.15327700017406],[-119.99700200022266,40.142579000190665],[-119.99709600022254,40.12944000021105],[-119.99717000022241,40.12632200021591],[-119.99716400022243,40.12608000021629],[-119.9971370002225,40.12490400021812],[-119.99715100022246,40.12003200022565],[-119.99715200022246,40.11978600022604],[-119.99718900022236,40.116695000230834],[-119.99721500022235,40.11449800023428],[-119.99722900022232,40.113301000236106],[-119.99725100022232,40.11133800023913],[-119.99725600022231,40.110909000239815],[-119.99728500022223,40.10756700024501],[-119.99730400022219,40.10572000024786],[-119.99730400022219,40.105495000248254],[-119.99730200022219,40.10541200024835],[-119.99730400022219,40.10531600024848],[-119.99730400022219,40.10526400024861],[-119.99730900022223,40.10506200024889],[-119.99731000022223,40.10463300024958],[-119.99731200022222,40.10442700024987],[-119.99731600022221,40.1039580002506],[-119.99731700022221,40.10379400025084],[-119.99735200022212,40.09999100025675],[-119.99734400022214,40.096363000262386],[-119.99733400022217,40.09272900026804],[-119.99733300022217,40.09211400026902],[-119.99733300022217,40.0917880002695],[-119.99733200022217,40.09156400026984],[-119.99733000022218,40.09082600027102],[-119.99732900022218,40.09051300027147],[-119.99732900022218,40.09049900027151],[-119.99732600022219,40.089340000273296],[-119.99732600022219,40.08924200027343],[-119.9973210002222,40.08695800027698],[-119.99731800022221,40.08597300027856],[-119.99731800022221,40.085781000278814],[-119.9973210002222,40.0845230002808],[-119.9973230002222,40.08390700028173],[-119.9973230002222,40.083779000281936],[-119.99732800022218,40.08180500028499],[-119.99732800022218,40.08174200028509],[-119.9973190002222,40.080166000287534],[-119.99731400022222,40.079227000288995],[-119.99731000022223,40.07849900029015],[-119.99731000022223,40.07841200029026],[-119.99730700022224,40.07775600029129],[-119.99730400022219,40.07726600029207],[-119.99730400022219,40.07720800029216],[-119.99729200022222,40.07477700029591],[-119.99727800022225,40.07209500030007],[-119.99727700022225,40.071767000300554],[-119.99727600022226,40.07163700030077],[-119.99727300022226,40.07103900030171],[-119.9972340002223,40.07014200030312],[-119.99722000022234,40.069812000303614],[-119.99730800022223,40.06025400031842],[-119.99733200022217,40.057585000322604],[-119.99732800022218,40.057569000322644],[-119.99733200022217,40.057538000322666],[-119.99734600022214,40.05607500032494],[-119.99736800022214,40.052035000331216],[-119.99736900022214,40.051893000331404],[-119.99740900022204,40.044423000343045],[-119.99740900022204,40.04437200034312],[-119.99742500022205,40.041561000347485],[-119.99742000022201,40.03920300035111],[-119.99747700022192,40.03201700036226],[-119.99753400022183,40.02495100037322],[-119.99754600022186,40.02286700037649],[-119.99761900022173,40.01065300039545],[-119.99770600022157,39.99990500041213],[-119.99780000022145,39.99121100042561],[-119.99787100022132,39.984616000435835],[-119.99787500022131,39.98426200043639],[-119.9979030002213,39.98163600044046],[-119.99790800022129,39.981409000440806],[-119.99791400022127,39.98112800044129],[-119.99805600022103,39.974041000452246],[-119.99809500022099,39.972117000455285],[-119.99810700022095,39.97150200045621],[-119.99813400022094,39.97017200045826],[-119.99813600022094,39.97006000045843],[-119.99813700022094,39.97001400045855],[-119.99813800022093,39.96999000045855],[-119.99813800022093,39.96997900045858],[-119.99817700022083,39.96803500046161],[-119.99818300022082,39.96776200046202],[-119.99818900022086,39.96747300046246],[-119.9982120002208,39.96639100046417],[-119.99824800022077,39.96465300046685],[-119.99826100022074,39.96401100046785],[-119.99826300022073,39.96390300046801],[-119.9982770002207,39.963210000469076],[-119.99827900022069,39.96310500046923],[-119.99828600022067,39.96281200046968],[-119.99829800022064,39.96223400047057],[-119.99831700022065,39.96130700047206],[-119.99833000022062,39.96067700047303],[-119.99833400022061,39.96045500047336],[-119.99837000022058,39.95874900047602],[-119.99837500022056,39.95849900047642],[-119.99844500022044,39.95511000048168],[-119.99845700022041,39.95453800048256],[-119.99849800022037,39.9525680004856],[-119.99862600022016,39.938032000508144],[-119.99865300022014,39.93616600051104],[-119.99865800022013,39.935814000511584],[-119.99865800022013,39.93578900051165],[-119.99866100022012,39.935553000512016],[-119.99867900022008,39.9343350005139],[-119.99868700022006,39.93378000051479],[-119.99869600022004,39.93313200051574],[-119.99870600022001,39.93244400051685],[-119.99871400022005,39.931881000517706],[-119.99872100022003,39.93137700051847],[-119.99872900022001,39.9308440005193],[-119.99873500022,39.93042500051996],[-119.99882000021984,39.924460999487565],[-119.99882300021983,39.92425499948786],[-119.99883300021986,39.92355899948899],[-119.99908100021946,39.90615599951599],[-119.99908400021945,39.90425699951891],[-119.99908400021945,39.90414299951908],[-119.99908500021945,39.90396799951935],[-119.99908500021945,39.90391199951944],[-119.99908500021945,39.90381699951962],[-119.99908600021945,39.90310399952074],[-119.99909900021942,39.8954339995326],[-119.99909900021942,39.895337999532785],[-119.99910000021941,39.89477299953364],[-119.9991040002194,39.89388899953502],[-119.9991040002194,39.893829999535114],[-119.9991260002194,39.88771399954459],[-119.9991270002194,39.887383999545136],[-119.99917400021928,39.87491299956446],[-119.99946100021884,39.86553499957904],[-119.99959800021867,39.857691999591225],[-119.99960300021866,39.85739899959168],[-119.99969200021849,39.8520319996],[-119.99971600021848,39.851029999601565],[-119.99972100021847,39.85075699960197],[-119.99974400021841,39.84938599960407],[-119.99977600021839,39.84745299960707],[-119.99984300021828,39.84341999961333],[-119.99994100021814,39.83757999962239],[-119.99990700021817,39.83651299962406],[-120.000022000218,39.82328699964461],[-120.00002800021798,39.82208399964645],[-120.00006900021793,39.820193999649405],[-120.00009200021788,39.81912999965107],[-120.00009900021786,39.81876499965165],[-120.00017000021774,39.815249999657055],[-120.00030600021756,39.8085229996675],[-120.00030800021756,39.80839599966771],[-120.0004540002173,39.79943399968164],[-120.0004550002173,39.79934399968175],[-120.0004750002173,39.79813499968367],[-120.0004760002173,39.79808099968375],[-120.00048900021727,39.797268999685],[-120.00049100021727,39.795708999687406],[-120.00049100021727,39.79567299968744],[-120.00049500021726,39.79170599969365],[-120.00049500021726,39.791668999693684],[-120.00049500021726,39.791447999694014],[-120.00049500021726,39.79128599969425],[-120.00049600021725,39.790935999694796],[-120.00050300021724,39.78291399970726],[-120.0005180002172,39.782082999708564],[-120.00052800021723,39.781524999709404],[-120.0005380002172,39.7809449997103],[-120.0005380002172,39.78078799971058],[-120.0005400002172,39.77995499971189],[-120.00054800021718,39.77522299971923],[-120.00065100021703,39.77081999972603],[-120.00067700021697,39.769371999728264],[-120.00068300021695,39.76872499972927],[-120.00070200021696,39.76750799973121],[-120.00072300021691,39.7661609997333],[-120.00080500021676,39.75984599974305],[-120.00085900021668,39.75858399974504],[-120.00089100021665,39.75783799974619],[-120.00111800021631,39.75257699975435],[-120.00113300021627,39.75222899975489],[-120.00103300021641,39.74209599977064],[-120.00103200021641,39.73973899977426],[-120.00100600021648,39.73541599978097],[-120.00100600021648,39.735404999781],[-120.00101300021646,39.73418899978293],[-120.00101400021646,39.73401199978315],[-120.00101800021645,39.73260799978533],[-120.0010620002164,39.722417999801166],[-120.00097900021649,39.7143479998137],[-120.00095900021654,39.68061299986607],[-120.00094200021658,39.679168999868295],[-120.00090300021662,39.675143999874535],[-120.00090500021662,39.67433899987583],[-120.00090600021662,39.674267999875894],[-120.00090800021661,39.67404799987628],[-120.0009120002166,39.67364199987691],[-120.0009150002166,39.67333199987735],[-120.00091800021659,39.6729999998779],[-120.00092200021658,39.672584999878495],[-120.00092500021657,39.672254999879044],[-120.0009340002166,39.672001999879456],[-120.00094200021658,39.67179799987974],[-120.00100600021648,39.66981899988281],[-120.00104900021643,39.667019999887145],[-120.00105000021642,39.66696099988724],[-120.00107900021635,39.66503699989022],[-120.00108400021634,39.66474299989068],[-120.00109000021632,39.66458299989097],[-120.00108900021633,39.663227999893024],[-120.00109000021632,39.662986999893405],[-120.00115200021622,39.65125299991166],[-120.00115700021621,39.65029399991312],[-120.00115100021623,39.644803999921635],[-120.00115100021623,39.64478699992168],[-120.00115100021623,39.644725999921775],[-120.00114900021623,39.64396399992296],[-120.00114900021623,39.64375099992327],[-120.00114900021623,39.64347599992368],[-120.00114900021623,39.643371999923886],[-120.00114000021625,39.636388999934695],[-120.00114000021625,39.63618199993505],[-120.00114000021625,39.63588699993551],[-120.00114000021625,39.63579499993563],[-120.00113800021626,39.63565399993587],[-120.00113500021627,39.63532899993635],[-120.00106700021638,39.628535999946905],[-120.0010590002164,39.62771499994818],[-120.0010580002164,39.62763399994827],[-120.00103000021642,39.62488899995253],[-120.00102700021642,39.6245509999531],[-120.00099400021651,39.62122399995826],[-120.00087100021665,39.611089999973956],[-120.00087000021665,39.61098099997412],[-120.00082000021678,39.60682799998057],[-120.00083000021675,39.60641099998122],[-120.00083400021674,39.60624399998147],[-120.00083500021674,39.606198999981586],[-120.00083500021674,39.60618299998157],[-120.00084000021673,39.60596599998195],[-120.00084300021672,39.605853999982116],[-120.00085400021669,39.60537599998287],[-120.0011850002162,39.59125300000477],[-120.00118800021619,39.59111300000501],[-120.00119500021617,39.59081000000543],[-120.00119800021616,39.590693000005615],[-120.00121000021613,39.59016100000645],[-120.00147600021575,39.57885600002402],[-120.00147700021574,39.578827000024035],[-120.00150000021569,39.57781600002562],[-120.00150000021569,39.57735600002633],[-120.00150200021568,39.57544400002928],[-120.00150400021568,39.57266600003362],[-120.00150500021567,39.57057000003687],[-120.0015810002156,39.56681100004272],[-120.00158500021558,39.566610000043],[-120.00158700021558,39.56653100004314],[-120.00159700021555,39.56604200004392],[-120.00159900021555,39.56592200004411],[-120.00164400021549,39.56369400004752],[-120.00194700021501,39.54872400007076],[-120.00190100021507,39.5455520000757],[-120.00184700021515,39.541785000081575],[-120.0018260002152,39.54035600008376],[-120.0018260002152,39.54033800008381],[-120.00182200021521,39.54011500008414],[-120.0018060002152,39.53900700008586],[-120.00178900021524,39.53781500008773],[-120.00177400021528,39.53677200008934],[-120.0017400002153,39.53444400009295],[-120.00173600021532,39.53058300009894],[-120.00176100021531,39.529186000101106],[-120.0017640002153,39.52902700010134],[-120.00177200021528,39.528550000102086],[-120.00178900021524,39.527642000103526],[-120.00179000021524,39.52756400010361],[-120.00179300021523,39.527391000103876],[-120.00182300021521,39.525693000106514],[-120.00184100021517,39.52467800010811],[-120.00185900021512,39.52351400010991],[-120.00186300021511,39.52327500011029],[-120.00187800021513,39.52240200011164],[-120.00190000021507,39.52106400011371],[-120.00191800021503,39.52009500011519],[-120.00192100021502,39.51995900011542],[-120.00192600021506,39.51970200011584],[-120.00193600021504,39.519201000116595],[-120.00201700021489,39.51499100012313],[-120.00201800021489,39.51495600012322],[-120.00206100021484,39.51268000012675],[-120.00203500021485,39.51218300012749],[-120.00203900021484,39.51189000012795],[-120.00208200021478,39.50909900013227],[-120.00210300021479,39.50864300013302],[-120.00211400021476,39.508412000133376],[-120.00212900021472,39.50748300013481],[-120.00214900021467,39.50616100013684],[-120.00215000021467,39.50609300013696],[-120.0021600002147,39.50548000013788],[-120.00215000021467,39.505420000137974],[-120.0021390002147,39.505357000138076],[-120.0021390002147,39.50533300013814],[-120.00215400021466,39.50444400013953],[-120.00215500021466,39.50436200013962],[-120.00218100021465,39.50288200014194],[-120.00218700021463,39.50256700014245],[-120.0022000002146,39.501832000143565],[-120.0022010002146,39.501774000143655],[-120.00220700021458,39.501433000144175],[-120.00220800021458,39.50135300014432],[-120.0022200002146,39.500645000145425],[-120.00228900021449,39.49637300015206],[-120.00229100021448,39.496279000152185],[-120.00229900021446,39.49579900015294],[-120.00230300021445,39.495515000153375],[-120.00231700021442,39.49465700015469],[-120.00233800021442,39.49340400015666],[-120.00237500021433,39.491087000160235],[-120.00248700021416,39.48739300016598],[-120.00249600021414,39.48708600016647],[-120.00257900021404,39.484331000170755],[-120.00259000021401,39.48396200017129],[-120.00281900021366,39.47640400018304],[-120.00282600021364,39.47460400018582],[-120.00282700021364,39.474381000186156],[-120.00283300021363,39.472717000188766],[-120.00283600021362,39.47250700018907],[-120.00283700021362,39.472446000189166],[-120.00288700021355,39.468894000194666],[-120.00288200021356,39.46887300019472],[-120.00288800021355,39.468169000195815],[-120.00288900021354,39.468041000196024],[-120.00289000021354,39.467956000196125],[-120.00289300021353,39.46758100019673],[-120.00289800021352,39.466598000198246],[-120.00289800021352,39.466509000198414],[-120.00289800021352,39.466462000198476],[-120.00289900021352,39.46629500019873],[-120.00290000021351,39.466039000199146],[-120.00290100021351,39.46592000019933],[-120.00290300021351,39.46563500019977],[-120.0029050002135,39.46518100020046],[-120.0029060002135,39.465008000200726],[-120.0029080002135,39.46463100020134],[-120.00290900021349,39.46440200020169],[-120.00302200021332,39.463468000203136],[-120.00305600021329,39.463185000203566],[-120.00321600021306,39.46185700020561],[-120.00338300021275,39.45684900021337],[-120.00339000021279,39.45662500021376],[-120.00377300021216,39.445056000231716],[-120.00377800021215,39.444890000231965],[-120.00379400021211,39.4443950002327],[-120.00380000021215,39.44423000023295],[-120.00394000021191,39.44005700023945],[-120.00408100021167,39.43585600024596],[-120.00424700021142,39.43076900025386],[-120.00435400021126,39.42753900025889],[-120.00446800021109,39.42410400026421],[-120.00449200021103,39.42336700026539],[-120.00456200021097,39.421239000268656],[-120.00469200021075,39.417353000274716],[-120.0047740002106,39.41485500027858],[-120.00484500021048,39.412728000281845],[-120.00492800021038,39.41019700028579],[-120.00518100020997,39.40260600029757],[-120.00526500020987,39.40007600030151],[-120.00534000020974,39.39779200030506],[-120.0053580002097,39.397270000305866],[-120.00547200020952,39.39384400031116],[-120.0055670002094,39.3909430003157],[-120.0056260002093,39.38918400031844],[-120.00564300020926,39.38866000031925],[-120.00569400020919,39.38710800032163],[-120.00584800020897,39.38245400032889],[-120.00586400020893,39.3819930003296],[-120.0059010002089,39.38090300033127],[-120.0059010002089,39.380890000331306],[-120.00590200020889,39.38085100033135],[-120.00590300020889,39.38083900033138],[-120.00591000020887,39.380603000331746],[-120.00593400020881,39.37989600033285],[-120.00594200020879,39.379661000333215],[-120.00596800020878,39.37886000033444],[-120.00604800020864,39.376458000338175],[-120.00607500020863,39.3756580003394],[-120.00607700020862,39.37557200033956],[-120.0060850002086,39.375315000339924],[-120.00608900020859,39.37523000034008],[-120.0061270002085,39.37410600034184],[-120.00614000020852,39.370179000347946],[-120.00619200020844,39.35502400037143],[-120.0062100002084,39.34997300037929],[-120.0062120002084,39.34910600038063],[-120.00622000020837,39.34636900038487],[-120.00623700020833,39.34149800039245],[-120.00625800020833,39.33555700040165],[-120.0062710002083,39.33195400040722],[-120.0062740002083,39.33095300040878],[-120.00627600020829,39.33068300040924],[-120.00628400020827,39.327950000413466],[-120.00628800020826,39.32694900041503],[-120.00629400020824,39.32485800041826],[-120.00631600020824,39.31858600042801],[-120.00632300020823,39.31649600043124],[-120.00632300020823,39.31636000043147],[-120.00632500020822,39.3159540004321],[-120.00632600020822,39.31581900043227],[-120.00632600020822,39.31558200043264],[-120.00632900020821,39.314875000433744],[-120.00633000020821,39.31463900043411],[-120.00633000020821,39.314580000434205],[-120.00633000020821,39.314405000434476],[-120.0063310002082,39.314347000434566],[-120.0063310002082,39.31426000043473],[-120.0063310002082,39.3140010004351],[-120.0063320002082,39.31391500043526],[-120.0063320002082,39.31382900043536],[-120.0063330002082,39.31357300043578],[-120.0063340002082,39.31348800043594],[-120.0063340002082,39.31338700043608],[-120.0063350002082,39.31308700043655],[-120.0063360002082,39.31298700043669],[-120.00635000020816,39.308751000443294],[-120.0063930002081,39.29604200046299],[-120.00640800020807,39.29180700046959],[-120.00640800020807,39.29167600046975],[-120.00640900020807,39.291285000470396],[-120.00641000020806,39.29115500047055],[-120.00641000020806,39.29103500047074],[-120.00641000020806,39.29067400047131],[-120.00641100020806,39.2905550004715],[-120.00641600020805,39.28950100047314],[-120.00641900020804,39.28860900047454],[-120.00643900020805,39.28277300048359],[-120.00644600020803,39.28082800048662],[-120.00644600020803,39.28057700048697],[-120.00644800020802,39.27982400048819],[-120.00645000020802,39.27957400048854],[-120.00645200020801,39.27889700048962],[-120.006456000208,39.27772900049143],[-120.00647300020796,39.27287800049896],[-120.006455000208,39.27219400050001],[-120.00640800020807,39.270350000502845],[-120.00629300020825,39.26590100050976],[-120.00610300020855,39.25849099947959],[-120.00592900020882,39.25255699948883],[-120.00579900020904,39.24810999949574],[-120.00578800020907,39.24774599949632],[-120.00575600020909,39.24665499949799],[-120.00574600020911,39.24629199949857],[-120.00568600020921,39.2442629995017],[-120.00568000020922,39.24403799950204],[-120.00567900020923,39.236248999514146],[-120.00569300020919,39.2332339995188],[-120.00569800020918,39.22977199952419],[-120.00566800020925,39.22935999952483],[-120.0056290002093,39.22885699952559],[-120.00561100020934,39.228334999526396],[-120.00559800020932,39.227986999526934],[-120.00557700020937,39.22742599952784],[-120.00572200020912,39.22697299952853],[-120.00572400020917,39.226445999529346],[-120.00572600020917,39.226039999529974],[-120.00572700020916,39.22582799953034],[-120.00571000020915,39.22522599953123],[-120.00563400020928,39.22260999953528],[-120.00561000020934,39.221753999536645],[-120.0055630002094,39.22002199953931],[-120.0055630002094,39.21869499954141],[-120.0055410002094,39.21802899954241],[-120.00548400020949,39.21630699954511],[-120.00453000021099,39.1874449995899],[-120.00442900021113,39.177980999604586],[-120.00429700021135,39.165602999623786],[-120.00402400021176,39.14876399964993],[-120.00402100021176,39.14847799965037],[-120.00394100021191,39.14131899966151],[-120.00383400021207,39.13162699967654],[-120.00374100021224,39.12490999968696],[-120.0036110002124,39.11984399969481],[-120.00342900021269,39.11268699970594],[-120.00328300021295,39.10588599971646],[-120.00307600021324,39.09624399973143],[-120.0028450002136,39.08548599974813],[-120.00272400021379,39.07980099975697],[-120.00271200021382,39.079243999757864],[-120.00270000021385,39.078685999758704],[-120.00265200021391,39.0764459997622],[-120.0025080002141,39.069727999772624],[-120.00246100021423,39.06748899977606],[-120.0024460002142,39.06679799977718],[-120.00240100021432,39.06472699978036],[-120.0023870002143,39.06403699978142],[-120.00226700021449,39.058462999790095],[-120.00216800021468,39.05378399979736],[-120.00194800021501,39.0435309998133],[-120.00190900021505,39.041741999816054],[-120.00186900021515,39.03984999981901],[-120.00179000021524,39.036168999824724],[-120.00169400021542,39.031705999831615],[-120.00156800021557,39.02579099984081],[-120.00140700021586,39.0183169998524],[-120.00134500021596,39.01541299985689],[-120.00132800021595,39.01463399985812],[-120.00131200021599,39.01385499985935],[-120.00128300021606,39.012525999861396],[-120.00119900021616,39.00854099986759],[-120.00117100021623,39.00721299986964],[-120.00113900021626,39.00575099987191],[-120.00104500021638,39.00136899987871],[-120.00101400021646,38.999907999880975],[-120.00101400021646,38.99984099988109],[-120.00101400021646,38.999639999881424],[-120.00101400021646,38.99957399988148],[-119.99920500021926,38.99833099988342],[-119.99378000022767,38.994602999889196],[-119.99197200023048,38.99336099989114],[-119.98891600023524,38.991259999894396],[-119.97974800024946,38.98495999990416],[-119.97669200025422,38.982859999907475],[-119.97480100025712,38.98156099990945],[-119.96913100026592,38.977663999915535],[-119.96724100026887,38.97636499991751],[-119.96698800026928,38.976190999917776],[-119.96623100027045,38.975670999918634],[-119.96597900027086,38.9754979999189],[-119.96583600027105,38.97539899991904],[-119.96540700027174,38.9751039999195],[-119.96526400027193,38.97500599991963],[-119.96512400027217,38.97490899991976],[-119.96498300027235,38.97481299991995],[-119.96247900027629,38.97309199992259],[-119.95925900028129,38.97087899992607],[-119.95412500028925,38.967349999931514],[-119.95353500029017,38.96694499993214],[-119.95243800029186,38.9661909999333],[-119.95134000029356,38.96543699993447],[-119.95100000029407,38.96520299993483],[-119.94998000029568,38.96450299993592],[-119.9496410002962,38.96426999993628],[-119.94961900029625,38.96425599993631],[-119.9489120002973,38.96379899993701],[-119.94672600030071,38.962385999939215],[-119.94599800030187,38.96191599993995],[-119.94592900030193,38.961869999940006],[-119.94521500030305,38.96140799994072],[-119.94502100030337,38.96128299994092],[-119.94322700030614,38.96007999994282],[-119.94289700030669,38.9598409999432],[-119.94214300030785,38.95929399994401],[-119.94204200030799,38.95922399994413],[-119.9418510003083,38.959088999944356],[-119.94097500030966,38.95847499994528],[-119.94056000031031,38.958182999945734],[-119.94019000031085,38.95792299994616],[-119.94006700031105,38.95783699994627],[-119.9400250003111,38.95780699994634],[-119.9398990003113,38.95771899994645],[-119.9398570003114,38.957689999946524],[-119.93963600031174,38.957534999946745],[-119.93897600031272,38.95707199994746],[-119.93879500031301,38.956944999947666],[-119.9387560003131,38.95691899994773],[-119.93871800031314,38.95689299994774],[-119.93860400031332,38.95681599994788],[-119.93856600031336,38.956790999947884],[-119.93813900031404,38.956502999948384],[-119.93686000031602,38.955641999949705],[-119.93656500031648,38.95544299994998],[-119.93649000031661,38.95539299995011],[-119.9364340003167,38.955354999950146],[-119.93630400031691,38.95526799995025],[-119.93581900031762,38.95494499995078],[-119.93580400031766,38.95493499995081],[-119.9357900003177,38.95492599995083],[-119.93386100032069,38.95364199995282],[-119.93321800032169,38.95321399995345],[-119.93310600032186,38.95313899995358],[-119.9329430003221,38.95303099995374],[-119.93212100032338,38.95248299995461],[-119.93184700032384,38.9523009999549],[-119.92839500032915,38.949921999958576],[-119.91804100034523,38.94278499996966],[-119.91459000035059,38.940405999973336],[-119.91278500035338,38.93916199997528],[-119.90737300036182,38.93543199998106],[-119.90556900036461,38.93418899998301],[-119.90531800036501,38.934015999983274],[-119.90456500036618,38.93349699998407],[-119.90431500036652,38.93332399998434],[-119.90362600036764,38.93284899998508],[-119.9015610003708,38.93142599998731],[-119.90087300037192,38.930951999988],[-119.900817000372,38.930912999988095],[-119.90065100037225,38.93079799998827],[-119.90059600037233,38.93075999998831],[-119.90039100037262,38.93061699998856],[-119.8997760003736,38.93019099998918],[-119.8995720003739,38.930048999989424],[-119.89710600037773,38.9283359999921],[-119.88971000038924,38.92319900000007],[-119.88724500039302,38.921487000002685],[-119.87782100040766,38.914995000012766],[-119.87777300040773,38.91496200001285],[-119.87601100041047,38.91374800001472],[-119.8702040004195,38.909776000020884],[-119.86450100042833,38.90587400002693],[-119.86448900042836,38.90586600002695],[-119.8574930004392,38.90106000003442],[-119.8574550004393,38.901034000034485],[-119.85198600044777,38.897278000040274],[-119.85059200044992,38.896335000041745],[-119.85057000044998,38.89632000004178],[-119.84968400045136,38.89572000004273],[-119.84702600045546,38.89392100004551],[-119.84627500045661,38.89341300004628],[-119.84614100045684,38.89332200004645],[-119.84567000045757,38.89300300004692],[-119.84426000045977,38.89204900004842],[-119.8437900004605,38.89173100004888],[-119.8430010004617,38.891197000049715],[-119.84063700046539,38.88959700005222],[-119.83993900046647,38.88912500005296],[-119.83984900046659,38.889064000053054],[-119.83954700046706,38.888859000053344],[-119.83828500046906,38.8880060000547],[-119.83514200047392,38.88587900005797],[-119.83363800047624,38.88486100005957],[-119.83359600047635,38.88483300005959],[-119.83244500047812,38.88405300006082],[-119.83200400047878,38.88374000006132],[-119.83196800047887,38.88371500006133],[-119.83118700048004,38.883161000062216],[-119.8303710004813,38.882584000063105],[-119.82208400049421,38.876686000072255],[-119.82106100049577,38.875957000073356],[-119.82095800049592,38.87589400007346],[-119.81670900050256,38.87301900007793],[-119.81420000050645,38.87132500008056],[-119.81352300050747,38.87086100008128],[-119.8105440005121,38.86882300008443],[-119.80352499948134,38.8640200000919],[-119.80259699948277,38.8633760000929],[-119.79745299949076,38.859836000098426],[-119.79736799949086,38.85977600009852],[-119.79094199950089,38.855350000105375],[-119.79079399950109,38.85524800010552],[-119.78674999950738,38.85245600010984],[-119.78668999950747,38.85241500010994],[-119.77912899951917,38.847196000118004],[-119.77902699951937,38.847126000118124],[-119.76966799953391,38.84066100012819],[-119.7648329995414,38.837323000133324],[-119.76463099954168,38.837183000133564],[-119.76355099954338,38.83643700013471],[-119.76050299954812,38.83433400013797],[-119.76040799954825,38.83426800013808],[-119.75761799955256,38.83234100014107],[-119.75742899955287,38.83221000014129],[-119.75673599955394,38.83173100014204],[-119.7546569995572,38.83029700014424],[-119.75396499955826,38.829819000144994],[-119.75390299955836,38.829776000145046],[-119.75100699956283,38.82777800014816],[-119.75003099956439,38.82706600014927],[-119.74997699956447,38.82702900014931],[-119.74435599957314,38.823180000155276],[-119.74404999957363,38.82296800015564],[-119.741907999577,38.821486000157904],[-119.72932399959649,38.81279000017145],[-119.72679299960043,38.81104000017416],[-119.72590399960183,38.81042500017509],[-119.70381399963611,38.795158000198796],[-119.69556099964893,38.78945300020763],[-119.69550499964902,38.789415000207725],[-119.69546799964905,38.789389000207734],[-119.69545799964908,38.78938200020775],[-119.69538199964921,38.789330000207826],[-119.69534599964925,38.78930500020789],[-119.69529099964933,38.78926700020793],[-119.69176499965482,38.78682700021176],[-119.69143499965531,38.7866010002121],[-119.69100899965599,38.78630700021256],[-119.68923099965872,38.78507800021447],[-119.68389699966701,38.78139100022014],[-119.6821199996698,38.780163000222046],[-119.68147899967079,38.77972000022277],[-119.67955799967376,38.77839200022481],[-119.67891799967475,38.77795000022553],[-119.67854999967534,38.77769500022589],[-119.67744599967705,38.77693200022708],[-119.67707799967758,38.77667800022749],[-119.67506799968072,38.77528800022964],[-119.66903799969009,38.77112100023612],[-119.66702899969317,38.76973300023826],[-119.66696699969327,38.76969000023831],[-119.66678099969357,38.769561000238525],[-119.66671999969367,38.769519000238574],[-119.66662599969385,38.76945400023868],[-119.66601799969476,38.769034000239344],[-119.66391399969802,38.767580000241594],[-119.66321299969911,38.76709600024236],[-119.66107699970246,38.76559500024467],[-119.65657899970944,38.76243600024958],[-119.64211299973186,38.75249700026501],[-119.63833899973775,38.749904000269055],[-119.63504699974283,38.74735500027299],[-119.634291999744,38.7467700002739],[-119.63423899974407,38.746729000273945],[-119.6335859997451,38.746270000274706],[-119.6314639997484,38.74477900027699],[-119.63075699974951,38.74428200027779],[-119.62977799975101,38.74359400027885],[-119.62684199975558,38.74153000028201],[-119.6260039997569,38.74094100028293],[-119.62586299975709,38.740845000283116],[-119.62460999975906,38.739993000284414],[-119.62186599976332,38.73812600028731],[-119.62085399976485,38.73743700028837],[-119.61960199976681,38.73658600028972],[-119.61319899977673,38.732230000296454],[-119.6093699997827,38.72962500030053],[-119.6002729997968,38.723380000310215],[-119.59430099980608,38.71928000031659],[-119.59403699980652,38.719099000316874],[-119.59021199981242,38.716473000320946],[-119.5876469998164,38.71472700032365],[-119.58750799981664,38.71469500032367],[-119.58747399981667,38.71468800032369],[-119.58742199981674,38.714644000323744],[-119.58717399981714,38.7144360003241],[-119.5870659998173,38.714345000324215],[-119.58543699981982,38.713212000325996],[-119.55889899986101,38.69476100035462],[-119.55872599986128,38.69464100035481],[-119.55257899987083,38.69035300036148],[-119.55199199987175,38.68994400036212],[-119.5516349998723,38.68970000036251],[-119.5501039998747,38.688650000364134],[-119.548603999877,38.687623000365704],[-119.54852799987714,38.68757000036578],[-119.54816699987771,38.68732300036618],[-119.54808899987779,38.687270000366254],[-119.54793299987807,38.68716300036641],[-119.54776699987832,38.687049000366585],[-119.54765899987848,38.686975000366715],[-119.54759999987857,38.68693400036676],[-119.5473799998789,38.686785000367024],[-119.54658599988016,38.686241000367886],[-119.54629299988062,38.68603900036817],[-119.54271199988614,38.68358700037197],[-119.54086399988904,38.68232100037392],[-119.53064699990489,38.67532100038483],[-119.53062299990495,38.67530500038481],[-119.51180999993414,38.66241500040485],[-119.51152899993457,38.662222000405166],[-119.51146999993466,38.66218200040521],[-119.50099999995092,38.654374000417306],[-119.500921999951,38.65432200041738],[-119.49503499996018,38.65041700042349],[-119.49495799996026,38.65036600042356],[-119.4945709999609,38.65013300042392],[-119.4941759999615,38.64986200042432],[-119.49406899996166,38.64975800042447],[-119.49401999996172,38.64973500042453],[-119.4934699999626,38.64932700042516],[-119.49256499996397,38.648768000426],[-119.49253699996405,38.64875000042605],[-119.49174699996524,38.64822600042686],[-119.49156699996553,38.648107000427046],[-119.48805799997098,38.64568500043083],[-119.47756899998728,38.63837000044214],[-119.47725699998779,38.63815200044252],[-119.47368699999328,38.635668000446344],[-119.47223999999557,38.634663000447915],[-119.4643560000078,38.6295190004559],[-119.46430500000787,38.62948600045593],[-119.46402700000829,38.629304000456216],[-119.46398400000834,38.62927600045629],[-119.46128200001255,38.62753300045898],[-119.45923100001573,38.62615700046115],[-119.45913100001587,38.62608900046121],[-119.45740500001858,38.624910000463046],[-119.45382300002416,38.62243300046691],[-119.4537830000242,38.62240500046693],[-119.45376900002424,38.62239500046695],[-119.45063400002908,38.619981000470716],[-119.45065500002903,38.61996800047075],[-119.4486110000322,38.61853400047295],[-119.43506400005327,38.60903700048772],[-119.43379100005524,38.60820000048898],[-119.4284450000635,38.60435000049495],[-119.428134000064,38.60412600049534],[-119.4278900000644,38.603950000495615],[-119.42730200006531,38.60352600049623],[-119.40139000010555,38.58487099948354],[-119.40121700010582,38.584745999483744],[-119.39933500010869,38.58345299948576],[-119.39894300010934,38.583170999486185],[-119.38796200012638,38.57530099949838],[-119.37954300013945,38.56930199950773],[-119.37940300013963,38.56920499950786],[-119.37912300014011,38.56901199950818],[-119.37862000014087,38.56866299950872],[-119.37599400014494,38.56679299951162],[-119.3703000001538,38.563390999516855],[-119.37011700015404,38.563280999517076],[-119.36034100016923,38.55669999952727],[-119.36026500016936,38.55664799952734],[-119.3601670001695,38.55658299952745],[-119.3570070001744,38.554455999530774],[-119.35504400017749,38.553113999532854],[-119.35491500017764,38.553024999532965],[-119.35456500017818,38.55278699953334],[-119.33342300021104,38.538327999555804],[-119.33052800021551,38.53629499955895],[-119.33005200021626,38.53596099955945],[-119.33005900021624,38.53511399956079],[-119.32819100021914,38.53387199956268],[-119.32751700022021,38.53342499956341],[-119.31226600024388,38.523285999579116],[-119.30878000024927,38.520843999582894],[-119.30269100025873,38.51658199958956],[-119.2996090002635,38.51442399959291],[-119.29839400026538,38.51360899959417],[-119.29770400026649,38.51312199959489],[-119.27955200029464,38.50031299961478],[-119.27790200029722,38.499216999616465],[-119.27680300029891,38.49844699961767],[-119.26867300031154,38.492747999626545],[-119.26765500031308,38.4920589996276],[-119.26437300031819,38.489734999631196],[-119.26399200031881,38.489466999631645],[-119.2605650003241,38.48706399963538],[-119.25898400032656,38.4859549996371],[-119.25038900033991,38.47992599964641],[-119.2500610003404,38.47969499964677],[-119.24047400035528,38.472971999657204],[-119.23998500035606,38.472628999657786],[-119.23965100035656,38.47236499965817],[-119.23708600036053,38.47056499966095],[-119.2345500003645,38.46870799966382],[-119.23411700036519,38.4684049996643],[-119.23380500036563,38.468188999664676],[-119.23218400036819,38.46706099966639],[-119.23216400036819,38.46704799966642],[-119.23162300036904,38.46666999966703],[-119.22972700037195,38.465350999669056],[-119.21281100039823,38.45357999968735],[-119.21270300039839,38.45350599968742],[-119.2123890003989,38.453263999687806],[-119.21146400040033,38.45260799968884],[-119.20991800040275,38.45150899969053],[-119.2079240004058,38.450111999692695],[-119.20767900040619,38.44993999969296],[-119.2067830004076,38.449311999693975],[-119.20674500040764,38.44928499969399],[-119.20672300040769,38.44929899969395],[-119.20510900041018,38.44816999969572],[-119.2050390004103,38.448118999695794],[-119.20409200041178,38.447438999696885],[-119.20355300041263,38.44704999969747],[-119.20349000041273,38.447005999697524],[-119.20340400041283,38.44694499969762],[-119.20284700041373,38.44655499969821],[-119.19809300042107,38.44322299970338],[-119.19805300042117,38.44322399970338],[-119.1954180004252,38.44140399970621],[-119.18552000044059,38.43455699971685],[-119.18365700044347,38.43326799971885],[-119.18181000044638,38.43196899972088],[-119.1761070004552,38.42796099972708],[-119.16455100047312,38.419833999739694],[-119.16149500047788,38.41767999974303],[-119.16135100047813,38.41758299974322],[-119.16108700047852,38.41739699974352],[-119.16095600047873,38.41730599974363],[-119.16040200047956,38.41691499974422],[-119.16020600047989,38.416769999744474],[-119.15732700048437,38.414749999747585],[-119.15590700048654,38.413752999749136],[-119.15556400048712,38.41376299974911],[-119.15226400049221,38.41146799975269],[-119.14155100050885,38.4040079997643],[-119.14153700050889,38.40399799976427],[-119.12819899948789,38.394712999778676],[-119.12809999948809,38.39464399977879],[-119.12787799948842,38.39448899977907],[-119.12742099948912,38.39417099977953],[-119.12671699949021,38.393680999780315],[-119.12667799949025,38.39365399978033],[-119.12598199949133,38.393169999781094],[-119.12448699949368,38.39190099978305],[-119.12428199949397,38.391726999783316],[-119.1002459995313,38.374915999809446],[-119.09715899953608,38.37285099981261],[-119.09679999953664,38.372577999813075],[-119.0881139995501,38.36600499982325],[-119.08243799955892,38.3613319998305],[-119.08235799955906,38.361266999830605],[-119.07426799957159,38.3556849998393],[-119.0742219995717,38.35565299983932],[-119.06727799958247,38.350870999846734],[-119.05719899959809,38.343913999857534],[-119.0434899996194,38.33444999987222],[-119.03174299963763,38.32633099988482],[-119.03172099963768,38.326315999884855],[-119.03170599963767,38.32630599988488],[-119.03059999963938,38.32554099988607],[-119.03045899963962,38.325443999886204],[-119.03034999963978,38.32536899988634],[-119.0303399996398,38.325361999886354],[-119.03032699963984,38.32535299988638],[-119.03029899963985,38.32533399988637],[-119.0299719996404,38.32510799988677],[-119.02987199964053,38.32503899988683],[-119.02981299964063,38.32499799988693],[-119.02978299964064,38.324977999886926],[-119.02976699964069,38.324961999886966],[-119.02975699964071,38.324950999886994],[-119.02960099964093,38.324787999887235],[-119.0294269996412,38.324604999887526],[-119.02875199964228,38.32404099988838],[-119.02869099964238,38.32404699988837],[-119.02827099964298,38.32373599988887],[-119.02815599964322,38.323650999889026],[-119.02806899964332,38.32358699988913],[-119.01368899966565,38.312971999905585],[-119.0119009996684,38.31165199990761],[-119.0112149996695,38.31114599990843],[-119.01114199966958,38.31109199990851],[-119.01108899966971,38.311052999908554],[-119.01107699966968,38.31104399990858],[-119.01071199967026,38.31077499990897],[-119.0054619996784,38.306899999915004],[-119.00529599967865,38.30677999991519],[-119.00097499968535,38.30367499992002],[-118.94970999976493,38.26896499997389],[-118.94967299976503,38.26893999997395],[-118.94935599976549,38.268717999974285],[-118.94917999976576,38.26859499997448],[-118.94533899977176,38.26590399997866],[-118.94502399977222,38.26568299997899],[-118.94497899977227,38.26565199997901],[-118.9449679997723,38.265643999979034],[-118.93301999979087,38.25727299999204],[-118.92251799980716,38.249919000003445],[-118.91521399981849,38.24465100001163],[-118.91034599982606,38.24114200001708],[-118.9012969998401,38.23466200002713],[-118.90101399984053,38.23445900002747],[-118.8955009998491,38.23051200003357],[-118.89062899985669,38.227025000038964],[-118.89015699985737,38.22668700003953],[-118.89014799985739,38.22668000003955],[-118.89013399985743,38.22667000003952],[-118.89011799985747,38.22665900003955],[-118.8900439998576,38.226606000039624],[-118.8880899998606,38.22520700004179],[-118.88793199986083,38.22509400004196],[-118.87587299987956,38.216456000055416],[-118.86201699990107,38.20685900007027],[-118.8604499999035,38.205773000071986],[-118.85929399990528,38.20495700007325],[-118.85908399990564,38.20480900007345],[-118.85896299990583,38.204722000073616],[-118.85643499990971,38.20290500007644],[-118.8563119999099,38.20281700007655],[-118.85613199991019,38.202687000076764],[-118.85482399991224,38.20174600007823],[-118.85464899991251,38.201620000078435],[-118.83692099994005,38.18885300009822],[-118.83625999994103,38.18837700009897],[-118.83601399994143,38.18820000009924],[-118.83533599994246,38.18771100010002],[-118.81602199997246,38.17380200012161],[-118.81581199997277,38.17365100012182],[-118.7977140000009,38.160617000142054],[-118.79762400000101,38.16055100014216],[-118.79103200001123,38.155773000149566],[-118.7844410000215,38.150995000157025],[-118.78317800002344,38.150080000158425],[-118.78231900002476,38.14945700015937],[-118.78227600002486,38.14942600015945],[-118.78225400002486,38.149410000159435],[-118.78224400002489,38.14940300015945],[-118.78218700002498,38.149362000159556],[-118.78201100002525,38.14923400015971],[-118.78191500002538,38.14916400015983],[-118.78183800002552,38.14910800015991],[-118.78104500002678,38.1485320001608],[-118.77755100003219,38.14599600016476],[-118.7773630000325,38.14586000016499],[-118.77186700004103,38.141871000171136],[-118.77182200004108,38.14184100017121],[-118.75222500007152,38.12877300019147],[-118.74659800008021,38.12492600019749],[-118.7439880000843,38.12308500020032],[-118.74137800008833,38.121244000203205],[-118.73921600009169,38.11972100020557],[-118.73705300009505,38.11819800020788],[-118.73419200009948,38.11617800021105],[-118.73133200010392,38.11415700021416],[-118.73080100010475,38.11378300021477],[-118.73031000010553,38.1134360002153],[-118.72981900010626,38.113090000215834],[-118.7231800001166,38.10842000022308],[-118.71654100012688,38.10375000023032],[-118.71652300012693,38.10373700023035],[-118.7153720001287,38.1029280002316],[-118.71425700013043,38.10214400023284],[-118.71420100013052,38.10210500023288],[-118.71196200013401,38.100475000235406],[-118.7117590001343,38.100327000235666],[-118.68636000017375,38.081835000264334],[-118.68593800017436,38.08156500026479],[-118.66819700020193,38.06859400028492],[-118.666217000205,38.06714600028715],[-118.66423700020806,38.065699000289385],[-118.65235500022652,38.05701900030289],[-118.64832400023278,38.05407900030741],[-118.64830400023277,38.05406400030745],[-118.64822300023292,38.05400500030754],[-118.64819400023299,38.053984000307594],[-118.64814000023307,38.053945000307635],[-118.64791400023341,38.05378000030788],[-118.64747200023407,38.05345700030841],[-118.64509200023781,38.05172000031109],[-118.64508100023778,38.05171200031111],[-118.64092900024423,38.04868000031581],[-118.6364320002512,38.04539600032092],[-118.62596300026746,38.0377400003328],[-118.62167600027414,38.0344380003379],[-118.57533900034605,38.002277000387835],[-118.57517500034629,38.00216300038801],[-118.57512300034637,38.0021270003881],[-118.5751100003464,38.002118000388066],[-118.57510100034642,38.00211200038808],[-118.57507800034648,38.00209600038812],[-118.57506800034645,38.00208900038814],[-118.57500300034656,38.002044000388196],[-118.57393400034823,38.00130200038933],[-118.57195800035129,37.99993000039149],[-118.55472700037802,37.987572000410694],[-118.55410400037903,37.98712500041137],[-118.55348100037997,37.98667800041204],[-118.55011800038523,37.9842660004158],[-118.54675500039042,37.98185400041956],[-118.54609100039147,37.981379000420304],[-118.5449140003933,37.98053700042158],[-118.54307300039613,37.97922000042365],[-118.54149400039859,37.97809000042537],[-118.53991600040104,37.97696100042714],[-118.53684900040582,37.97476300043053],[-118.53378200041055,37.972565000433974],[-118.53209400041317,37.97135600043583],[-118.5304180004158,37.970160000437716],[-118.53040700041578,37.97014700043769],[-118.52773600041996,37.96823200044071],[-118.52506500042409,37.966318000443664],[-118.52232700042833,37.96434100044672],[-118.52228300042839,37.964309000446804],[-118.52223500042851,37.964274000446835],[-118.51722300043627,37.96065400045245],[-118.51718400043632,37.960626000452464],[-118.51630100043769,37.95987400045368],[-118.50096400046152,37.949023000470504],[-118.49604300046911,37.94514600047654],[-118.49558800046987,37.944819000477025],[-118.49257300047452,37.942651000480396],[-118.48906000047998,37.940119000484344],[-118.48682100048347,37.93850500048683],[-118.4864180004841,37.938215000487276],[-118.48220300049064,37.935174000492],[-118.48218600049063,37.93516200049203],[-118.48217100049067,37.935151000492056],[-118.4821590004907,37.93514200049202],[-118.48214500049073,37.93513200049205],[-118.47540600050115,37.930270000499604],[-118.47368100050386,37.92903300050153],[-118.47359500050396,37.92897100050163],[-118.47074000050839,37.92692500050481],[-118.46209999948013,37.920695000514456],[-118.46196899948035,37.92060400051463],[-118.46183799948057,37.92051200051475],[-118.46157999948099,37.92033200051503],[-118.46133299948133,37.92016200051529],[-118.46132199948136,37.920152000515316],[-118.45205999949576,37.913452999484036],[-118.45204899949573,37.91344499948406],[-118.45202999949578,37.91343099948409],[-118.45197999949585,37.913394999484126],[-118.45192299949593,37.91335399948423],[-118.45171399949629,37.91320299948444],[-118.45065399949794,37.912436999485635],[-118.44406599950815,37.90769099949301],[-118.4391259995158,37.90413299949853],[-118.43726299951868,37.90277599950065],[-118.43517799952195,37.901288999502924],[-118.43392899952386,37.90039099950434],[-118.42814399953284,37.89621999951078],[-118.40657099956633,37.880677999534896],[-118.40653399956642,37.880650999534964],[-118.40400199957031,37.878777999537874],[-118.40386599957054,37.878681999538],[-118.39853099957884,37.8748829995439],[-118.38019499960728,37.86171999956434],[-118.37752499961141,37.85980299956731],[-118.37593599961389,37.858662999569106],[-118.37257199961914,37.856011999573184],[-118.36686799962797,37.851911999579556],[-118.36116099963681,37.847809999585934],[-118.35916299963992,37.84637599958819],[-118.35716499964303,37.84494099959039],[-118.35387799964815,37.842577999594084],[-118.35058999965327,37.84021599959772],[-118.3445719996626,37.835888999604435],[-118.33854699967196,37.831561999611154],[-118.33457799967812,37.82870999961557],[-118.33220399968178,37.827004999618225],[-118.32860999968739,37.82442299962224],[-118.32765599968883,37.82373899962329],[-118.31856899970296,37.81725799963334],[-118.31368399971052,37.813742999638805],[-118.31335399971101,37.813505999639176],[-118.31308899971145,37.81331499963949],[-118.31037499971569,37.811361999642486],[-118.3103489997157,37.811342999642534],[-118.30999999971624,37.81109199964294],[-118.30158899972929,37.80503999965231],[-118.29673799973682,37.80155299965776],[-118.29650899973717,37.801388999658],[-118.29630499973752,37.8012429996582],[-118.29571699973843,37.80081199965889],[-118.29538899973892,37.80058299965924],[-118.29050099974648,37.797067999664705],[-118.2892919997484,37.79619799966605],[-118.28506099975493,37.79315599967077],[-118.28477699975542,37.792952999671115],[-118.28394999975666,37.79235799967199],[-118.27881399976468,37.78866299967774],[-118.27860699976497,37.788513999678],[-118.27809899976575,37.78814799967853],[-118.27808399976578,37.78813699967856],[-118.27806799976582,37.788125999678584],[-118.27805099976581,37.788113999678615],[-118.27803499976585,37.788101999678645],[-118.27800399976593,37.788079999678644],[-118.2745279997713,37.785577999682516],[-118.27362499977272,37.78492799968353],[-118.27339899977306,37.78476499968377],[-118.27121899977647,37.78319599968626],[-118.27121199977643,37.78318099968624],[-118.27116599977654,37.78315999968629],[-118.26976599977871,37.78215199968787],[-118.26263499978978,37.77702099969582],[-118.25988699979405,37.77504499969888],[-118.25713899979831,37.773068999701934],[-118.25682299979877,37.77284199970228],[-118.25650699979929,37.77261499970268],[-118.25358099980383,37.770511999705946],[-118.25175599980668,37.769197999707956],[-118.2509559998079,37.76862199970884],[-118.24820299981218,37.76657399971202],[-118.24497199981721,37.76416999971576],[-118.2447649998175,37.76401899971597],[-118.24470899981759,37.76397999971607],[-118.24469299981763,37.7639689997161],[-118.24468099981766,37.763959999716064],[-118.2446419998177,37.76393099971614],[-118.24409799981856,37.763536999716734],[-118.24349099981947,37.76309599971745],[-118.24321199981989,37.76288299971776],[-118.24300399982025,37.762742999718],[-118.24295499982031,37.762706999718034],[-118.24268599982071,37.762511999718356],[-118.24237199982122,37.762283999718704],[-118.24189699982196,37.761938999719234],[-118.23954599982562,37.76023299972189],[-118.23922699982609,37.76000199972225],[-118.23803099982797,37.75913399972359],[-118.2337619998346,37.756036999728394],[-118.23369199983472,37.755986999728464],[-118.23345199983504,37.75581299972873],[-118.23282499983605,37.755357999729426],[-118.2326379998363,37.755221999729656],[-118.22982799984067,37.753182999732815],[-118.22978499984077,37.7531499997329],[-118.22971799984089,37.75308499973295],[-118.22968699984091,37.75305599973302],[-118.22963999984097,37.753011999733076],[-118.22543899984748,37.74999299973774],[-118.21360999986587,37.741564999750835],[-118.21350699986601,37.741490999750965],[-118.21126199986952,37.739865999753476],[-118.20862799987361,37.73795599975648],[-118.20117699988515,37.73255799976482],[-118.20107799988534,37.73248599976495],[-118.1932249998975,37.72676599977382],[-118.19247799989864,37.72622299977468],[-118.19215499989917,37.72598899977504],[-118.19171899989982,37.725688999775514],[-118.19170799989985,37.725680999775534],[-118.19134399990043,37.725401999775954],[-118.18942699990339,37.724029999778054],[-118.18939799990346,37.72400899977811],[-118.18791699990572,37.722919999779776],[-118.18661899990775,37.72198099978124],[-118.18540699990962,37.7211029997826],[-118.18534399990972,37.72105799978266],[-118.18520599990995,37.72095699978286],[-118.18469799991072,37.720546999783494],[-118.18449399991107,37.720399999783695],[-118.18316199991312,37.71943599978522],[-118.18241999991426,37.718898999786006],[-118.18034499991751,37.717397999788375],[-118.1801599999178,37.71744499978831],[-118.17908099991945,37.71657799978965],[-118.17790599992128,37.71563499979112],[-118.17784399992138,37.7156219997911],[-118.1777139999216,37.71556799979123],[-118.17747799992196,37.71548899979132],[-118.17578799992458,37.71418799979335],[-118.17393899992743,37.71276599979558],[-118.17375399992773,37.71262999979575],[-118.16791299993679,37.70840599980232],[-118.16578399994012,37.70686699980473],[-118.16405599994278,37.705617999806634],[-118.16403099994284,37.70559999980668],[-118.16401999994281,37.7055919998067],[-118.16301099994439,37.7048629998078],[-118.16290199994455,37.704783999807944],[-118.16237499994537,37.70440299980851],[-118.16129099994708,37.70361899980975],[-118.16116699994728,37.703530999809914],[-118.16054299994823,37.7030789998106],[-118.15998499994907,37.70267499981122],[-118.15949299994986,37.70231899981178],[-118.15766299995272,37.70099399981382],[-118.15710499995356,37.70058999981444],[-118.15397699995845,37.69832899981799],[-118.15139099996242,37.69645899982089],[-118.15084799996328,37.69607599982146],[-118.15073299996345,37.69598299982158],[-118.13824699998287,37.686980999835555],[-118.13791699998336,37.68674099983593],[-118.13454499998858,37.68429599983972],[-118.13355499999011,37.68354299984094],[-118.13130199999364,37.681942999843386],[-118.1311699999938,37.68184899984357],[-118.1306719999946,37.68148699984408],[-118.13017899999534,37.68113999984462],[-118.13017299999535,37.681124999844656],[-118.13014099999543,37.681101999844714],[-118.12938999999659,37.680554999845526],[-118.12937799999662,37.68054699984555],[-118.12935599999662,37.68053099984559],[-118.12827099999834,37.679743999846835],[-118.12584900000206,37.67798599984951],[-118.1234670000058,37.6762689998522],[-118.12344200000581,37.67625099985224],[-118.11959200001178,37.67347699985652],[-118.11349900002125,37.669080999863354],[-118.10740700003072,37.664686999870185],[-118.10725000003094,37.664573999870356],[-118.10194300003917,37.66075199987631],[-118.10187900003928,37.66070599987637],[-118.10104600004058,37.66010899987731],[-118.09918300004347,37.65876599987939],[-118.09731700004636,37.65742199988148],[-118.09727800004646,37.65739399988149],[-118.0894290000586,37.651742999890246],[-118.08934800005875,37.65168599989039],[-118.08368900006752,37.6476099998967],[-118.08354800006776,37.647507999896845],[-118.08321600006826,37.64726899989722],[-118.08319100006833,37.64725099989727],[-118.0822230000698,37.646553999898345],[-118.08217800006986,37.64651999989837],[-118.08072200007211,37.645471999899996],[-118.07685100007814,37.642683999904364],[-118.07457500008167,37.64104699990685],[-118.07351600008332,37.64028499990803],[-118.07245700008497,37.63952299990922],[-118.07221300008536,37.63934699990949],[-118.0720240000856,37.63921099990972],[-118.07199000008569,37.639185999909785],[-118.07083600008747,37.63835599991103],[-118.06974000008915,37.637564999912286],[-118.06920500009,37.63717999991286],[-118.06809200009172,37.63637899991414],[-118.06782300009218,37.6361869999144],[-118.06724300009307,37.63576899991506],[-118.0668960000936,37.63551899991546],[-118.06680500009372,37.63545299991557],[-118.0648830000967,37.6340689999177],[-118.06371400009851,37.63322699991903],[-118.06311500009946,37.632795999919665],[-118.05992500010439,37.63049899992325],[-118.05886000010605,37.629731999924445],[-118.05878900010617,37.62968099992452],[-118.05494300011213,37.626912999928834],[-118.05472100011247,37.62675299992907],[-118.05461000011269,37.62667299992921],[-118.05430800011311,37.62645599992953],[-118.05425400011319,37.626416999929575],[-118.05324800011476,37.62569299993072],[-118.05218900011641,37.62492999993191],[-118.05159800011734,37.624473999932604],[-118.05135800011772,37.6242899999329],[-118.05134700011774,37.62428199993292],[-118.05100600011826,37.62402099993329],[-118.05011900011965,37.62333699993434],[-118.04971900012026,37.62302999993483],[-118.04840800012227,37.62200499993645],[-118.04709900012432,37.62098099993801],[-118.04575200012641,37.61992799993965],[-118.04442400012846,37.618869999941296],[-118.04441500012848,37.618862999941314],[-118.04416400012889,37.61868599994159],[-118.04392500012926,37.61850099994189],[-118.04190300013238,37.616918999944346],[-118.04133200013325,37.61647299994502],[-118.04033200013481,37.61569099994625],[-118.04030200013489,37.61566699994626],[-118.04026400013493,37.615635999946335],[-118.04021800013498,37.61559899994637],[-118.0399630001354,37.61538899994673],[-118.03991200013547,37.61534699994678],[-118.03989400013552,37.61533199994682],[-118.03748100013922,37.613537999949585],[-118.03476200014347,37.611576999952604],[-118.03324000014584,37.610478999954296],[-118.03311200014605,37.61038699995447],[-118.03265600014674,37.61005799995496],[-118.03204100014767,37.609613999955684],[-118.03189700014792,37.60950999995583],[-118.02860000015306,37.607123999959526],[-118.02803700015392,37.60671599996016],[-118.02455000015931,37.60419399996408],[-118.0245120001594,37.6041649999641],[-118.02404500016013,37.603808999964656],[-118.02365200016072,37.6035429999651],[-118.0232860001613,37.60327599996549],[-118.01953300016709,37.60056099996973],[-118.01952200016711,37.60055299996975],[-118.01950800016715,37.60054199996972],[-118.0194870001672,37.60052699996976],[-118.0194660001672,37.6005119999698],[-118.01940900016729,37.60047099996984],[-118.01920000016764,37.60031999997011],[-118.01626500017215,37.59819599997337],[-118.01512600017395,37.59736999997466],[-118.0141920001754,37.596696999975734],[-118.01326200017684,37.596021999976756],[-118.01246600017805,37.59544599997764],[-118.01242000017817,37.59541199997773],[-118.01041700018123,37.593962999979965],[-118.00987500018209,37.59357099998056],[-118.00933100018295,37.593178999981205],[-118.00908200018335,37.59299699998144],[-118.00882900018371,37.59281499998173],[-118.00810800018485,37.592291999982535],[-118.00738800018598,37.59176999998334],[-118.00733000018607,37.59173099998344],[-118.00427200019078,37.58964899998665],[-118.00115800019563,37.587528999989956],[-118.00096200019595,37.58739599999018],[-118.00009900019728,37.58677599999112],[-117.99796700020056,37.585241999993514],[-117.99583700020389,37.58370899999585],[-117.99557200020428,37.58351799999616],[-117.99267200020881,37.58127199999967],[-117.99265500020886,37.581258999999704],[-117.99175800021021,37.58056400000078],[-117.99172000021031,37.58053500000079],[-117.99161400021046,37.58045400000094],[-117.98899000021453,37.57852000000395],[-117.98790800021618,37.577723000005165],[-117.98695400021768,37.57702000000626],[-117.98682700021789,37.57693300000642],[-117.98339100022321,37.574616000009996],[-117.98311000022363,37.57443500001028],[-117.98303500022377,37.57438700001035],[-117.97954200022917,37.57214100001386],[-117.97664300023371,37.56994900001723],[-117.97595500023476,37.56942900001803],[-117.97577600023504,37.56929300001826],[-117.97543900023555,37.56903900001862],[-117.94272500028632,37.54438600005693],[-117.94266600028641,37.544342000056986],[-117.9370250002952,37.540077000063604],[-117.93597600029682,37.539313000064794],[-117.93144600030382,37.53600000006992],[-117.9237910003157,37.53025900007884],[-117.91970200032205,37.52719300008363],[-117.9156110003284,37.52412500008836],[-117.91350100033168,37.522541000090825],[-117.913304000332,37.52239300009103],[-117.91310600033228,37.52224500009129],[-117.90804100034018,37.51840600009723],[-117.90462500034545,37.51583600010122],[-117.87832300038627,37.49876400012772],[-117.87592700038999,37.49726700013008],[-117.87140700039703,37.493884000135324],[-117.86682800040415,37.490456000140625],[-117.86681100040414,37.49044500014065],[-117.86650400040463,37.49021400014101],[-117.8661440004052,37.4899460001414],[-117.85869500041679,37.48436900015008],[-117.85824100041748,37.4840290001506],[-117.85619800042065,37.482499000152984],[-117.85270800042605,37.47988700015702],[-117.85269600042608,37.47987800015704],[-117.85267500042613,37.479862000157084],[-117.85130100042824,37.478834000158656],[-117.8462510004361,37.475054000164505],[-117.8462290004361,37.47503700016455],[-117.84619400043618,37.475010000164616],[-117.84400300043956,37.47337100016716],[-117.84398900043959,37.47336100016713],[-117.84372500043997,37.47316300016746],[-117.83915700044707,37.4697420001728],[-117.83851300044807,37.4692610001735],[-117.83846000044815,37.4692220001736],[-117.83749900044967,37.46850300017468],[-117.83272600045706,37.464929000180234],[-117.83149000045898,37.46400400018166],[-117.83147500045902,37.46399300018169],[-117.82757500046506,37.46107500018621],[-117.82753300046511,37.46104400018629],[-117.82721700046562,37.46080700018666],[-117.82333200047162,37.457898000191165],[-117.82198900047376,37.456893000192736],[-117.81676400048184,37.4529820001988],[-117.81463500048517,37.451387000201294],[-117.8084750004947,37.446776000208445],[-117.80578100049888,37.444760000211545],[-117.80314700050297,37.44278800021459],[-117.80232600050425,37.44217400021557],[-117.8022230005044,37.44209700021571],[-117.80021800050753,37.44059600021802],[-117.80019300050759,37.44057700021807],[-117.80017000050759,37.44055900021806],[-117.79996100050795,37.44040300021834],[-117.79967900050838,37.440192000218644],[-117.79944300050875,37.44001500021892],[-117.79562800051463,37.437151000223366],[-117.7950150005156,37.43669100022407],[-117.78790799948496,37.43135600023237],[-117.78692899948646,37.43062100023349],[-117.77612999950327,37.4225180002461],[-117.77553999950419,37.422074000246766],[-117.77494899950506,37.42163100024743],[-117.77411599950636,37.421004000248445],[-117.77327899950768,37.4203770002494],[-117.77090999951133,37.41859800025219],[-117.77031799951226,37.41815300025286],[-117.77018099951249,37.418050000253004],[-117.77014899951251,37.418026000253064],[-117.77013099951256,37.4180130002531],[-117.77011099951261,37.41799700025308],[-117.76854599951503,37.416820000254916],[-117.76782399951617,37.41628000025577],[-117.76665799951797,37.415405000257124],[-117.76628199951853,37.41512300025755],[-117.76477099952086,37.41399000025933],[-117.7603109995278,37.41064200026449],[-117.75585099953474,37.4072940002697],[-117.75461399953667,37.406366000271134],[-117.75337699953855,37.40543700027257],[-117.75332899953867,37.40540100027266],[-117.75304999953909,37.40519200027296],[-117.75220699954036,37.404570000273964],[-117.75219699954039,37.404551000273955],[-117.75092699954234,37.40359800027545],[-117.74854799954608,37.402002000277946],[-117.74848299954618,37.40195300027801],[-117.73991899955945,37.395569000287935],[-117.73920799956056,37.395039000288705],[-117.73912499956072,37.394977000288804],[-117.73911599956068,37.39497000028882],[-117.73907499956078,37.3949390002889],[-117.73896799956094,37.39485900028899],[-117.73895399956098,37.394849000289014],[-117.73885099956112,37.39477200028915],[-117.73424899956825,37.391339000294465],[-117.73136799957274,37.38919300029778],[-117.72941299957574,37.38773500030004],[-117.72848499957723,37.387042000301165],[-117.72562499958167,37.38491100030444],[-117.72196799958732,37.38218100030866],[-117.71990099959055,37.380644000311065],[-117.71633299959609,37.377987000315215],[-117.71384299959993,37.37612700031809],[-117.71346599960054,37.37584500031852],[-117.71307299960114,37.375552000318976],[-117.71280399960153,37.37531900031934],[-117.71235799960226,37.37493100031992],[-117.70913899960726,37.37274800032333],[-117.7059199996122,37.37056400032674],[-117.70428399961474,37.36945500032846],[-117.70265099961733,37.36834400033018],[-117.70246099961759,37.36821700033039],[-117.7022709996179,37.36809000033054],[-117.69837299962393,37.36544600033466],[-117.69447499963002,37.362802000338775],[-117.69402999963069,37.36250000033925],[-117.69358499963136,37.36219900033973],[-117.69194999963389,37.36109000034145],[-117.69031499963643,37.35998100034317],[-117.68546199964396,37.35669000034824],[-117.6806099996515,37.35339900035336],[-117.68052199965166,37.35333400035347],[-117.68046399965175,37.353290000353525],[-117.68045399965177,37.35328300035354],[-117.68024099965209,37.35312400035377],[-117.68009599965234,37.353015000353935],[-117.67263799966389,37.34745100036258],[-117.67257799966399,37.34740600036264],[-117.67188499966505,37.34689000036349],[-117.66986499966822,37.34537400036584],[-117.66983399966824,37.34535100036584],[-117.66981799966828,37.34533900036587],[-117.66961699966856,37.345188000366136],[-117.66952799966873,37.345120000366194],[-117.65340999969374,37.33293400038514],[-117.64734199970314,37.32833000039227],[-117.63446799972314,37.31852600040747],[-117.62591399973644,37.31206200041754],[-117.62545699973714,37.31179000041794],[-117.61092499975967,37.30094500043481],[-117.6093159997622,37.29974400043665],[-117.60637299976673,37.29754800044003],[-117.58141799980547,37.278936000468946],[-117.56609699982926,37.26798300048597],[-117.55203499985112,37.257929000501576],[-117.55188799985132,37.257829000501715],[-117.55187799985134,37.25781600050175],[-117.55120899985235,37.25733800050244],[-117.54457599986267,37.25257200050987],[-117.54088499986841,37.24993100051398],[-117.53675199987481,37.24663200051907],[-117.53414999987888,37.24471399948038],[-117.53407599987895,37.244658999480464],[-117.52724399988955,37.23962199948829],[-117.51276599991206,37.22900199950476],[-117.50617299992228,37.224154999512336],[-117.50090899993046,37.220281999518306],[-117.50011699993166,37.22037999951817],[-117.49881199993371,37.21939899951968],[-117.4967389999369,37.21784099952208],[-117.49665599993705,37.217777999522184],[-117.49657999993718,37.21772099952227],[-117.49656299993717,37.217707999522304],[-117.49653299993724,37.21768499952236],[-117.47899599996447,37.2045029995428],[-117.47655199996825,37.20266599954567],[-117.4756999999696,37.202024999546666],[-117.4745169999714,37.20113599954806],[-117.47429499997173,37.20096899954831],[-117.46073599999278,37.190775999564096],[-117.45465100000223,37.18620199957121],[-117.44863800001161,37.181681999578245],[-117.44445500001808,37.178525999583144],[-117.43151000003814,37.16875999959831],[-117.41754300005982,37.15822299961462],[-117.40548500007856,37.14918399962869],[-117.38639900010821,37.1347479996511],[-117.37590500012448,37.12684299966338],[-117.37345100012828,37.12493199966633],[-117.37246200012981,37.12451199966699],[-117.37121900013176,37.12361399966835],[-117.35789400015244,37.113641999683864],[-117.34398300017403,37.10323199970003],[-117.32272700020701,37.08732599972467],[-117.3188300002131,37.08440899972925],[-117.30791600023002,37.07624299974191],[-117.28645700026334,37.06018499976682],[-117.28603600026395,37.05986899976733],[-117.28076200027215,37.05592299977343],[-117.26629700029463,37.045097999790244],[-117.26604600029498,37.04490999979055],[-117.25090300031849,37.03450999980669],[-117.25090300031849,37.03461799980653],[-117.2449170003278,37.03024399981331],[-117.24043500033474,37.02686999981853],[-117.22661900035621,37.016463999834684],[-117.20502700038969,37.00020199985994],[-117.20465500039029,36.99992199986036],[-117.20434600039079,36.99969399986071],[-117.20278900039318,36.998546999862526],[-117.20189900039458,36.997892999863495],[-117.2011860003957,36.99736799986431],[-117.20076300039636,36.99705699986481],[-117.20053400039671,36.996888999865064],[-117.19928400039862,36.99596899986648],[-117.19760300040122,36.99473099986841],[-117.19657000040286,36.99397099986959],[-117.19642600040305,36.99386499986974],[-117.19639100040314,36.99383899986981],[-117.19636300040315,36.99381899986986],[-117.19631000040323,36.9937799998699],[-117.19598200040377,36.99353899987028],[-117.19489400040544,36.99273799987151],[-117.19463900040586,36.99254999987181],[-117.1922320004096,36.99077799987458],[-117.19130900041102,36.99009899987561],[-117.19115400041125,36.98998499987579],[-117.19113800041129,36.98997299987582],[-117.1910500004114,36.98990899987592],[-117.19091300041163,36.989807999876064],[-117.19060600041212,36.98958199987641],[-117.18747600041695,36.98727799988001],[-117.1864790004185,36.98653999988113],[-117.18494800042089,36.98540699988291],[-117.18289100042409,36.983881999885284],[-117.17313400043923,36.976513999896724],[-117.16955000044476,36.97380599990089],[-117.16953700044479,36.973795999900915],[-117.1694950004449,36.97376399990094],[-117.1694740004449,36.97374799990098],[-117.16943600044499,36.97371999990105],[-117.16900200044563,36.97339199990154],[-117.16600100045031,36.97111099990508],[-117.15119700047325,36.95986799992255],[-117.14456100048358,36.95502099993007],[-117.14419800048415,36.954755999930455],[-117.1375700004944,36.94992899993798],[-117.13366600050051,36.947003999942524],[-117.13313200050129,36.946603999943136],[-117.13197500050313,36.94577699994443],[-117.1315920005037,36.94548799994487],[-117.12899400050776,36.943525999947894],[-117.12870100050822,36.94330399994823],[-117.12589900051256,36.94118599995153],[-117.12010099947986,36.93676199995838],[-117.11082199949425,36.929677999969385],[-117.10564399950232,36.92575199997549],[-117.10014299951087,36.921580999981984],[-117.09858099951327,36.92039699998378],[-117.09837999951361,36.92024499998405],[-117.09469999951932,36.917454999988365],[-117.08659999953187,36.9113139999979],[-117.06833599956025,36.89756800001925],[-117.06448199956623,36.894681000023695],[-117.0568289995781,36.88898900003255],[-117.03797599960734,36.87494300005437],[-117.02526899962709,36.86566200006877],[-117.02415799962881,36.86485000007002],[-117.01289999964627,36.85634900008324],[-117.00644299965631,36.85154500009065],[-117.00401099966007,36.84973500009346],[-117.00089499966492,36.847694000096624],[-116.99942699966721,36.8465850000984],[-116.99932199966736,36.846506000098486],[-116.99907999966774,36.84632300009878],[-116.99904799966777,36.84629900009884],[-116.99888199966801,36.84617400009898],[-116.99862599966843,36.8459800000993],[-116.99861399966846,36.845971000099325],[-116.99853599966855,36.84591200009942],[-116.99847499966864,36.84586600009948],[-116.99516099967383,36.84335900010336],[-116.99483599967431,36.843113000103756],[-116.98783199968517,36.83783000011198],[-116.9872389996861,36.83738300011265],[-116.98706799968636,36.837254000112864],[-116.97536199970455,36.8284150001266],[-116.97534799970458,36.82840400012657],[-116.97520099970478,36.82829300012679],[-116.96840699971534,36.82316300013474],[-116.95874699973035,36.81586900014605],[-116.95853299973066,36.81570700014629],[-116.9578769997317,36.81521300014708],[-116.95338399973866,36.81182100015235],[-116.95298499973927,36.811520000152825],[-116.9507099997428,36.80980200015546],[-116.95051799974311,36.80965700015571],[-116.95041999974325,36.80958300015578],[-116.95034799974337,36.80952900015592],[-116.95028699974347,36.80948300015598],[-116.95025999974348,36.809462000155975],[-116.95024299974352,36.80944900015601],[-116.95018199974362,36.80940300015607],[-116.95011699974373,36.80935400015619],[-116.94245399975563,36.803567000165174],[-116.92999899977497,36.79416200017977],[-116.92995199977503,36.7941260001798],[-116.92924099977614,36.79359100018064],[-116.9279079997782,36.79258800018221],[-116.89401999983079,36.76699800022192],[-116.889364999838,36.763482000227384],[-116.88067399985152,36.75692000023753],[-116.87589299985893,36.75330800024318],[-116.87425399986148,36.752081000245084],[-116.87373199986229,36.751685000245686],[-116.87232399986448,36.75061600024736],[-116.87229999986454,36.75059700024735],[-116.87228699986451,36.75058700024738],[-116.87226799986456,36.750573000247414],[-116.87221399986464,36.75053200024746],[-116.8721079998648,36.750452000247606],[-116.87144199986585,36.74994700024837],[-116.86628499987387,36.74603100025445],[-116.86387399987757,36.74420000025731],[-116.85823699988634,36.73991900026397],[-116.85664599988883,36.73871100026582],[-116.8492449999003,36.733091000274555],[-116.848165999902,36.73226400027585],[-116.84733299990324,36.73163200027682],[-116.84621899990498,36.730784000278106],[-116.84528499990643,36.73007400027922],[-116.84516199990662,36.72998000027934],[-116.8450489999068,36.7298940002795],[-116.84347199990924,36.72869800028138],[-116.84286999991019,36.728240000282085],[-116.83815499991749,36.72465700028761],[-116.83754999991845,36.72419800028837],[-116.83752199991847,36.724177000288364],[-116.83731799991881,36.72402200028864],[-116.83662799991987,36.72349800028945],[-116.83028299992975,36.71867600029691],[-116.82624999993601,36.71561200030169],[-116.82124999994375,36.71181200030759],[-116.82022299994537,36.71103300030876],[-116.81882399994754,36.70997300031041],[-116.81188599995829,36.70470000031861],[-116.81153999995882,36.70443700031899],[-116.79782599998009,36.694015000335185],[-116.79250299998836,36.68996900034148],[-116.79148799998995,36.689198000342685],[-116.78700899999689,36.68579600034798],[-116.78685899999715,36.68568200034815],[-116.78610199999832,36.68510500034904],[-116.77494000001565,36.67662400036221],[-116.76292900003426,36.66749800037633],[-116.76100500003724,36.6660360003786],[-116.76075900003764,36.6658490003789],[-116.76069800003773,36.66580300037896],[-116.76046900003809,36.66562900037923],[-116.76042800003813,36.665598000379305],[-116.7604000000382,36.66557600037936],[-116.76039100003823,36.66556900037932],[-116.76035000003827,36.6655380003794],[-116.75908000004023,36.66457300038087],[-116.75315900004944,36.66007400038785],[-116.75314800004946,36.66006600038787],[-116.75092600005291,36.65837700039049],[-116.73023200008504,36.64268300041488],[-116.7277320000889,36.64079800041782],[-116.71850700010322,36.63379700042867],[-116.71194300011342,36.6288220004364],[-116.71024800011605,36.6275350004384],[-116.70683300012132,36.624947000442376],[-116.7062820001222,36.62452700044304],[-116.69191700014449,36.613635000459965],[-116.68962900014805,36.61190100046264],[-116.67829100016564,36.60330600047598],[-116.66166800019147,36.59070600049557],[-116.65824300019676,36.58810900049957],[-116.65734900019817,36.58743800050064],[-116.65688300019889,36.58708800050118],[-116.62594100024688,36.56361799949593],[-116.61820600025891,36.55775199950506],[-116.61458500026453,36.55500499950932],[-116.60799100027475,36.55000399951706],[-116.59656600029251,36.541338999530524],[-116.59529700029447,36.54037599953199],[-116.59515100029472,36.54026599953215],[-116.59396600029652,36.53936699953357],[-116.59043000030204,36.53668699953772],[-116.58548700030968,36.53294199954354],[-116.56096700034777,36.51434599957241],[-116.55974800034966,36.513421999573836],[-116.54464700037312,36.501970999591606],[-116.54361800037469,36.501190999592836],[-116.54198300037723,36.49995199959477],[-116.53453400038882,36.494172999603734],[-116.52989700039598,36.49058099960928],[-116.52969400039632,36.49042499960956],[-116.5232020004064,36.48541999961731],[-116.52307100040656,36.48531899961745],[-116.5230540004066,36.48530599961748],[-116.52297700040674,36.48524699961757],[-116.52281600040698,36.48512299961777],[-116.52272800040714,36.48505499961789],[-116.52270300040715,36.48503599961788],[-116.5226600004072,36.48500299961796],[-116.52264800040723,36.48499299961799],[-116.52263900040725,36.484985999618004],[-116.5225990004073,36.484954999618026],[-116.52257700040735,36.48493799961807],[-116.52256700040738,36.484930999618086],[-116.51986700041158,36.48285299962129],[-116.50088200044104,36.46822299964401],[-116.48843100046037,36.45923999965794],[-116.48840200046038,36.45921899965799],[-116.48823300046064,36.459096999658186],[-116.47349600048352,36.447604999676],[-116.47257900048498,36.44686899967712],[-116.47213600048565,36.44655799967762],[-116.44522899948572,36.42552299971027],[-116.44520099948579,36.42550099971032],[-116.44235799949018,36.42328899971375],[-116.43964199949443,36.421175999717036],[-116.42229899952133,36.407681999737974],[-116.41923499952611,36.40529399974167],[-116.41870999952693,36.40488499974231],[-116.41856199952713,36.40476899974249],[-116.41852099952717,36.40473699974257],[-116.4171839995293,36.403694999744175],[-116.41686499952976,36.40344599974452],[-116.4150439995326,36.40202199974675],[-116.41500599953264,36.401991999746826],[-116.41174999953773,36.399440999750766],[-116.40464299954874,36.393911999759325],[-116.40461499954881,36.39388999975938],[-116.38034699958644,36.374960999788755],[-116.37782099959037,36.37369899979075],[-116.37589999959334,36.37258299979243],[-116.3758779995934,36.372563999792476],[-116.37542499959409,36.37217599979306],[-116.37540199959415,36.37215599979311],[-116.37530499959428,36.37207299979326],[-116.37527699959435,36.372048999793265],[-116.37525799959434,36.372032999793305],[-116.37518899959446,36.3719739997934],[-116.37501199959473,36.37182199979361],[-116.37436099959575,36.37126399979451],[-116.37390899959644,36.37087599979509],[-116.37279899959816,36.36992399979658],[-116.37122099960061,36.368713999798445],[-116.36893499960416,36.36697199980114],[-116.36564499960929,36.36446399980508],[-116.3550679996257,36.35641399981756],[-116.35503399962573,36.35638799981757],[-116.35001399963352,36.352549999823566],[-116.34999099963358,36.352531999823555],[-116.34930999963461,36.35201299982435],[-116.34921699963479,36.351941999824476],[-116.34917899963483,36.35191299982455],[-116.34915599963489,36.35189499982454],[-116.34901699963507,36.35178899982475],[-116.3455789996404,36.34916599982881],[-116.34296999964448,36.34717499983191],[-116.33595999965536,36.341832999840165],[-116.33550999965604,36.34148299984071],[-116.32780399966799,36.33560599984986],[-116.32691799966938,36.33494399985085],[-116.32113799967834,36.330531999857726],[-116.32085799967876,36.33031799985804],[-116.26182799977045,36.28533099992791],[-116.26169199977062,36.28522699992806],[-116.2508179997875,36.27693899994091],[-116.25080899978752,36.27693199994093],[-116.25078099978754,36.27691099994098],[-116.2499859997888,36.27628999994192],[-116.24997499978883,36.27628199994194],[-116.24989999978891,36.276222999942036],[-116.24966199978928,36.276036999942335],[-116.24583799979524,36.273050999946975],[-116.24132799980225,36.269592999952295],[-116.23054199981897,36.26131399996518],[-116.22891799982148,36.26006699996708],[-116.22884999982159,36.260014999967154],[-116.21931899983639,36.252700999978515],[-116.21573599984197,36.24995099998279],[-116.21505399984301,36.24945299998359],[-116.21504099984304,36.249442999983614],[-116.21263999984677,36.24759499998646],[-116.20840199985332,36.24432299999154],[-116.20498599985865,36.24168599999564],[-116.20446499985945,36.241283999996256],[-116.20432899985968,36.24117899999641],[-116.20428899985973,36.241147999996485],[-116.20424899985977,36.24111699999651],[-116.2042379998598,36.24110899999653],[-116.20422599985983,36.24109999999655],[-116.20421199985987,36.24108899999658],[-116.20381799986046,36.240784999997004],[-116.20322499986139,36.24032699999776],[-116.20268499986224,36.23990999999836],[-116.19899299986793,36.23706000000283],[-116.19726699987064,36.23572800000488],[-116.19498599987418,36.233967000007624],[-116.19409399987558,36.23327800000868],[-116.19408299987555,36.2332700000087],[-116.19403999987566,36.23323600000873],[-116.19373699987614,36.233002000009094],[-116.19122999988002,36.231067000012104],[-116.19114499988012,36.23100100001221],[-116.18965299988247,36.22984600001399],[-116.1838839998914,36.225393000020915],[-116.17646899990291,36.219670000029794],[-116.16905399991441,36.21394700003867],[-116.16872599991495,36.213694000039084],[-116.16369999992276,36.209819000045115],[-116.15937599992947,36.20648500005029],[-116.15930099992954,36.20642700005038],[-116.15928399992958,36.20641400005036],[-116.15834499993105,36.205690000051504],[-116.155786999935,36.20371800005455],[-116.15536099993568,36.203390000055094],[-116.15532599993571,36.203363000055106],[-116.15528699993581,36.20333300005518],[-116.15516999993599,36.203243000055295],[-116.1544599999371,36.202696000056164],[-116.15399599993782,36.20233800005673],[-116.14859599994617,36.19817600006314],[-116.14847999994635,36.19808600006331],[-116.14635899994965,36.19645100006585],[-116.14565199995076,36.195906000066714],[-116.13406399996876,36.18697400008057],[-116.13012199997485,36.183935000085285],[-116.12913699997637,36.18317600008646],[-116.1291229999764,36.18316800008648],[-116.12588799998144,36.18066400009036],[-116.12525299998242,36.18015600009113],[-116.1239769999844,36.179134000092745],[-116.12200899998743,36.17762800009507],[-116.11561399999738,36.1726510001028],[-116.1156079999974,36.172636000102784],[-116.11027500000569,36.16849500010926],[-116.10853100000838,36.16713800011132],[-116.10519100001358,36.16454500011537],[-116.09866900002368,36.15947300012323],[-116.09721600002592,36.15834600012499],[-116.09466000002988,36.156601000127694],[-116.09416600003067,36.156263000128206],[-116.09360100003153,36.15580500012891],[-116.09313300003225,36.1553740001296],[-116.09309900003234,36.15534900012966],[-116.09257500003315,36.15494500013028],[-116.09095200003566,36.153688000132206],[-116.08930800003822,36.15241500013417],[-116.08929400003825,36.1524040001342],[-116.08868200003917,36.151932000134934],[-116.08841300003957,36.15172400013529],[-116.08734300004124,36.15089700013658],[-116.0845580000456,36.14874100013992],[-116.08438500004587,36.14860700014009],[-116.08422000004612,36.1484790001403],[-116.08345400004731,36.14788600014123],[-116.08301300004797,36.14754500014175],[-116.0829410000481,36.14748900014183],[-116.0829140000481,36.14746900014188],[-116.08290500004813,36.1474620001419],[-116.08284300004823,36.147414000141964],[-116.08255300004868,36.1471900001423],[-116.08111800005094,36.146080000144025],[-116.08072000005154,36.14577100014452],[-116.08070700005158,36.145761000144546],[-116.08069400005155,36.145751000144514],[-116.080426000052,36.14554300014487],[-116.07969200005311,36.14497400014574],[-116.07964400005318,36.14493700014583],[-116.07619600005853,36.14227100014995],[-116.07588900005902,36.14203300015032],[-116.07278500006385,36.13963300015405],[-116.07277200006388,36.139623000154074],[-116.0725760000642,36.13947100015429],[-116.07185300006529,36.13891200015513],[-116.07162400006564,36.13873500015541],[-116.0716000000657,36.138716000155455],[-116.07155000006577,36.138678000155494],[-116.07121100006628,36.13841600015593],[-116.07069800006707,36.13801900015653],[-116.06943700006906,36.13704300015803],[-116.06830000007079,36.1361640001594],[-116.068171000071,36.13606400015959],[-116.06806100007117,36.13597900015969],[-116.06802300007126,36.13595000015977],[-116.0679220000714,36.13587200015985],[-116.06622400007404,36.134559000161914],[-116.06585600007463,36.13427400016235],[-116.06385900007768,36.13273000016477],[-116.04673900010425,36.11944100018536],[-116.04131300011272,36.11523300019189],[-116.03778800011816,36.11249800019618],[-116.03698500011944,36.11187400019713],[-116.0356920001214,36.1108700001987],[-116.03176200012751,36.10784600020338],[-116.02948200013105,36.106088000206114],[-116.02323800014074,36.10127300021355],[-116.01557700015263,36.09536500022273],[-116.01222300015786,36.09277800022676],[-116.01216300015795,36.09273200022682],[-116.01211800015801,36.092697000226906],[-116.01209100015808,36.0926760002269],[-116.01207400015807,36.092663000226935],[-116.0120610001581,36.09265300022696],[-116.01009100016114,36.09113300022932],[-116.00948100016211,36.09066300023005],[-116.00578500016786,36.08781300023446],[-116.00566600016805,36.08772100023464],[-116.00557500016816,36.0876510002347],[-116.00555000016823,36.08763200023475],[-116.00552000016825,36.087609000234806],[-116.00539800016844,36.08751500023493],[-116.0048920001692,36.08712400023552],[-116.00065500017581,36.08385700024064],[-115.9953000001841,36.07947700024744],[-115.99310700018754,36.07777100025004],[-115.98896700019395,36.07455100025504],[-115.98884400019415,36.07445700025522],[-115.98804500019537,36.07384200025615],[-115.98543600019946,36.0718050002593],[-115.9788320002097,36.06666900026727],[-115.97495900021568,36.063656000271976],[-115.96643000022891,36.05702400028224],[-115.96248900023505,36.05396000028702],[-115.95761000024265,36.05016500029291],[-115.95175900025168,36.04561400029996],[-115.94879800025632,36.04331100030356],[-115.94800200025753,36.0426920003045],[-115.94752100025829,36.0423180003051],[-115.94750500025833,36.04230600030513],[-115.94747000025836,36.042278000305146],[-115.94744700025842,36.04226000030519],[-115.9474350002584,36.042251000305214],[-115.9467250002595,36.04169800030604],[-115.94459300026284,36.040041000308634],[-115.94317100026501,36.038935000310346],[-115.94144500026772,36.03759200031243],[-115.94000800026993,36.03648200031415],[-115.93962000027057,36.036182000314625],[-115.93950700027074,36.03609500031473],[-115.93947200027077,36.0360680003148],[-115.9394610002708,36.03605900031482],[-115.93905600027142,36.03574600031527],[-115.93739000027404,36.03445900031727],[-115.93656900027531,36.03382000031826],[-115.92994300028556,36.028659000326286],[-115.92693100029027,36.026313000329935],[-115.92498800029324,36.02480000033228],[-115.92444000029411,36.02437300033296],[-115.92437900029421,36.02432500033302],[-115.92436400029425,36.02431300033305],[-115.92430500029434,36.02426700033311],[-115.9242570002944,36.02423000033315],[-115.92406600029472,36.02408100033341],[-115.92385000029503,36.023913000333664],[-115.92355600029549,36.023684000334015],[-115.92184200029817,36.02234900033608],[-115.92178800029825,36.02230700033613],[-115.92134000029893,36.02195800033667],[-115.91874300030298,36.01993600033984],[-115.91872700030297,36.01992300033987],[-115.91808700030396,36.019446000340565],[-115.91396400031039,36.01636900034538],[-115.91391400031046,36.01632900034542],[-115.91256400031256,36.01532400034699],[-115.91247800031266,36.015285000347035],[-115.91245200031273,36.01526700034708],[-115.91242300031274,36.01524600034713],[-115.91238700031283,36.01522100034714],[-115.91220100031313,36.015071000347405],[-115.91199200031343,36.01490200034766],[-115.91177400031376,36.01473300034792],[-115.9117590003138,36.01472100034795],[-115.9094300003174,36.01291700035074],[-115.90874700031844,36.01237700035159],[-115.90842100031898,36.01214400035195],[-115.90769300032008,36.01157400035282],[-115.90670100032162,36.01079800035404],[-115.90408900032571,36.008777000357156],[-115.90331500032693,36.00819100035807],[-115.90144200032984,36.006722000360355],[-115.90078500033081,36.00620000036116],[-115.90059000033114,36.00604500036138],[-115.89949800033281,36.00519700036273],[-115.89828100033469,36.00426800036416],[-115.89800300033517,36.004051000364484],[-115.89760900033576,36.003744000364975],[-115.89745200033599,36.00363000036515],[-115.896183000338,36.00264800036666],[-115.8956420003388,36.00221800036735],[-115.89515100033958,36.001832000367926],[-115.89511600033961,36.001804000368],[-115.89445900034065,36.00129000036878],[-115.89428300034092,36.00115200036896],[-115.89425600034099,36.001131000369014],[-115.89395100034142,36.00089200036939],[-115.8933980003423,36.00047000037006],[-115.89285000034317,36.00005100037072],[-115.89155400034514,35.99905700037226],[-115.8910710003459,35.998672000372835],[-115.89103700034593,35.9986450003729],[-115.8906150003466,35.998323000373375],[-115.89060400034663,35.998315000373395],[-115.89008200034743,35.997917000374],[-115.88835300035015,35.99658500037606],[-115.8874610003515,35.995892000377125],[-115.88493200035543,35.99394600038016],[-115.8840540003568,35.99326800038125],[-115.88360700035747,35.99292400038178],[-115.88355000035756,35.992863000381874],[-115.88163300036058,35.991397000384154],[-115.8738750003726,35.98539100039346],[-115.87349100037318,35.985099000393916],[-115.87262200037452,35.98443000039492],[-115.87068100037754,35.98292100039731],[-115.86915300037992,35.98172800039913],[-115.8658180003851,35.97913700040317],[-115.85767700039776,35.972803000412966],[-115.85405100040339,35.969980000417365],[-115.84599400041589,35.96370700042712],[-115.84543100041674,35.96326900042777],[-115.83593100043151,35.95587100043929],[-115.83458200043361,35.954817000440926],[-115.83421100043415,35.95452900044137],[-115.82680900044568,35.9487630004503],[-115.8264650004462,35.948496000450746],[-115.79757500049101,35.92599200048568],[-115.78928000050388,35.9195240004957],[-115.78910100050416,35.91924800049611],[-115.78450400051133,35.915799000501465],[-115.77952500051907,35.91191400050752],[-115.77513099948419,35.908455000512845],[-115.76113499950594,35.89742999948834],[-115.75821899951046,35.89516099949185],[-115.75578399951422,35.89326799949475],[-115.75567399951439,35.89318299949491],[-115.74204899953554,35.88258099951139],[-115.70906399958676,35.85686999955129],[-115.70747799958923,35.8555799995533],[-115.70282399959643,35.851940999558906],[-115.70277099959651,35.85189899955901],[-115.69573299960746,35.846480999567405],[-115.69543699960792,35.84625799956774],[-115.69512599960836,35.84600999956814],[-115.69484899960884,35.84575999956854],[-115.69476399960894,35.845638999568735],[-115.69463099960916,35.845425999569045],[-115.6945509996093,35.84533499956916],[-115.69431699960967,35.84516199956943],[-115.69397699961019,35.84489199956988],[-115.69374899961053,35.84467099957021],[-115.69364599961068,35.84457999957033],[-115.69331199961118,35.84434699957069],[-115.69297999961174,35.8440939995711],[-115.69244999961256,35.8436579995718],[-115.69205499961316,35.84336499957226],[-115.6904809996156,35.842148999574135],[-115.68993999961646,35.841707999574794],[-115.68958099961702,35.84143699957525],[-115.689567999617,35.841430999575266],[-115.68948299961716,35.84138799957532],[-115.68940799961729,35.84127899957548],[-115.68928499961743,35.841156999575674],[-115.68868599961837,35.84068499957641],[-115.68827399961901,35.84037299957686],[-115.68702899962096,35.83944399957835],[-115.68605399962246,35.83869299957951],[-115.68600099962254,35.83864999957956],[-115.6859519996226,35.8386099995796],[-115.68587899962273,35.8385499995797],[-115.68567799962307,35.838406999579945],[-115.68367899962618,35.83684199958236],[-115.68349399962642,35.836699999582606],[-115.68195999962882,35.835522999584384],[-115.68120499962998,35.83492299958533],[-115.68038099963127,35.83426699958636],[-115.6801219996317,35.834063999586704],[-115.67870699963385,35.83295599958842],[-115.67776399963532,35.83222899958952],[-115.67358899964182,35.82896399959458],[-115.67152699964504,35.82732699959712],[-115.67135999964529,35.82719499959734],[-115.67134099964528,35.82717999959738],[-115.67055499964653,35.826571999598286],[-115.67040699964673,35.82645699959846],[-115.66984199964764,35.82602299959916],[-115.668964999649,35.82534899960018],[-115.66737699965148,35.82410499960213],[-115.66721699965171,35.82398399960232],[-115.66694099965213,35.82377599960262],[-115.66505199965508,35.82227299960499],[-115.6636089996573,35.82114099960671],[-115.66309799965808,35.82075299960735],[-115.66256399965891,35.820331999608015],[-115.66238799965919,35.820192999608196],[-115.66218199965954,35.82003799960847],[-115.66163499966035,35.819626999609056],[-115.66134999966079,35.81939899960946],[-115.66055799966205,35.81876499961044],[-115.65931599966399,35.81777099961198],[-115.65921799966412,35.81769699961205],[-115.65875099966485,35.81734199961261],[-115.65856999966513,35.817202999612846],[-115.65816499966576,35.81689199961335],[-115.65813599966577,35.81687199961334],[-115.65777399966635,35.81663099961372],[-115.65779999966634,35.81656499961383],[-115.65773399966645,35.816539999613894],[-115.65766199966652,35.81647899961399],[-115.6575649996667,35.816414999614096],[-115.65735099966702,35.81623599961432],[-115.65733099966707,35.816218999614364],[-115.65707799966742,35.81603499961466],[-115.65698199966761,35.81595899961479],[-115.65620299966878,35.815341999615725],[-115.656071999669,35.815237999615874],[-115.65568899966962,35.814934999616355],[-115.65562799966972,35.81488699961642],[-115.65512499967048,35.814499999617055],[-115.65461099967126,35.81410399961766],[-115.65405199967216,35.81366899961836],[-115.65290299967393,35.812774999619705],[-115.65281299967404,35.81270199961983],[-115.65232699967481,35.812309999620425],[-115.65189399967551,35.811971999620994],[-115.6518119996756,35.81190799962104],[-115.65032599967793,35.810745999622895],[-115.6500649996783,35.810536999623196],[-115.64997799967847,35.81046799962331],[-115.6494229996793,35.810033999623954],[-115.64937299967943,35.80999499962405],[-115.64916699967972,35.809826999624306],[-115.64897299968004,35.80966799962454],[-115.64894399968006,35.8096439996246],[-115.64889599968012,35.80960499962464],[-115.64879399968032,35.80952199962479],[-115.64872699968043,35.809473999624856],[-115.64835699968097,35.809210999625236],[-115.64832299968106,35.80918899962529],[-115.64774799968194,35.808784999625914],[-115.64668899968359,35.807996999627164],[-115.64633599968414,35.80773499962754],[-115.64583999968488,35.80734799962812],[-115.64437999968715,35.80620499962993],[-115.63729499969816,35.800656999638534],[-115.63555399970085,35.79929299964067],[-115.62821799971226,35.79354699964955],[-115.62635499971515,35.79208799965181],[-115.62600799971568,35.791814999652274],[-115.62132199972297,35.78814499965796],[-115.62129899972297,35.78812599965801],[-115.62120799972314,35.78805499965807],[-115.62096699972352,35.78786499965838],[-115.61012499974032,35.7793649996716],[-115.60140699975386,35.7725329996822],[-115.60133299975399,35.77247399968229],[-115.59826999975871,35.77007099968603],[-115.59386899976556,35.76661799969139],[-115.59180199976879,35.76500099969388],[-115.59153799976917,35.764794999694175],[-115.59151299976924,35.76477399969423],[-115.58994199977167,35.76353199969617],[-115.58885399977333,35.76267499969748],[-115.58752699977538,35.761629999699096],[-115.58427199978047,35.75906899970306],[-115.57430399979592,35.75124599971525],[-115.57261299979854,35.7499179997173],[-115.55702499982277,35.73767499973627],[-115.54985599983388,35.73203599974505],[-115.5409599998477,35.7250379997559],[-115.52890099986638,35.71555199977064],[-115.52576699987128,35.71308499977448],[-115.52535799987191,35.71275999977496],[-115.52442699987336,35.71202899977612],[-115.52188799987726,35.71003099977918],[-115.5177029998838,35.706735999784314],[-115.51497399988801,35.70458499978764],[-115.51459599988863,35.70428799978811],[-115.5102049998954,35.70082899979349],[-115.50790899989897,35.69902099979629],[-115.50642899990129,35.697854999798096],[-115.49826599991394,35.69142299980808],[-115.48506299993443,35.68101599982424],[-115.4841439999359,35.680291999825386],[-115.48364199993665,35.679896999825985],[-115.48247099993847,35.6789769998274],[-115.48113399994054,35.677926999829026],[-115.47293699995328,35.67148699983903],[-115.47093099995641,35.66990999984148],[-115.4627269999691,35.6634639998515],[-115.46205899997017,35.662938999852315],[-115.45826899997604,35.65996199985693],[-115.45431799998215,35.65685699986176],[-115.45025299998849,35.6536629998667],[-115.44704699999346,35.65114399987061],[-115.44478299999696,35.64936499987334],[-115.44125000000247,35.64658899987768],[-115.43913700000576,35.64492899988028],[-115.43273000001568,35.63989499988804],[-115.42953400002062,35.63738399989194],[-115.42448100002849,35.6334129998981],[-115.42050800003466,35.630291999902965],[-115.41808600003839,35.62838899990595],[-115.40862200005307,35.620899999917526],[-115.40763900005464,35.620120999918754],[-115.40750300005482,35.62001299991891],[-115.40592600005726,35.61876599992087],[-115.4059710000572,35.61857899992117],[-115.40562900005773,35.61847799992131],[-115.40556600005783,35.618459999921356],[-115.40484700005896,35.61801799992202],[-115.40473900005912,35.6179009999222],[-115.4046850000592,35.61784199992229],[-115.4044990000595,35.61763899992263],[-115.40411100006008,35.617332999923065],[-115.40295000006188,35.61641499992453],[-115.40287400006201,35.616354999924624],[-115.40256300006251,35.61610899992496],[-115.40120700006463,35.61503799992664],[-115.39714200007091,35.61182499993163],[-115.3961090000725,35.61100899993289],[-115.39578700007303,35.610754999933306],[-115.39566100007323,35.610654999933445],[-115.39528600007378,35.610355999933915],[-115.39516200007398,35.61025699993405],[-115.39409800007564,35.609421999935364],[-115.39146700007973,35.60731899993863],[-115.39113900008022,35.60705699993906],[-115.39100700008044,35.60694199993924],[-115.39054800008114,35.60654599993984],[-115.38965800008253,35.60591499994081],[-115.3894850000828,35.60577799994104],[-115.3889680000836,35.60536999994167],[-115.38879600008386,35.605233999941845],[-115.38845900008437,35.60496799994229],[-115.38661300008727,35.60350999994455],[-115.38075000009638,35.59887899995175],[-115.38006500009743,35.59833799995255],[-115.37788300010084,35.59661399995525],[-115.37660700010281,35.59560699995683],[-115.37572300010419,35.59490899995791],[-115.37279900010873,35.59256599996155],[-115.37240800010932,35.592251999962],[-115.37222300010961,35.592110999962244],[-115.37151500011072,35.591571999963094],[-115.37141300011086,35.59149399996318],[-115.37111000011134,35.59126299996353],[-115.37100900011148,35.59118599996367],[-115.37099100011153,35.59116999996371],[-115.3709400001116,35.59112499996377],[-115.37092300011159,35.5911109999638],[-115.37072900011191,35.590958999964016],[-115.3701480001128,35.59050399996471],[-115.36995500011312,35.59035299996498],[-115.36994600011315,35.590345999964995],[-115.36991500011317,35.590321999965],[-115.36981600011336,35.59023299996517],[-115.36969800011349,35.59012799996532],[-115.36951400011378,35.58997699996553],[-115.36941200011398,35.58989399996568],[-115.36939200011398,35.589876999965725],[-115.36933500011406,35.58982899996579],[-115.36931700011411,35.58981299996583],[-115.36905300011449,35.58959599996615],[-115.36858800011527,35.58927599996662],[-115.36679900011802,35.58786599996881],[-115.36519100012049,35.58659799997082],[-115.36114100012679,35.58340399997576],[-115.3593940001295,35.58202699997787],[-115.35678100013354,35.57996699998108],[-115.35251600014021,35.57660399998633],[-115.34660700014933,35.57194399999355],[-115.34233400015597,35.56857599999876],[-115.33694100016436,35.564323000005345],[-115.33666700016477,35.56410700000572],[-115.33407400016881,35.56206300000889],[-115.33096900017364,35.55961400001269],[-115.32956700017581,35.558509000014396],[-115.32851200017745,35.557671000015716],[-115.32560100018196,35.55535800001928],[-115.32428000018399,35.55430700002091],[-115.32354100018517,35.553720000021826],[-115.32159300018816,35.5521720000242],[-115.32018900019034,35.551053000025945],[-115.31499200019846,35.546912000032364],[-115.31159500020368,35.544204000036586],[-115.30954400020687,35.54256900003912],[-115.30743800021014,35.54089100004171],[-115.30736800021026,35.54083500004185],[-115.30549400021317,35.53934300004414],[-115.30388400021565,35.538062000046125],[-115.28399600024653,35.52222000007072],[-115.28397200024659,35.522201000070766],[-115.2825340002488,35.52110500007245],[-115.279194000254,35.518572000076404],[-115.27627100025853,35.51635400007984],[-115.27547500025975,35.51575200008074],[-115.27151400026594,35.51274800008542],[-115.27149700026592,35.51273400008546],[-115.27144800026599,35.5126940000855],[-115.27143200026603,35.512681000085536],[-115.27100600026671,35.51235400008602],[-115.27087800026692,35.51225600008621],[-115.26973000026868,35.511375000087526],[-115.26945700026909,35.51116600008788],[-115.26930600026935,35.51104800008807],[-115.26776100027172,35.50983800008993],[-115.26738800027232,35.50954600009038],[-115.26634800027392,35.50873100009164],[-115.26547100027528,35.508044000092696],[-115.26487900027621,35.50758100009347],[-115.26163700028127,35.505042000097376],[-115.26150900028142,35.504942000097515],[-115.25972000028423,35.50354100009969],[-115.2581730002866,35.50228700010166],[-115.25728600028799,35.50156800010279],[-115.25669200028892,35.5010860001035],[-115.25414000029286,35.49901800010673],[-115.24998700029931,35.495651000111934],[-115.24812000030221,35.49413800011433],[-115.24755400030313,35.49367900011504],[-115.24650100030476,35.4928420001163],[-115.24648600030474,35.49283000011633],[-115.24507100030695,35.491710000118076],[-115.24328100030976,35.4902900001203],[-115.24221300031138,35.48944400012158],[-115.24178600031206,35.489105000122095],[-115.23980000031514,35.48750800012459],[-115.23768500031844,35.48580700012724],[-115.23321800032534,35.48221400013284],[-115.23256800032635,35.48169100013365],[-115.2301580003301,35.47975300013661],[-115.22961500033097,35.47931600013732],[-115.22920100033161,35.47898100013782],[-115.22655700033567,35.476842000141176],[-115.22633400033607,35.47666100014146],[-115.22537800033751,35.475889000142615],[-115.22518600033783,35.4757320001429],[-115.22422500033935,35.47495600014406],[-115.22263000034178,35.47366800014606],[-115.2207780003447,35.47214500014843],[-115.21963300034645,35.471204000149896],[-115.21951000034665,35.47110300015004],[-115.2183040003485,35.47015300015153],[-115.21551100035282,35.467954000154975],[-115.2143140003547,35.46701000015639],[-115.21298400035676,35.46596300015807],[-115.21285300035697,35.46585900015822],[-115.20917900036267,35.46294500016273],[-115.2045120003699,35.459244000168496],[-115.20436100037017,35.45912500016868],[-115.20352600037143,35.458462000169675],[-115.1977640003804,35.45389600017677],[-115.19516300038441,35.45183600017998],[-115.19413100038605,35.45101900018125],[-115.19395800038632,35.45088200018142],[-115.19338900038719,35.45043200018216],[-115.19064100039145,35.44826000018554],[-115.18433200040124,35.443273000193244],[-115.18093700040652,35.44058400019742],[-115.1806960004069,35.44039300019773],[-115.17738300041202,35.4377690002018],[-115.17697500041265,35.43744600020233],[-115.17535900041514,35.43616200020432],[-115.16929100042461,35.43133900021178],[-115.16726900042772,35.4297320002143],[-115.1668460004284,35.4293980002148],[-115.16679600042846,35.42935800021485],[-115.16537700043068,35.42823900021659],[-115.16490400043142,35.42786700021719],[-115.1620670004358,35.42498300022163],[-115.16128100043704,35.42418400022291],[-115.16105700043738,35.42395800022325],[-115.160652000438,35.42363200022373],[-115.15994400043911,35.42306500022465],[-115.1577490004425,35.42130300022734],[-115.15116400045275,35.416019000235565],[-115.14897000045613,35.414258000238306],[-115.14851500045683,35.413893000238886],[-115.14715100045896,35.41279800024057],[-115.14669700045965,35.41243400024115],[-115.1439570004639,35.41023400024454],[-115.14219800046664,35.408822000246744],[-115.13574000047669,35.403637000254776],[-115.13300100048093,35.401438000258224],[-115.12964500048611,35.39874200026236],[-115.12415700049462,35.39433500026922],[-115.11957900050174,35.390654000274935],[-115.11622500050697,35.38795800027913],[-115.11384400051065,35.386044000282084],[-115.11269200051242,35.38511800028351],[-115.10670399948009,35.38030100029101],[-115.10432499948377,35.37838700029397],[-115.10326399948542,35.37753400029533],[-115.10095699948897,35.37568100029819],[-115.10006599949037,35.37499800029923],[-115.09945399949135,35.374530000299956],[-115.09898599949207,35.37417200030052],[-115.09836699949301,35.37369400030127],[-115.09734099949458,35.37290400030247],[-115.09650999949588,35.37226300030346],[-115.09589099949687,35.37178700030421],[-115.09443799949912,35.37075800030584],[-115.09327399950092,35.369934000307126],[-115.09284199950156,35.36962800030756],[-115.0920599995028,35.369074000308444],[-115.08939499950691,35.367186000311335],[-115.08929299950711,35.36711400031146],[-115.08923099950721,35.36707000031157],[-115.08882999950782,35.366786000312004],[-115.0879269995092,35.36614700031299],[-115.08767899950959,35.365971000313266],[-115.08758299950972,35.36590300031338],[-115.08631799951172,35.36500700031473],[-115.08536499951322,35.36433200031581],[-115.08509199951362,35.36414400031606],[-115.08427399951489,35.36358100031697],[-115.0840019995153,35.36339400031727],[-115.08069799952045,35.36062600032153],[-115.07695399952627,35.357490000326436],[-115.07078799953581,35.35232400033442],[-115.0676989995406,35.34973600033845],[-115.06747899954098,35.34956400033872],[-115.06286599954814,35.34595200034431],[-115.05705099955713,35.34139900035137],[-115.05343199956275,35.3385650003558],[-115.0517259995654,35.33723000035786],[-115.0490299995696,35.335119000361146],[-115.04715199957252,35.33364900036344],[-115.04522499957551,35.33214000036577],[-115.04441799957675,35.33150800036674],[-115.04411099957724,35.33126800036712],[-115.04326599957852,35.330606000368164],[-115.04019399958332,35.32819900037185],[-115.03981099958389,35.32789900037233],[-115.03865999958566,35.32699700037375],[-115.03838399958613,35.32678100037407],[-115.03528799959093,35.324355000377864],[-115.0322069995957,35.32194100038157],[-115.02517499960663,35.31643100039014],[-115.02180399961185,35.31379000039425],[-115.015927999621,35.30918200040139],[-115.01167999962757,35.30585200040656],[-114.99466599965399,35.29251100042728],[-114.99023299966086,35.28883600043298],[-114.98436799966998,35.283975000440535],[-114.9828009996724,35.28273200044248],[-114.98155099967431,35.28174000044402],[-114.97147199968998,35.27374700045641],[-114.96860199969444,35.27147000045994],[-114.95999199970777,35.26463900047054],[-114.95712299971223,35.26236200047407],[-114.95653999971313,35.261899000474784],[-114.95479099971584,35.26051200047692],[-114.9542089997168,35.260050000477634],[-114.95299699971866,35.25908800047915],[-114.94936399972431,35.25620400048365],[-114.94815299972618,35.25524300048511],[-114.94804599972633,35.25515800048527],[-114.94772499972686,35.254903000485626],[-114.94761899972701,35.25481900048578],[-114.94677899972828,35.25415300048684],[-114.9431809997339,35.25129400049127],[-114.93644899974436,35.24594600049954],[-114.93145899975207,35.24198100050569],[-114.92986999975454,35.24071900050768],[-114.92543399976142,35.237194000513114],[-114.9254019997615,35.23716800051318],[-114.92536999976153,35.23714300051324],[-114.92530499976164,35.2370970005133],[-114.92527199976166,35.2370750005133],[-114.92476699976248,35.23667400051397],[-114.92416699976343,35.236197000514665],[-114.92325499976482,35.23547200051581],[-114.92291899976533,35.2352050005162],[-114.92275199976558,35.235072000516425],[-114.92013699976968,35.23299400051968],[-114.91783499977322,35.23116599948082],[-114.91542199977698,35.22924799948379],[-114.91344399978004,35.22767699948622],[-114.91229199978181,35.22676199948768],[-114.90967799978591,35.224684999490876],[-114.90921999978661,35.224320999491454],[-114.9090419997869,35.224179999491696],[-114.90713699978983,35.22266499949404],[-114.9065029997908,35.222160999494804],[-114.90581599979191,35.22161499949567],[-114.9055479997923,35.22140199949598],[-114.90513399979295,35.22107299949647],[-114.90427999979426,35.22039399949756],[-114.90414999979447,35.220290999497706],[-114.90410599979452,35.22025599949774],[-114.90285999979648,35.21926499949927],[-114.90148699979858,35.218173999501005],[-114.89761099980461,35.21509399950577],[-114.89598699980712,35.21380299950778],[-114.89538899980806,35.21332799950852],[-114.8938989998104,35.21210299951042],[-114.88861999981856,35.20776299951717],[-114.88709699982093,35.20651099951908],[-114.88537599982362,35.20509599952129],[-114.87903999983342,35.19988799952938],[-114.87488399983988,35.196470999534654],[-114.87428299984083,35.195976999535446],[-114.86370099985726,35.18727799954894],[-114.86222299985957,35.18606299955081],[-114.8601309998628,35.18434299955351],[-114.85393199987243,35.17924699956143],[-114.85302099987382,35.178639999562336],[-114.85297299987388,35.178607999562416],[-114.8528019998742,35.17849399956259],[-114.85025399987813,35.17656799956558],[-114.85020899987819,35.176533999565606],[-114.8492899998796,35.175839999566676],[-114.84657399988384,35.17378299956988],[-114.84029699989361,35.169030999577274],[-114.83842599989651,35.167614999579484],[-114.8357109999007,35.165558999582686],[-114.83267299990541,35.163127999586436],[-114.82781099991297,35.15923699959245],[-114.82755499991339,35.1590309995928],[-114.8261179999156,35.157881999594565],[-114.82440799991826,35.156512999596714],[-114.82356199991955,35.155834999597744],[-114.82052499992426,35.15340499960155],[-114.81914999992642,35.15230399960325],[-114.81877999992696,35.1520129996037],[-114.81512199993267,35.14913499960818],[-114.81353099993515,35.14785599961016],[-114.81179199993784,35.14645799961232],[-114.81159099993812,35.14629599961256],[-114.81063999993961,35.145530999613754],[-114.80779299994401,35.14324199961732],[-114.80718499994498,35.14275299961804],[-114.80603399994675,35.141826999619525],[-114.8058069999471,35.14164399961976],[-114.80512799994818,35.14109799962063],[-114.80490199994853,35.140915999620915],[-114.80457099994902,35.1406499996213],[-114.80386399995012,35.140081999622225],[-114.80131299995412,35.13802999962542],[-114.79734099996028,35.13492699963018],[-114.79296699996706,35.131379999635726],[-114.79197099996861,35.13057199963697],[-114.7912449999697,35.129983999637886],[-114.78898199997326,35.12815099964075],[-114.7886969999737,35.12791999964111],[-114.7879879999748,35.127341999642],[-114.78787799997497,35.12725299964211],[-114.78506799997933,35.12497299964565],[-114.78463099997998,35.1246189996462],[-114.7837329999814,35.12388999964736],[-114.78026399998674,35.121174999651544],[-114.77962599998779,35.12067499965235],[-114.77624699999302,35.117943999656575],[-114.77344299999737,35.11567799966008],[-114.77332399999756,35.11558099966021],[-114.77309199999792,35.115392999660514],[-114.77239699999899,35.11483199966142],[-114.77216599999934,35.114644999661664],[-114.7715400000003,35.11413899966249],[-114.76956800000335,35.11254399966498],[-114.76560100000955,35.10933699966995],[-114.76180100001545,35.10621199967477],[-114.7592220000194,35.10409099967808],[-114.75680900002317,35.10210599968116],[-114.74957200003439,35.09615399969039],[-114.7493180000348,35.095944999690744],[-114.74715700003816,35.09417399969345],[-114.74702200003838,35.09406299969362],[-114.746618000039,35.09373199969417],[-114.74648400003917,35.093621999694335],[-114.74616000003971,35.09335699969472],[-114.74519000004119,35.09256199969599],[-114.74486700004172,35.09229699969637],[-114.74473300004195,35.09218699969654],[-114.74353600004378,35.09120599969805],[-114.73954600004998,35.087933999703125],[-114.73882500005107,35.08734299970405],[-114.73821600005203,35.086843999704854],[-114.7377730000527,35.08648099970543],[-114.7364450000548,35.0853919997071],[-114.73600300005546,35.08502999970767],[-114.735655000056,35.08474499970811],[-114.7346140000576,35.08388999970941],[-114.73426700005814,35.083605999709846],[-114.73318600005985,35.08271899971123],[-114.73156100006236,35.08138599971329],[-114.72990100006496,35.080115999715304],[-114.72980200006509,35.08003999971538],[-114.72881600006662,35.07923599971667],[-114.7281800000676,35.07871699971747],[-114.72627500007059,35.07716199971986],[-114.72564000007156,35.07664399972066],[-114.72548900007178,35.076520999720856],[-114.72503700007252,35.076151999721446],[-114.72488700007273,35.07602899972164],[-114.72254800007636,35.07411999972459],[-114.71752200008416,35.07001599973097],[-114.71553400008725,35.06839399973347],[-114.71411700008946,35.06723699973526],[-114.71318200009091,35.06650299973643],[-114.7122110000924,35.06574099973761],[-114.7113540000937,35.06506799973863],[-114.70932000009691,35.06342799974118],[-114.70836000009837,35.062653999742395],[-114.70818600009864,35.062513999742634],[-114.70766500009944,35.06209399974324],[-114.7074920000997,35.06195399974348],[-114.70679600010078,35.06139299974433],[-114.70315500010645,35.0584559997489],[-114.7027370001071,35.05811899974941],[-114.69575900011796,35.05249099975816],[-114.69349900012145,35.05061899976107],[-114.6901730001266,35.04793099976524],[-114.68584000013334,35.04442999977067],[-114.68537400013406,35.04405399977128],[-114.68397800013622,35.04292599977299],[-114.68351300013694,35.0425499997736],[-114.68343800013707,35.042488999773695],[-114.68299500013774,35.04212999977426],[-114.68144100014018,35.04087399977618],[-114.68092300014098,35.04045599977684],[-114.68054100014155,35.040146999777335],[-114.68044300014174,35.04006799977748],[-114.67900300014395,35.03890399977928],[-114.6785240001447,35.03851699977986],[-114.6778820001457,35.03799299978067],[-114.67595600014869,35.036420999783104],[-114.67531500014968,35.035896999783915],[-114.67400900015167,35.034829999785586],[-114.67009300015775,35.03162899979054],[-114.6687880001598,35.03056199979221],[-114.66874800015984,35.03052899979224],[-114.66772900016144,35.029695999793546],[-114.66455400016639,35.0270999997976],[-114.66349600016804,35.02623499979893],[-114.66340700016815,35.02616199979906],[-114.66223100016998,35.02519999980052],[-114.65843600017587,35.02209799980534],[-114.65787700017671,35.02164099980604],[-114.65717100017781,35.02106399980693],[-114.65648900017891,35.02050699980782],[-114.65444600018208,35.01883599981039],[-114.65414900018254,35.01859299981078],[-114.65376500018311,35.01827899981129],[-114.65371600018318,35.01823899981133],[-114.65173500018625,35.01663299981385],[-114.64564500019571,35.011698999821476],[-114.64361500019885,35.010054999824035],[-114.64346000019913,35.00992899982424],[-114.64337500019923,35.009860999824355],[-114.64299500019985,35.00955299982479],[-114.64284100020006,35.00942799982499],[-114.64116000020266,35.008065999827124],[-114.6361200002105,35.00397999983346],[-114.63444000021309,35.00261799983559],[-114.63437000021321,35.00256199983568],[-114.63416000021357,35.00239399983593],[-114.63409100021363,35.002337999836016],[-114.63397000021382,35.00224099983615],[-114.6336070002144,35.00195299983659],[-114.63348700021459,35.001856999836775],[-114.63423500021344,35.0033219998345],[-114.63557000021137,35.00593299983041],[-114.63628900021024,35.0078039998275],[-114.63671200020957,35.0089049998258],[-114.63682100020941,35.00935899982511],[-114.637071000209,35.01037099982352],[-114.63726100020875,35.01153399982172],[-114.63750700020836,35.013036999819406],[-114.63752300020832,35.013133999819274],[-114.63758200020823,35.01349199981871],[-114.63764000020814,35.013850999818146],[-114.63764400020813,35.01388199981807],[-114.63776900020792,35.01494799981646],[-114.63795300020769,35.01714699981301],[-114.6379240002077,35.01851399981092],[-114.63790300020776,35.0194759998094],[-114.63805700020748,35.020865999807256],[-114.63819000020732,35.02206899980541],[-114.63771200020801,35.024770999801206],[-114.63761900020819,35.02594799979937],[-114.63752400020832,35.02705299979766],[-114.63692800020925,35.02829499979572],[-114.6363290002102,35.029541999793764],[-114.63590100021082,35.03088099979169],[-114.63575300021108,35.03134299979098],[-114.63473200021264,35.03373399978727],[-114.63432800021332,35.03447599978614],[-114.63371500021424,35.035601999784376],[-114.6328400002156,35.03697699978227],[-114.63198200021691,35.03824799978025],[-114.63189200021708,35.03840699978002],[-114.6310520002184,35.03988099977772],[-114.6306980002189,35.040254999777176],[-114.63068700021893,35.04026499977715],[-114.630657000219,35.04029699977707],[-114.63064700021903,35.0403079997771],[-114.63039000021939,35.040577999776644],[-114.63013300021981,35.04084799977625],[-114.62977000022039,35.04122799977563],[-114.6294340002209,35.04181599977471],[-114.62902700022153,35.042530999773646],[-114.62862400022215,35.0429829997729],[-114.62796800022318,35.04372399977177],[-114.62712400022446,35.04472099977022],[-114.62579900022655,35.04583399976849],[-114.6215600002331,35.048813999763865],[-114.62080500023427,35.04934299976304],[-114.61966400023607,35.05014599976181],[-114.61806800023851,35.05131999975998],[-114.61795200023869,35.05139599975985],[-114.61760600023922,35.051625999759494],[-114.6174910002394,35.051702999759414],[-114.61744600023951,35.05173099975934],[-114.61734700023965,35.05179299975924],[-114.61711100024002,35.05194399975903],[-114.61691800024033,35.05206599975884],[-114.61677600024052,35.052156999758665],[-114.61590200024187,35.05271999975781],[-114.61434200024433,35.053579999756494],[-114.61187100024813,35.0549039997544],[-114.61169200024841,35.05500099975427],[-114.61070100024995,35.05545799975357],[-114.60927800025217,35.05645499975202],[-114.60913800025241,35.05658999975179],[-114.6066940002562,35.05894099974813],[-114.604863000259,35.06153399974414],[-114.60471500025926,35.06174399974378],[-114.60466800025932,35.06184999974363],[-114.60361900026095,35.06422599973996],[-114.60309800026175,35.06631599973673],[-114.60304200026184,35.066539999736335],[-114.60292900026201,35.068260999733695],[-114.60290800026206,35.068587999733154],[-114.60296000026199,35.06895299973263],[-114.6030160002619,35.069338999732],[-114.60317500026167,35.070444999730285],[-114.6041820002601,35.07371499972521],[-114.60420700026003,35.07376699972514],[-114.60428500025995,35.073922999724914],[-114.60431100025988,35.07397599972484],[-114.60435600025983,35.07406599972467],[-114.60440100025977,35.07415599972455],[-114.60473600025921,35.07482999972348],[-114.60489100025899,35.075046999723156],[-114.6054070002582,35.07576799972202],[-114.60554500025796,35.07596099972176],[-114.60663700025628,35.07729499971964],[-114.60707500025558,35.07780399971887],[-114.60716800025546,35.07791199971871],[-114.60770100025462,35.078532999717766],[-114.60799900025415,35.078804999717306],[-114.60898700025263,35.07970699971594],[-114.60950800025182,35.08018299971519],[-114.61208400024782,35.08226299971193],[-114.61255600024708,35.082643999711365],[-114.61260300024702,35.08268099971133],[-114.6131320002462,35.083096999710676],[-114.61550700024253,35.08475699970808],[-114.6166580002407,35.08546099970698],[-114.61842000023796,35.08653899970534],[-114.61858200023772,35.08662399970518],[-114.61865000023761,35.08665999970515],[-114.6187180002375,35.08669599970506],[-114.6225170002316,35.08870299970198],[-114.62579900022655,35.08983299970021],[-114.6273540002241,35.09046799969923],[-114.62817100022284,35.09083099969865],[-114.63205300021684,35.092558999695996],[-114.63208700021676,35.09256799969597],[-114.63218900021661,35.0925969996959],[-114.63222300021658,35.092606999695874],[-114.63289500021551,35.09279799969562],[-114.6349130002124,35.093373999694734],[-114.63558600021133,35.09356599969442],[-114.63619800021041,35.09377599969406],[-114.63803400020754,35.09440899969309],[-114.63864600020656,35.09461999969278],[-114.6387760002064,35.094629999692756],[-114.6389620002061,35.09464499969272],[-114.63912900020586,35.09467199969271],[-114.63916400020577,35.09467999969269],[-114.63929100020556,35.094712999692604],[-114.63937000020547,35.09473299969261],[-114.63938900020543,35.09474099969259],[-114.63945700020531,35.094770999692514],[-114.63959700020513,35.09487599969236],[-114.63963300020504,35.094920999692306],[-114.63967700020498,35.094974999692226],[-114.63969100020495,35.09500499969215],[-114.64034600020398,35.09534099969164],[-114.64164900020194,35.096010999690634],[-114.64233700020088,35.096296999690196],[-114.64252800020057,35.09637699969005],[-114.64283100020009,35.09650299968985],[-114.64296700019986,35.09665199968964],[-114.64300800019981,35.09669699968953],[-114.64311900019965,35.09681899968933],[-114.64336800019925,35.09709199968893],[-114.64357600019895,35.09731999968858],[-114.64372900019868,35.09748699968833],[-114.64383300019853,35.09759999968816],[-114.64388500019845,35.09765699968807],[-114.64435100019773,35.09817299968728],[-114.6445070001975,35.09834599968701],[-114.64481500019701,35.09868399968644],[-114.64564200019572,35.099589999685065],[-114.64572900019562,35.09970899968488],[-114.64600300019515,35.100078999684285],[-114.64657900019427,35.100819999683154],[-114.64658800019424,35.10086799968309],[-114.64676400019397,35.10186799968153],[-114.64675800019398,35.10187699968151],[-114.64607800019508,35.103106999679596],[-114.6451520001965,35.10499499967665],[-114.64435400019772,35.105902999675266],[-114.64324700019944,35.10663099967411],[-114.64300600019982,35.106790999673876],[-114.64169300020188,35.107908999672134],[-114.64157700020206,35.108006999672],[-114.6412310002026,35.10830199967154],[-114.64111600020277,35.1084009996714],[-114.64008000020436,35.10963499966948],[-114.63900800020605,35.1109149996675],[-114.63743200020849,35.11248899966506],[-114.63670900020958,35.11308599966412],[-114.63642300021002,35.11332299966375],[-114.63594500021077,35.11371799966315],[-114.63546700021152,35.114112999662495],[-114.63539500021164,35.11417999966244],[-114.63518200021196,35.11438499966209],[-114.63511100021208,35.11445299966198],[-114.63433100021331,35.11516899966085],[-114.63367800021427,35.11576999965996],[-114.63340000021475,35.116031999659526],[-114.63228200021649,35.11708799965788],[-114.63194900021699,35.11725099965764],[-114.63099900021848,35.11771999965691],[-114.63092600021855,35.117756999656876],[-114.63070800021893,35.117869999656705],[-114.630636000219,35.11790799965661],[-114.63053800021919,35.11795799965654],[-114.63044100021932,35.11800899965647],[-114.62993400022009,35.11827199965609],[-114.62937700022098,35.11851999965569],[-114.62930400022111,35.11855199965561],[-114.62842700022247,35.11894299965502],[-114.62689100022482,35.11950099965418],[-114.62632900022572,35.11963699965395],[-114.62579900022655,35.11976599965374],[-114.62558100022687,35.11985599965362],[-114.62513000022756,35.12003999965333],[-114.62467100022826,35.12022899965302],[-114.6237610002297,35.12060199965242],[-114.62135700023344,35.12114899965161],[-114.61858600023771,35.12155699965098],[-114.6173890002396,35.12160199965092],[-114.61594100024183,35.121655999650784],[-114.61413900024462,35.121693999650745],[-114.61372500024527,35.121665999650816],[-114.61363800024543,35.121658999650776],[-114.6133770002458,35.12164299965082],[-114.61329300024596,35.12163899965083],[-114.61322700024607,35.12163499965084],[-114.61303400024633,35.121623999650865],[-114.61297000024643,35.12162199965087],[-114.61155600024864,35.12161499965089],[-114.6111760002492,35.12159599965088],[-114.60807100025403,35.12144699965114],[-114.60603900025723,35.12134999965127],[-114.60579900025755,35.1213379996513],[-114.60400700026037,35.12125199965146],[-114.60348200026118,35.12142399965114],[-114.60295800026199,35.12159499965088],[-114.60274000026232,35.121665999650816],[-114.60200700026348,35.12164099965082],[-114.60105800026491,35.12159599965088],[-114.60069400026549,35.1216109996509],[-114.59950400026736,35.121661999650826],[-114.59779400026997,35.1217349996507],[-114.5941050002757,35.122557999649416],[-114.5897870002824,35.12352199964789],[-114.58836400028463,35.123957999647246],[-114.58618600028802,35.12472899964604],[-114.58531700028936,35.125036999645545],[-114.58487700029002,35.12519399964532],[-114.58306300029284,35.12608599964392],[-114.58200600029448,35.12656599964316],[-114.58191700029465,35.126606999643116],[-114.5815000002953,35.12679599964281],[-114.58076900029641,35.12711599964234],[-114.5798820002978,35.127505999641755],[-114.5782630003003,35.128809999639714],[-114.57780000030101,35.129709999638294],[-114.57746500030157,35.13036199963727],[-114.57732400030176,35.13063799963686],[-114.577182000302,35.13091299963645],[-114.57714600030204,35.13098199963633],[-114.5771000003021,35.13104799963622],[-114.57598500030383,35.13266499963373],[-114.57441100030627,35.13494999963018],[-114.57370300030738,35.13658299962765],[-114.57350300030771,35.13704799962693],[-114.57295800030857,35.1384719996247],[-114.57295300030853,35.138484999624666],[-114.57259700030909,35.13955699962304],[-114.57296500030856,35.140811999621064],[-114.573299000308,35.14169899961968],[-114.57347200030773,35.14215799961897],[-114.57353600030763,35.14230599961877],[-114.57359200030754,35.14243499961856],[-114.57370600030737,35.14269799961812],[-114.573943000307,35.1438919996163],[-114.57397200030698,35.14403999961604],[-114.5738790003071,35.14535099961404],[-114.57355300030764,35.1469019996116],[-114.57162600031063,35.15413899960038],[-114.57120900031128,35.15570699959795],[-114.57117100031132,35.15584499959772],[-114.57062600031219,35.15788799959455],[-114.57030100031267,35.15910499959267],[-114.5702050003128,35.15950399959206],[-114.56962500031375,35.1619179995883],[-114.56952900031388,35.16231699958769],[-114.56948800031392,35.16268999958709],[-114.56947200031397,35.162829999586904],[-114.56944600031397,35.16306299958654],[-114.56934500031417,35.163973999585096],[-114.56930000031423,35.164369999584494],[-114.56924400031431,35.16488399958371],[-114.56917200031444,35.165594999582595],[-114.56895700031475,35.167730999579305],[-114.56888600031488,35.16844299957819],[-114.56886700031492,35.16901799957731],[-114.5688740003149,35.16907999957721],[-114.5688790003149,35.16912799957714],[-114.56886900031492,35.169192999577035],[-114.56878700031501,35.17144399957351],[-114.56876000031508,35.172194999572355],[-114.56921400031433,35.17288999957128],[-114.56917700031443,35.17323899957074],[-114.56898900031473,35.1750849995679],[-114.56916100031447,35.17677599956522],[-114.5692520003143,35.1776389995639],[-114.56924200031432,35.17795999956343],[-114.56923800031433,35.17887199956198],[-114.56924200031432,35.18161999955771],[-114.56924500031431,35.1825389995563],[-114.56925800031428,35.18342399955492],[-114.56927900031428,35.18357299955471],[-114.56938400031407,35.18432899955354],[-114.56944200031398,35.18474599955289],[-114.56948900031392,35.18508499955237],[-114.56965300031368,35.186266999550526],[-114.57030500031266,35.188345999547266],[-114.57037000031255,35.188519999547],[-114.57101400031155,35.189912999544845],[-114.57140400031096,35.191025999543115],[-114.57140200031097,35.19107499954305],[-114.57139400031099,35.19212199954143],[-114.57141200031094,35.1932969995396],[-114.57141200031094,35.19352499953925],[-114.57146300031087,35.19408299953841],[-114.57150000031083,35.19448199953774],[-114.57159600031065,35.19552999953612],[-114.57167900031055,35.19644099953473],[-114.57169300031052,35.1965779995345],[-114.57172300031044,35.19690299953402],[-114.57175300031042,35.19722899953348],[-114.57178500031034,35.197552999533],[-114.57179900031036,35.19768199953279],[-114.5718240003103,35.19793699953243],[-114.57186400031026,35.19833399953177],[-114.5718450003103,35.1985299995315],[-114.57181400031033,35.19885699953096],[-114.57181100031033,35.19898599953075],[-114.57180400031035,35.19937599953016],[-114.57180200031036,35.199506999529945],[-114.57180400031035,35.19955499952988],[-114.57181600031032,35.19970499952967],[-114.57182100031031,35.1997549995296],[-114.57186100031026,35.20019999952888],[-114.57208400030993,35.200793999527946],[-114.5736330003075,35.20316999952428],[-114.57403700030687,35.20378999952334],[-114.57430700030648,35.204911999521585],[-114.57423300030655,35.20548099952072],[-114.57449600030617,35.20608899951975],[-114.57451000030613,35.20612299951972],[-114.57495800030546,35.2067139995188],[-114.57649000030307,35.20733099951781],[-114.57777400030108,35.207765999517164],[-114.57858100029983,35.20811299951663],[-114.57953500029834,35.20891099951535],[-114.57973100029801,35.209886999513856],[-114.57981100029792,35.21038199951306],[-114.57989700029776,35.2109699995122],[-114.57990500029774,35.212570999509694],[-114.57992100029776,35.21552099950509],[-114.5801920002973,35.217296999502366],[-114.58031400029711,35.2181129995011],[-114.58031200029711,35.22009499949803],[-114.58044000029696,35.22043099949747],[-114.58173500029494,35.224071999491855],[-114.58286600029317,35.227829999486005],[-114.58312100029275,35.22868899948469],[-114.58342800029232,35.229736999483066],[-114.58352300029213,35.23034799948209],[-114.58343800029229,35.230993999481086],[-114.58312100029275,35.23166699948007],[-114.58292600029307,35.23210199947937],[-114.58284500029322,35.23228700052073],[-114.58248000029374,35.2331730005194],[-114.58243000029387,35.234537000517264],[-114.58284200029323,35.23870300051078],[-114.5830390002929,35.23935500050976],[-114.58370700029184,35.24028500050832],[-114.5845110002906,35.24171300050614],[-114.58499300028984,35.24271700050457],[-114.5852160002895,35.24402000050253],[-114.58552200028907,35.246902000498096],[-114.58597500028833,35.24859800049546],[-114.5860080002883,35.24872400049526],[-114.58604200028822,35.248850000495054],[-114.58605300028825,35.24889100049501],[-114.58599200028834,35.249998000493235],[-114.5858840002885,35.251956000490225],[-114.58571400028876,35.25314500048836],[-114.58571300028876,35.255616000484565],[-114.58572100028874,35.255919000484084],[-114.58576800028868,35.25774300048124],[-114.58583700028856,35.25806600048077],[-114.58607400028819,35.25918100047903],[-114.58627000028787,35.26009800047757],[-114.5864020002877,35.26100500047619],[-114.58660400028737,35.26238600047401],[-114.58716300028652,35.264101000471385],[-114.58749700028596,35.26547300046923],[-114.5878550002854,35.266172000468146],[-114.58872700028405,35.267875000465494],[-114.589416000283,35.26942800046311],[-114.58984300028231,35.27038900046159],[-114.59016300028185,35.27131900046015],[-114.5905130002813,35.27233400045861],[-114.59098700028056,35.27487200045465],[-114.59129700028006,35.27615200045267],[-114.59137100027999,35.27645900045218],[-114.59144500027986,35.27676600045169],[-114.59266100027799,35.28180000044392],[-114.59315800027719,35.28397400044054],[-114.59324700027707,35.2843610004399],[-114.59377800027625,35.28591600043751],[-114.59511900027417,35.28820100043396],[-114.59570500027326,35.289939000431275],[-114.59626400027236,35.291928000428186],[-114.5966820002717,35.294557000424106],[-114.59696300027127,35.29696500042036],[-114.59697900027129,35.297094000420145],[-114.59704600027118,35.297668000419264],[-114.59711300027107,35.29824300041838],[-114.59715000027097,35.298552000417885],[-114.59718600027094,35.298862000417444],[-114.59726800027079,35.29956500041635],[-114.59721000027088,35.30322300041064],[-114.5970750002711,35.30424300040909],[-114.59687400027144,35.30576100040673],[-114.5964540002721,35.30834600040271],[-114.59516300027406,35.32188300038166],[-114.59516200027406,35.324238000378045],[-114.59555300027347,35.32654700037443],[-114.59750800027047,35.33313100036423],[-114.59752000027044,35.33317400036418],[-114.598450000269,35.33645500035908],[-114.59938100026756,35.33973600035398],[-114.59977100026691,35.34111000035182],[-114.60056000026572,35.34341600034827],[-114.6009010002652,35.344411000346724],[-114.60124200026462,35.34540600034518],[-114.60208600026334,35.34787300034134],[-114.602930000262,35.350340000337496],[-114.6036980002608,35.35258200033405],[-114.60446500025967,35.35482500033055],[-114.60460700025942,35.3552390003299],[-114.60574800025768,35.35845400032491],[-114.606173000257,35.35965100032308],[-114.60708100025556,35.36156200032008],[-114.60748700025493,35.36241700031877],[-114.60950100025184,35.36641700031254],[-114.61120600024918,35.37011900030683],[-114.61313700024618,35.373389000301756],[-114.61562500024235,35.37702100029611],[-114.6170540002401,35.3790800002929],[-114.6176980002391,35.38013100029127],[-114.6180330002386,35.38127400028952],[-114.61817300023836,35.382131000288155],[-114.61825700023826,35.382646000287366],[-114.61826100023825,35.38280800028713],[-114.61831300023817,35.38449800028451],[-114.6189840002371,35.38939100027687],[-114.62088700023418,35.396867000265274],[-114.62129600023354,35.39804700026349],[-114.62140000023334,35.39834800026301],[-114.62150500023319,35.398650000262535],[-114.62178300023277,35.39945000026131],[-114.62271200023133,35.40140500025825],[-114.62280100023116,35.40159200025795],[-114.62363000022992,35.40333600025525],[-114.62379300022963,35.40370900025465],[-114.6244700002286,35.40525600025228],[-114.625484000227,35.40749400024879],[-114.62570200022668,35.40797600024803],[-114.62676500022502,35.409644000245464],[-114.62732500022418,35.41019300024459],[-114.62906100022144,35.41117500024308],[-114.63043300021934,35.41240800024116],[-114.63197300021693,35.413825000238944],[-114.63464900021279,35.41597200023563],[-114.6407080002034,35.42083300022807],[-114.65073500018781,35.42887700021561],[-114.65208000018572,35.43013400021363],[-114.6527520001847,35.43081900021258],[-114.6533970001837,35.43193900021083],[-114.65381700018304,35.432853000209434],[-114.65387400018295,35.434636000206694],[-114.65401400018271,35.43587100020477],[-114.65429500018229,35.4368540002032],[-114.6553310001807,35.43836200020087],[-114.65810500017636,35.44183500019551],[-114.65957700017412,35.443067000193594],[-114.66017800017318,35.443571000192776],[-114.66174700017075,35.444735000190974],[-114.66289600016893,35.44644900018835],[-114.66354100016792,35.447797000186256],[-114.66393400016733,35.449466000183634],[-114.6642150001669,35.45170700018019],[-114.66399200016724,35.45346800017745],[-114.66393500016733,35.45407700017648],[-114.66388000016741,35.45465700017559],[-114.6642170001669,35.455845000173724],[-114.66514200016547,35.45733100017145],[-114.6661510001639,35.458198000170114],[-114.66693600016265,35.45947800016813],[-114.66721700016222,35.46037000016673],[-114.66704900016248,35.46128400016528],[-114.66676900016296,35.46208500016405],[-114.66626500016372,35.463069000162534],[-114.66604800016404,35.46345400016196],[-114.66579000016446,35.463915000161194],[-114.66559400016473,35.46483000015979],[-114.66551000016489,35.46583600015822],[-114.66557000016479,35.46629600015751],[-114.66565100016464,35.466911000156585],[-114.66598800016413,35.4679850001549],[-114.66738900016196,35.46990400015193],[-114.66876300015986,35.47106900015012],[-114.66886400015966,35.47114400014999],[-114.67009400015775,35.47206000014859],[-114.67050300015711,35.4723650001481],[-114.67235000015427,35.473740000145995],[-114.67316400015301,35.474814000144306],[-114.67358500015234,35.47584300014273],[-114.67347300015251,35.47684900014116],[-114.67308100015316,35.47797000013941],[-114.67245300015412,35.479054000137694],[-114.67207400015468,35.47970900013672],[-114.67179400015516,35.480806000134976],[-114.67190700015499,35.48208700013299],[-114.67353400015242,35.48567500012746],[-114.67488000015032,35.487379000124804],[-114.67493000015025,35.4874420001247],[-114.67560900014922,35.48830200012338],[-114.67581600014887,35.48852800012304],[-114.67650700014781,35.48928400012187],[-114.67681500014731,35.489787000121055],[-114.6769030001472,35.49013100012053],[-114.67695600014713,35.49033600012024],[-114.67680400014734,35.49124800011879],[-114.67670400014754,35.49184500011785],[-114.67639600014797,35.4925310001168],[-114.67625700014821,35.49310300011592],[-114.67681800014736,35.494177000114234],[-114.67774300014588,35.49518200011266],[-114.67779100014582,35.49530600011252],[-114.67816400014527,35.496279000110974],[-114.67864200014452,35.497628000108875],[-114.67872600014437,35.4986570001073],[-114.6787150001444,35.49875000010712],[-114.67864400014452,35.4993620001062],[-114.6785870001446,35.499846000105435],[-114.67865500014449,35.49999800010522],[-114.67876800014432,35.50033100010472],[-114.67878900014426,35.50039000010463],[-114.67885500014415,35.500567000104354],[-114.67889200014412,35.501276000103246],[-114.67887900014415,35.501370000103066],[-114.6788340001442,35.50172000010252],[-114.6787760001443,35.50216400010186],[-114.67874200014433,35.50241800010144],[-114.67868400014441,35.502867000100764],[-114.67843200014482,35.504290000098536],[-114.67837500014491,35.50450000009823],[-114.6781930001452,35.505181000097195],[-114.6780680001454,35.50564500009642],[-114.67796900014554,35.506334000095364],[-114.67762000014608,35.508773000091594],[-114.67759100014615,35.50897300009126],[-114.67757900014618,35.50918500009095],[-114.67754200014622,35.50983700008993],[-114.67748000014632,35.510948000088206],[-114.67746900014635,35.5110120000881],[-114.67731200014657,35.511941000086665],[-114.67731000014658,35.51195100008664],[-114.6771560001468,35.51287000008523],[-114.67714300014683,35.5129450000851],[-114.67630200014816,35.51446000008275],[-114.67624700014824,35.5145630000826],[-114.6758030001489,35.51540600008127],[-114.67568500014909,35.51563000008093],[-114.67541400014954,35.5159130000805],[-114.67459100015077,35.51677500007918],[-114.67408500015159,35.517304000078354],[-114.67407600015162,35.51731100007834],[-114.67358500015234,35.51773000007768],[-114.6733160001528,35.517959000077326],[-114.67304800015319,35.518188000076975],[-114.67276700015361,35.5184280000766],[-114.67124400015598,35.519522000074915],[-114.67043800015722,35.52010200007402],[-114.66960200015853,35.520743000073026],[-114.66954000015863,35.520790000072964],[-114.66882400015976,35.521116000072425],[-114.66858600016013,35.52122500007226],[-114.66656500016325,35.52099300007262],[-114.66587200016431,35.52108900007249],[-114.66541400016501,35.52115200007239],[-114.6648630001659,35.52140100007199],[-114.66460100016633,35.521519000071805],[-114.66398300016726,35.52216100007081],[-114.66366200016773,35.52278200006987],[-114.6634500001681,35.523194000069225],[-114.66266400016929,35.52486900006659],[-114.66236000016977,35.52542900006574],[-114.66194300017042,35.52619800006454],[-114.66168200017086,35.52668200006377],[-114.65997100017347,35.527859000061994],[-114.65988600017363,35.5279190000619],[-114.65939300017436,35.52851200006097],[-114.65887500017521,35.529135000059966],[-114.6579670001766,35.530433000058],[-114.65775300017691,35.5307410000575],[-114.65716300017783,35.5323010000551],[-114.65682600017834,35.53377100005281],[-114.65677000017848,35.534964000050934],[-114.6571350001779,35.535860000049524],[-114.65780900017683,35.53696300004782],[-114.65791500017667,35.537104000047634],[-114.65870700017547,35.538158000045996],[-114.65936900017442,35.53900700004465],[-114.65953600017417,35.53922200004433],[-114.65954900017414,35.53923800004429],[-114.65998800017348,35.53990500004329],[-114.66013800017322,35.54013300004294],[-114.66033500017295,35.54043300004247],[-114.66051700017266,35.5409810000416],[-114.66075600017228,35.541696000040474],[-114.66109200017172,35.542937000038535],[-114.6613300001714,35.54367200003742],[-114.6614570001712,35.54406200003683],[-114.6614940001711,35.544588000036015],[-114.66157000017103,35.54569200003431],[-114.66114900017163,35.54778100003102],[-114.66113300017167,35.54846500002998],[-114.6611200001717,35.54902100002914],[-114.66140100017128,35.55023800002721],[-114.66173800017077,35.55152400002521],[-114.66196300017037,35.552604000023564],[-114.66199100017036,35.554601000020455],[-114.66198600017037,35.554842000020074],[-114.66196300017037,35.55588700001846],[-114.66244000016968,35.55751800001593],[-114.66245400016965,35.557551000015906],[-114.66344000016812,35.5598580000123],[-114.6634510001681,35.55988400001223],[-114.66353500016794,35.56096300001059],[-114.6631140001686,35.562593000008064],[-114.66283300016903,35.563373000006834],[-114.66282400016905,35.56367200000636],[-114.6628050001691,35.56426800000543],[-114.66288200016896,35.56443300000518],[-114.66322600016844,35.565164000004074],[-114.66390000016742,35.56629000000231],[-114.66395200016728,35.566501000002006],[-114.66414100016704,35.567257000000836],[-114.66443300016658,35.56842599999902],[-114.66472000016614,35.56893999999818],[-114.6656930001646,35.57067999999549],[-114.66623100016375,35.57164199999403],[-114.66839300016039,35.574330999989854],[-114.67002200015787,35.575595999987854],[-114.6715670001555,35.57621699998691],[-114.6738980001519,35.57771199998456],[-114.67415800015146,35.57788899998428],[-114.67488100015032,35.578378999983556],[-114.67541400014954,35.57890799998273],[-114.67575100014898,35.57945899998185],[-114.67566700014913,35.58003299998097],[-114.67499300015015,35.580651999980034],[-114.6749730001502,35.580663999980004],[-114.67439600015109,35.58100199997949],[-114.67266600015375,35.582016999977895],[-114.6720900001547,35.58235599997738],[-114.6704670001572,35.58330799997589],[-114.67019100015762,35.583470999975646],[-114.66892700015961,35.58379099997512],[-114.66763500016157,35.5843179999743],[-114.66617500016383,35.585119999973074],[-114.66529100016521,35.58548999997254],[-114.66420900016692,35.58594399997179],[-114.663509000168,35.58604499997165],[-114.66298000016883,35.58612199997151],[-114.66282600016905,35.58614399997151],[-114.66245200016965,35.58619899997143],[-114.66185000017055,35.58628599997127],[-114.66079600017218,35.58652799997088],[-114.66055800017256,35.5865829999708],[-114.66016500017321,35.586789999970506],[-114.6596870001739,35.5870409999701],[-114.65961800017402,35.58710699996999],[-114.65923800017464,35.587476999969454],[-114.65882400017529,35.58831899996812],[-114.65862900017555,35.58871299996753],[-114.65834900017603,35.5892839999666],[-114.65810800017636,35.589772999965874],[-114.65786800017673,35.590261999965094],[-114.65735500017757,35.59130299996349],[-114.65659700017875,35.59284599996107],[-114.65558600018028,35.59481899995802],[-114.65451800018195,35.596608999955265],[-114.6542890001823,35.59730499995419],[-114.65390000018289,35.59849099995233],[-114.65382100018303,35.599327999951015],[-114.65381400018305,35.599408999950924],[-114.65380600018307,35.59948999995078],[-114.6537320001832,35.60035999994943],[-114.6537310001832,35.6003729999494],[-114.6539790001828,35.602967999945406],[-114.65398400018279,35.60301399994529],[-114.6542260001824,35.60380499994409],[-114.65425500018233,35.60389999994396],[-114.65428400018232,35.60399499994378],[-114.6543770001822,35.604299999943294],[-114.65443000018206,35.604716999942696],[-114.65448900018197,35.60517299994194],[-114.65420800018245,35.60595299994077],[-114.65413300018253,35.606109999940486],[-114.65361800018337,35.607191999938834],[-114.65350500018354,35.60802899993752],[-114.65347800018355,35.60822499993725],[-114.65353400018347,35.60967199993496],[-114.65355900018346,35.60980599993479],[-114.65392700018288,35.61173899993179],[-114.65452500018193,35.6128129999301],[-114.65521900018086,35.61405899992815],[-114.65528100018076,35.61415099992803],[-114.65724100017775,35.617045999923505],[-114.65812500017637,35.61804399992201],[-114.6594610001743,35.61955199991962],[-114.66064100017246,35.620333999918444],[-114.66201800017029,35.62070299991785],[-114.66296900016886,35.620743999917806],[-114.66313100016856,35.62075099991779],[-114.66329400016832,35.62075799991777],[-114.66364700016777,35.62077299991773],[-114.6651340001655,35.62144099991673],[-114.66538900016508,35.62155599991655],[-114.66585500016436,35.622101999915685],[-114.66668200016306,35.6230729999142],[-114.66673800016298,35.623264999913886],[-114.66693500016265,35.62394599991285],[-114.6673140001621,35.62498899991118],[-114.66808700016088,35.62711499990792],[-114.66840200016043,35.62770699990699],[-114.66849500016025,35.62788099990672],[-114.66858700016013,35.62805499990645],[-114.66901500015945,35.628860999905214],[-114.66931700015897,35.62931699990446],[-114.66998100015797,35.630318999902954],[-114.6702790001575,35.63076799990222],[-114.67213400015459,35.63336499989822],[-114.67244400015414,35.63391499989734],[-114.67328700015281,35.63540899989505],[-114.67335800015269,35.63552899989486],[-114.67454300015089,35.63753099989174],[-114.67500100015013,35.638303999890525],[-114.67649100014785,35.640463999887174],[-114.67761500014609,35.641773999885174],[-114.67795500014557,35.64208599988467],[-114.67889000014412,35.64294599988335],[-114.67941500014331,35.64342899988259],[-114.68076300014121,35.6443169998812],[-114.68093500014095,35.64442999988103],[-114.68110700014068,35.64454399988085],[-114.68136100014027,35.6447109998806],[-114.68144500014017,35.64476599988052],[-114.6817830001396,35.644988999880184],[-114.68219000013897,35.64525799987973],[-114.68259800013834,35.64552699987934],[-114.6831560001375,35.64589399987875],[-114.68346200013701,35.64609599987841],[-114.68377100013652,35.646260999878166],[-114.68515500013439,35.64699999987704],[-114.68613300013288,35.64752199987623],[-114.68804500012993,35.64929199987347],[-114.68873700012881,35.650006999872346],[-114.68900100012843,35.65027999987194],[-114.68931900012791,35.6510029998708],[-114.68940000012782,35.65118599987056],[-114.68948100012767,35.65136999987027],[-114.68950700012766,35.65142899987018],[-114.68933600012792,35.65231699986879],[-114.68922600012809,35.65289799986789],[-114.68939800012782,35.65414199986594],[-114.68948000012767,35.65473499986501],[-114.68952600012761,35.65519499986431],[-114.68956500012757,35.65556799986376],[-114.6895950001275,35.6558639998633],[-114.68962500012748,35.65615999986284],[-114.6896800001274,35.65670099986198],[-114.6898450001271,35.658324999859474],[-114.68990000012701,35.65886699985862],[-114.69001600012683,35.66001599985685],[-114.69022700012653,35.661181999855046],[-114.69049400012614,35.66265699985274],[-114.69046700012615,35.66378199985098],[-114.69021400012656,35.66515899984887],[-114.68956800012757,35.66626099984711],[-114.68889300012859,35.66715499984576],[-114.68850200012918,35.66761099984507],[-114.6880960001298,35.66808699984432],[-114.68785300013019,35.66837099984389],[-114.6870210001315,35.669422999842254],[-114.68655800013221,35.67000699984135],[-114.68605500013302,35.67064199984031],[-114.685396000134,35.67190599983837],[-114.68505300013453,35.67256799983733],[-114.6846510001352,35.67333799983618],[-114.68344800013705,35.67564899983256],[-114.68304800013766,35.67641999983135],[-114.68280400013805,35.67688999983062],[-114.68256000013844,35.67735899982989],[-114.68231700013882,35.67782499982917],[-114.68189200013944,35.67897899982739],[-114.68153000014001,35.67995999982588],[-114.68082700014111,35.682254999822305],[-114.68063100014143,35.684045999819546],[-114.68090700014096,35.68546499981733],[-114.68099700014085,35.68592899981661],[-114.6816220001399,35.68706099981483],[-114.68189700013943,35.687559999814084],[-114.68265700013825,35.6885709998125],[-114.68347500013698,35.68911899981168],[-114.68375400013656,35.68930599981138],[-114.68390400013635,35.689385999811236],[-114.68509700013448,35.690021999810256],[-114.68569400013354,35.690340999809735],[-114.68811300012982,35.6913539998082],[-114.69009600012674,35.692468999806465],[-114.69126300012493,35.693124999805434],[-114.69169100012425,35.69342099980497],[-114.6925660001229,35.694026999804066],[-114.69519400011882,35.69584499980124],[-114.69607000011746,35.69645099980028],[-114.69621400011721,35.69654999980014],[-114.69687600011622,35.69711399979923],[-114.69926200011253,35.699146999796085],[-114.69947800011215,35.69933099979579],[-114.70002100011135,35.69986599979495],[-114.70052000011054,35.700271999794325],[-114.70141600010913,35.70108399979307],[-114.70221300010792,35.702198999791335],[-114.7024090001076,35.702442999791],[-114.70310900010651,35.7033139997896],[-114.70360800010576,35.70392199978869],[-114.70450100010436,35.70599299978545],[-114.70495900010366,35.70636599978491],[-114.70484200010384,35.706743999784294],[-114.70503200010353,35.707162999783634],[-114.70526100010318,35.707611999782955],[-114.70559700010267,35.70827399978191],[-114.70534700010307,35.708343999781846],[-114.70547400010287,35.70902499978075],[-114.70555900010271,35.71040299977864],[-114.70544700010288,35.711756999776526],[-114.70542300010294,35.711819999776424],[-114.70470800010406,35.71371699977345],[-114.70444200010445,35.71442399977241],[-114.7041750001049,35.71512999977131],[-114.70398100010516,35.715638999770476],[-114.70379200010547,35.71613399976974],[-114.70378700010548,35.7161479997697],[-114.70325500010631,35.71754099976755],[-114.70276700010709,35.718737999765665],[-114.70260600010732,35.71913199976507],[-114.70248400010752,35.719431999764595],[-114.70220000010795,35.72012699976352],[-114.70213100010807,35.72029399976327],[-114.70192700010836,35.72079499976252],[-114.70185900010847,35.72096299976221],[-114.70179400010858,35.72111999976198],[-114.70173000010868,35.72127799976175],[-114.70156500010893,35.721676999761144],[-114.70106000010969,35.72290699975923],[-114.7006830001103,35.72382099975778],[-114.70039000011076,35.72453599975671],[-114.6999780001114,35.72553599975515],[-114.69965700011187,35.726314999753924],[-114.69956700011204,35.726534999753596],[-114.69951600011211,35.726659999753394],[-114.69946400011219,35.72678499975319],[-114.69940500011228,35.72692899975294],[-114.69840500011384,35.72998799974823],[-114.6978590001147,35.73165699974561],[-114.69783100011472,35.731789999745445],[-114.69751800011522,35.73333899974301],[-114.69748400011525,35.733507999742756],[-114.69745000011534,35.7336769997425],[-114.6972770001156,35.734524999741154],[-114.69712900011581,35.735260999740035],[-114.69704400011597,35.735791999739206],[-114.69687200011623,35.736865999737574],[-114.69683600011626,35.73708499973719],[-114.6966990001165,35.73794099973588],[-114.69657700011669,35.738696999734714],[-114.69654000011673,35.73893399973434],[-114.69649900011677,35.74002499973267],[-114.69647000011685,35.740789999731476],[-114.69646200011687,35.74099099973114],[-114.69644100011686,35.74155599973028],[-114.69643800011687,35.74165699973008],[-114.69643400011688,35.741756999729944],[-114.69640500011695,35.742500999728804],[-114.69640000011697,35.74265299972859],[-114.69640100011696,35.74267299972854],[-114.69650400011676,35.74407199972637],[-114.6965510001167,35.74472899972534],[-114.69660600011662,35.7454719997242],[-114.69665500011655,35.74614299972313],[-114.69693700011612,35.74724499972143],[-114.69758500011511,35.74841699971961],[-114.69772600011487,35.749794999717494],[-114.69772600011487,35.750965999715675],[-114.69685400011622,35.75275599971286],[-114.69683800011626,35.75294599971261],[-114.69677000011637,35.75381199971122],[-114.69654600011671,35.754637999709985],[-114.69618100011729,35.755138999709175],[-114.69601100011755,35.755371999708814],[-114.69567500011806,35.75552899970859],[-114.69502600011907,35.75583099970811],[-114.69426700012025,35.75663299970688],[-114.69454800011982,35.75723099970594],[-114.6947060001196,35.75785399970499],[-114.69471700011957,35.75789699970488],[-114.69522400011874,35.758539999703885],[-114.69545900011838,35.75870099970365],[-114.69626600011713,35.759252999702824],[-114.69682900011628,35.759849999701885],[-114.69742000011536,35.76067699970059],[-114.70025600011098,35.76685799969101],[-114.70026600011096,35.76687899969096],[-114.70068900011029,35.76827999968879],[-114.70102700010978,35.769679999686616],[-114.7011390001096,35.77100299968458],[-114.70119700010952,35.77179299968333],[-114.70119300010953,35.7721379996828],[-114.70118500010949,35.77283999968171],[-114.70117700010951,35.77351799968068],[-114.70117700010951,35.773542999680615],[-114.70117000010953,35.77411199967975],[-114.70066400011035,35.777256999674876],[-114.70007400011121,35.78012599967042],[-114.69991000011152,35.781293999668605],[-114.6998920001115,35.7814199996684],[-114.69987400011155,35.781546999668194],[-114.69968100011187,35.782926999666074],[-114.69944300011224,35.784815999663124],[-114.69939300011231,35.78521199966252],[-114.69934300011238,35.785606999661866],[-114.69903600011287,35.788045999658095],[-114.69909200011278,35.789468999655924],[-114.69931800011238,35.79047999965434],[-114.69988200011153,35.79112299965334],[-114.7011790001095,35.79244599965125],[-114.70145900010908,35.79273199965081],[-114.70317800010645,35.794684999647814],[-114.70424800010477,35.79663699964476],[-114.70434800010463,35.79677999964457],[-114.70582700010232,35.79888899964129],[-114.708616000098,35.8014619996373],[-114.70920600009708,35.80206099963635],[-114.71149000009353,35.80437999963277],[-114.71191300009286,35.80495499963183],[-114.71202600009269,35.80552899963095],[-114.71193400009281,35.805673999630756],[-114.7112940000938,35.80667599962919],[-114.71053400009498,35.807524999627844],[-114.71008400009572,35.80855799962626],[-114.71003700009578,35.80867299962608],[-114.70971800009625,35.80945299962485],[-114.70933400009687,35.81003499962395],[-114.7093240000969,35.81004999962397],[-114.70881800009766,35.81057699962315],[-114.70765300009947,35.81125699962206],[-114.70634000010153,35.81202199962087],[-114.70551800010281,35.81280699961968],[-114.70422800010476,35.81403999961776],[-114.7041520001049,35.814116999617625],[-114.70366500010567,35.81461399961688],[-114.70351900010587,35.81484399961653],[-114.70327100010627,35.81523299961589],[-114.70319300010641,35.81543399961561],[-114.70272600010713,35.81664299961369],[-114.70225900010786,35.81785199961183],[-114.70155900010894,35.819661999609025],[-114.70132400010931,35.82026799960806],[-114.70085900011003,35.821472999606215],[-114.70065400011032,35.822003999605386],[-114.70027100011094,35.82256499960454],[-114.69913400011268,35.824229999601926],[-114.69888100011309,35.82457599960139],[-114.69727600011561,35.826775999598],[-114.69680600011634,35.827615999596674],[-114.69671100011647,35.827785999596415],[-114.69661600011659,35.827955999596156],[-114.69553000011831,35.82989699959313],[-114.6953860001185,35.8305749995921],[-114.69536100011857,35.830689999591925],[-114.69533700011857,35.83080499959175],[-114.69527700011867,35.83109099959131],[-114.6952650001187,35.831585999590516],[-114.69524900011874,35.83228499958943],[-114.69544300011842,35.832706999588765],[-114.69550000011833,35.83282999958857],[-114.69550600011831,35.83284299958859],[-114.69555700011824,35.83295299958837],[-114.69575700011796,35.83338699958773],[-114.69692000011611,35.83459199958588],[-114.70020800011105,35.83799899958058],[-114.70147800010903,35.8393159995785],[-114.70167500010876,35.83961599957803],[-114.70171600010872,35.83967799957799],[-114.70175700010861,35.83973999957789],[-114.70207600010815,35.84022499957712],[-114.70208500010813,35.84023899957708],[-114.70229300010777,35.840791999576254],[-114.7023680001077,35.84127999957548],[-114.7024050001076,35.841524999575086],[-114.70236300010771,35.841915999574496],[-114.70233900010771,35.84215099957413],[-114.70352700010591,35.84184499957462],[-114.7037810001055,35.84222199957401],[-114.70393900010527,35.842401999573724],[-114.7041730001049,35.842668999573334],[-114.70420300010483,35.84427399957082],[-114.70452300010436,35.8444059995706],[-114.70607600010192,35.84587299956837],[-114.70619100010174,35.846057999568075],[-114.70628800010161,35.846217999567784],[-114.70652500010124,35.847348999566066],[-114.70652800010123,35.84807299956492],[-114.70653200010122,35.84902699956348],[-114.70585600010224,35.85050799956116],[-114.70486800010377,35.851634999559394],[-114.70440300010449,35.85198599955885],[-114.70359900010578,35.85259499955794],[-114.70190400010841,35.85322299955692],[-114.69998500011138,35.85359099955639],[-114.69658100011668,35.85372699955616],[-114.69606000011748,35.85383199955601],[-114.69529100011869,35.85398699955573],[-114.69498000011913,35.854146999555496],[-114.6943700001201,35.85446299955504],[-114.69344600012153,35.85512499955399],[-114.69294600012228,35.85621399955227],[-114.69287000012241,35.856345999552104],[-114.69239000012317,35.857183999550784],[-114.69184500012403,35.85804699954946],[-114.69145600012462,35.858660999548476],[-114.68958100012753,35.85991599954656],[-114.68779800013027,35.860727999545304],[-114.68565400013364,35.86155599954401],[-114.6846310001352,35.86195199954341],[-114.6834040001371,35.862425999542666],[-114.68205000013921,35.862949999541854],[-114.68186000013952,35.86297999954178],[-114.68152300014003,35.8630329995417],[-114.68016000014217,35.863247999541386],[-114.67912100014377,35.8632809995413],[-114.67835600014496,35.8633049995413],[-114.67818600014522,35.863310999541284],[-114.67757300014614,35.86348199954102],[-114.67603000014856,35.86391099954034],[-114.67549000014941,35.864159999539936],[-114.67542700014951,35.86417999953994],[-114.67489300015035,35.864356999539666],[-114.6735600001524,35.86464699953922],[-114.6725880001539,35.8649249995388],[-114.67228900015436,35.86501099953864],[-114.67185800015505,35.86502299953861],[-114.67077200015672,35.86505399953859],[-114.66968700015843,35.86508399953851],[-114.66968400015838,35.865066999538556],[-114.66968900015843,35.86505199953859],[-114.6696800001584,35.86503599953858],[-114.66939900015888,35.865279999538245],[-114.66910700015933,35.86577099953746],[-114.66747100016187,35.867060999535454],[-114.66720500016226,35.86717899953527],[-114.66663600016312,35.86743099953486],[-114.6649240001658,35.86819099953368],[-114.6640280001672,35.868588999533074],[-114.66361700016785,35.86877199953278],[-114.66262300016939,35.869212999532124],[-114.66198000017039,35.86984999953114],[-114.66163600017092,35.87054499953007],[-114.66163600017092,35.87106699952926],[-114.66163600017092,35.87123299952896],[-114.66223200016998,35.8722539995274],[-114.66230900016984,35.87238599952718],[-114.66238700016976,35.87251899952696],[-114.66276300016915,35.87316299952596],[-114.66321400016847,35.87369199952519],[-114.66412900016701,35.87412699952449],[-114.66422900016687,35.87417499952443],[-114.664800000166,35.87426499952426],[-114.66642800016348,35.87452199952389],[-114.66719400016228,35.87478699952345],[-114.66720900016225,35.87488399952332],[-114.6673090001621,35.87488399952332],[-114.66711000016238,35.87498399952318],[-114.66814500016079,35.875200999522804],[-114.66907700015935,35.87583399952183],[-114.67200900015479,35.87801799951848],[-114.67296200015335,35.87904399951685],[-114.67602100014858,35.88233899951172],[-114.6773650001465,35.88378699950948],[-114.6779840001455,35.88470699950807],[-114.67801400014548,35.88475199950801],[-114.67897200014397,35.88550999950684],[-114.67928000014354,35.885720999506475],[-114.68074700014125,35.88672899950495],[-114.68096600014093,35.88688499950467],[-114.68455400013534,35.88944199950072],[-114.6848780001348,35.88964999950042],[-114.68964000012744,35.89270099949567],[-114.69087000012553,35.89348899949442],[-114.6936020001213,35.895310999491585],[-114.69410700012048,35.89599799949053],[-114.69454000011984,35.896586999489614],[-114.69606400011747,35.89646399948981],[-114.69558600011823,35.896938999489066],[-114.6949280001192,35.89759399948804],[-114.69509500011895,35.89774099948784],[-114.69587200011779,35.89843099948678],[-114.69613200011736,35.89866199948642],[-114.69755800011512,35.89935999948534],[-114.69833200011396,35.89999599948436],[-114.69874600011332,35.90033599948379],[-114.69934300011238,35.900827999483056],[-114.70017000011109,35.90178099948156],[-114.70025800011098,35.90175699948162],[-114.70076900011014,35.90306399947957],[-114.70215200010801,35.90476800051857],[-114.70245100010754,35.90513200051805],[-114.7029490001068,35.90573800051709],[-114.70353800010588,35.90670700051561],[-114.70428900010472,35.90730800051466],[-114.70447900010441,35.90738300051453],[-114.70456900010424,35.9074180005145],[-114.70511900010342,35.907637000514114],[-114.70599100010207,35.908598000512654],[-114.70588200010224,35.90888000051223],[-114.70571400010249,35.909316000511524],[-114.70676700010085,35.90895000051211],[-114.70811200009877,35.90993300051059],[-114.70832300009846,35.91141600050827],[-114.70852700009812,35.91271600050624],[-114.70860800009797,35.91323400050544],[-114.70894900009745,35.915438000502036],[-114.70900100009737,35.915775000501526],[-114.70903800009734,35.916024000501125],[-114.70918700009707,35.91682700049989],[-114.70883000009763,35.91669700050005],[-114.70778400009925,35.916993000499644],[-114.70739800009989,35.91805700049798],[-114.70780500009926,35.918797000496795],[-114.70788000009912,35.91920700049616],[-114.70785300009919,35.91960500049555],[-114.70779900009927,35.92027500049454],[-114.7075540000996,35.921484000492626],[-114.70752300009968,35.92164500049239],[-114.70736300009992,35.92530100048674],[-114.7073290001,35.92617700048538],[-114.70760300009954,35.92795000048261],[-114.70800000009893,35.928344000482014],[-114.70839700009833,35.92873800048142],[-114.7084690000982,35.92881400048128],[-114.70850100009818,35.92883400048123],[-114.70854800009806,35.92886400048121],[-114.70857800009804,35.92888500048116],[-114.71078700009463,35.930601000478475],[-114.71100100009426,35.93076700047823],[-114.7125440000919,35.931861000476545],[-114.71296500009123,35.93215900047608],[-114.71288800009137,35.932342000475785],[-114.71282500009147,35.9324830004756],[-114.71275600009153,35.93263900047532],[-114.71285000009141,35.93253300047547],[-114.71341300009055,35.9319000004765],[-114.71323500009083,35.93303500047472],[-114.7133120000907,35.93384400047347],[-114.71378400008996,35.93462500047224],[-114.71402300008958,35.9349950004717],[-114.71461400008866,35.935910000470244],[-114.71681500008526,35.93933400046495],[-114.71701800008492,35.93964900046444],[-114.71731700008445,35.94011500046372],[-114.71755800008413,35.94049100046317],[-114.71779800008375,35.94086300046257],[-114.71788600008358,35.94100000046234],[-114.71797400008347,35.94113800046216],[-114.71997500008035,35.944251000457314],[-114.72025900007992,35.9446920004566],[-114.72070800007918,35.94539400045551],[-114.72089300007895,35.94568100045507],[-114.72120500007844,35.94616900045435],[-114.72156900007786,35.94673800045342],[-114.72202700007716,35.94746200045233],[-114.72224000007685,35.947798000451826],[-114.72231300007672,35.94791400045165],[-114.7223830000766,35.94802500045142],[-114.72249300007644,35.94819700045116],[-114.72260200007628,35.94837100045089],[-114.72266600007617,35.94847200045075],[-114.72294200007576,35.94891300045009],[-114.72324200007529,35.949392000449336],[-114.72360600007471,35.949986000448405],[-114.72372800007452,35.95018100044808],[-114.72384900007432,35.95038000044781],[-114.72389900007425,35.950463000447655],[-114.72441100007347,35.95129600044635],[-114.72461000007314,35.95161200044589],[-114.72469900007303,35.95175300044565],[-114.7262060000707,35.95419900044186],[-114.72656600007014,35.95478100044096],[-114.72668000006996,35.95496300044067],[-114.72683200006969,35.95520900044028],[-114.72739800006883,35.95612000043889],[-114.72781800006817,35.95679600043786],[-114.72804500006782,35.95715900043729],[-114.72837200006734,35.95768100043648],[-114.72858700006697,35.95802100043596],[-114.72870500006678,35.958211000435654],[-114.72932600006584,35.95920400043411],[-114.72954500006551,35.95954900043358],[-114.7295900000654,35.959622000433455],[-114.72976200006514,35.95989500043305],[-114.72849600006714,35.96039500043224],[-114.72866600006688,35.96175700043011],[-114.72932800006583,35.9624280004291],[-114.72971200006526,35.962464000429065],[-114.73009000006465,35.96269100042866],[-114.73055300006394,35.96329500042776],[-114.73061100006385,35.96337800042761],[-114.73112300006306,35.964105000426514],[-114.73139100006262,35.96446400042595],[-114.73245600006095,35.96589100042371],[-114.73470900005748,35.96804700042037],[-114.73619500005515,35.969421000418265],[-114.74053600004845,35.975545000408715],[-114.74349400004382,35.983553000396284],[-114.74360600004366,35.98441600039496],[-114.74367100004355,35.984917000394205],[-114.7436520000436,35.9854160003934],[-114.74363800004363,35.985785000392866],[-114.74335700004406,35.986786000391305],[-114.74316900004436,35.98725800039057],[-114.74311700004444,35.987387000390356],[-114.74306400004451,35.98744100039028],[-114.74004300004918,35.99053400038548],[-114.73941300005015,35.99136300038418],[-114.73931800005033,35.991804000383524],[-114.73948100005009,35.99254200038234],[-114.73986900004945,35.99313800038141],[-114.74015700004901,35.993871000380295],[-114.74054400004843,35.99485300037878],[-114.740829000048,35.99616000037673],[-114.74081900004802,35.99707900037532],[-114.74081500004797,35.99746400037469],[-114.74106500004763,35.99823600037354],[-114.74130000004726,35.998963000372385],[-114.74153600004689,35.99969000037123],[-114.74154400004687,35.99983800037103],[-114.74155200004685,35.99998700037082],[-114.74155300004685,35.999998000370795],[-114.74167900004664,36.00228300036724],[-114.74231600004566,36.00428000036413],[-114.742758000045,36.00556400036214],[-114.74316300004438,36.006722000360355],[-114.7430050000446,36.00845000035764],[-114.74262400004517,36.00930700035633],[-114.7423010000457,36.01033500035476],[-114.74186300004635,36.01101400035367],[-114.74179800004646,36.01111400035353],[-114.74173400004656,36.01121400035339],[-114.74171200004662,36.0112490003533],[-114.74123400004737,36.012195000351824],[-114.74117700004746,36.01231000035165],[-114.7411380000475,36.012387000351566],[-114.74109900004754,36.012465000351426],[-114.7408660000479,36.01292800035071],[-114.73992400004937,36.013799000349366],[-114.73874500005121,36.015025000347464],[-114.73865000005134,36.01512400034733],[-114.73855500005152,36.015223000347135],[-114.73804000005231,36.01568900034641],[-114.73729000005346,36.01617900034569],[-114.73724500005352,36.016208000345614],[-114.73723300005355,36.0162140003456],[-114.73706200005381,36.01631700034545],[-114.7370050000539,36.01635200034542],[-114.73697200005398,36.01637100034537],[-114.73687700005411,36.01642900034528],[-114.73684500005419,36.01644900034523],[-114.73645800005477,36.01668300034487],[-114.73607200005534,36.016917000344506],[-114.73564200005603,36.017177000344134],[-114.73521100005672,36.017437000343705],[-114.73336100005957,36.01855600034196],[-114.73169600006213,36.01960600034033],[-114.73074400006362,36.02020700033938],[-114.72990600006494,36.020736000338616],[-114.72906900006626,36.021264000337794],[-114.72887400006653,36.0213870003376],[-114.72557000007168,36.02438800033292],[-114.72332400007514,36.026588000329525],[-114.72221400007686,36.02796400032736],[-114.72209600007704,36.02895200032583],[-114.72248500007646,36.0297550003246],[-114.72274200007604,36.03028600032377],[-114.7236730000746,36.031230000322296],[-114.72512000007237,36.03191800032124],[-114.72760200006849,36.033099000319396],[-114.72987300006497,36.03548100031571],[-114.73056300006391,36.03620700031456],[-114.73248400006094,36.03742800031267],[-114.73341700005949,36.0379130003119],[-114.73452100005778,36.03805300031172],[-114.7357390000559,36.038033000311714],[-114.73738300005334,36.03782900031206],[-114.73888500005097,36.037465000312636],[-114.74001800004925,36.03746700031263],[-114.7412620000473,36.03804400031174],[-114.74210500004602,36.039792000309035],[-114.74253700004533,36.04195400030568],[-114.74266100004513,36.042573000304685],[-114.74254400004531,36.04457300030157],[-114.7424870000454,36.04555800030005],[-114.74247900004542,36.04569700029987],[-114.74167700004665,36.04787700029647],[-114.73945800005009,36.05019300029289],[-114.73767800005288,36.0515170002908],[-114.736322000055,36.052686000288986],[-114.73583600005571,36.053240000288156],[-114.73570100005594,36.05339300028788],[-114.73508000005688,36.054435000286276],[-114.73512600005682,36.054931000285535],[-114.73528500005659,36.05664800028285],[-114.73563600005605,36.057797000281084],[-114.73602300005541,36.05906300027908],[-114.73659400005454,36.05954100027833],[-114.73930100005038,36.061811000274815],[-114.7400600000492,36.06243700027386],[-114.74112900004752,36.0654540002692],[-114.74220000004584,36.067833000265466],[-114.74213800004594,36.06867600026419],[-114.74233100004562,36.069151000263446],[-114.74354200004376,36.0710370002605],[-114.74523600004113,36.0725110002582],[-114.74772500003729,36.073894000256075],[-114.74889100003548,36.07498100025441],[-114.75057000003284,36.08033000024608],[-114.75403200002751,36.083093000241774],[-114.7546810000265,36.08505200023876],[-114.75450800002676,36.086171000237016],[-114.75378400002785,36.08780700023448],[-114.75283600002933,36.08939300023201],[-114.75144300003149,36.09076400022991],[-114.75009500003358,36.09227500022757],[-114.74914700003507,36.09489400022346],[-114.74891300003543,36.09518300022302],[-114.7450830000414,36.09771200021913],[-114.73920200005051,36.10189500021261],[-114.73749700005317,36.103102000210754],[-114.7367540000543,36.103552000210016],[-114.73576000005585,36.10405300020926],[-114.73485700005727,36.10442600020866],[-114.73408500005843,36.104672000208325],[-114.73158900006234,36.105103000207635],[-114.7260630000709,36.10592700020635],[-114.72597200007107,36.105941000206315],[-114.72514100007231,36.10607300020615],[-114.71825700008304,36.10716400020442],[-114.71719800008464,36.10729200020421],[-114.71570200008699,36.107321000204195],[-114.7153640000875,36.10734200020414],[-114.71433700008907,36.10732200020419],[-114.71133400009376,36.10726400020428],[-114.71025300009546,36.10737300020412],[-114.70926900009698,36.10739600020406],[-114.70852400009812,36.107565000203806],[-114.70796400009897,36.10778400020348],[-114.7073320001,36.10799400020312],[-114.70609100010188,36.108239000202786],[-114.70556600010269,36.1082730002027],[-114.70466700010411,36.10823700020279],[-114.70373700010555,36.108348000202625],[-114.70304600010661,36.108488000202385],[-114.70161700010885,36.10898600020158],[-114.69775900011484,36.110124000199846],[-114.69698100011607,36.11029700019958],[-114.69652700011676,36.11049000019926],[-114.69589900011772,36.11085700019868],[-114.69582300011785,36.11090200019862],[-114.69547500011839,36.11122300019815],[-114.69455200011981,36.111943000197016],[-114.69415200012043,36.11229100019648],[-114.69365500012123,36.11248200019617],[-114.69357300012132,36.11248800019615],[-114.69260500012285,36.112571000196056],[-114.69163100012435,36.11253500019609],[-114.69008900012676,36.112090000196815],[-114.68955100012755,36.111935000197036],[-114.68807400012986,36.11145700019779],[-114.68704400013144,36.11095300019855],[-114.68581200013335,36.110257000199624],[-114.68507900013452,36.109771000200396],[-114.68442600013555,36.10947200020087],[-114.68275400013812,36.10916200020131],[-114.68267000013827,36.10914600020135],[-114.68184700013956,36.10919200020129],[-114.68128000014042,36.109326000201065],[-114.68051200014162,36.10953200020077],[-114.67977500014274,36.10987400020025],[-114.67899100014398,36.11044000019933],[-114.67837500014491,36.110815000198784],[-114.67784100014575,36.11124700019809],[-114.67735700014651,36.111741000197355],[-114.67662900014761,36.11243700019622],[-114.67571900014906,36.113393000194776],[-114.67510600014998,36.114111000193645],[-114.67444700015102,36.11449300019308],[-114.67386600015192,36.11489700019246],[-114.67314400015306,36.11534700019172],[-114.67305500015317,36.1153780001917],[-114.67290300015344,36.11546000019155],[-114.67186700015503,36.115964000190786],[-114.66916600015924,36.11599500019071],[-114.6657160001646,36.11609800019056],[-114.6643430001667,36.11630000019028],[-114.66214400017009,36.117742000188],[-114.66183300017059,36.11815800018735],[-114.66044800017272,36.11999900018452],[-114.65893000017508,36.122704000180306],[-114.65884600017523,36.1228520001801],[-114.65876300017538,36.12300100017984],[-114.65813100017635,36.124127000178134],[-114.65551200018041,36.12618700017492],[-114.65290400018444,36.12783000017237],[-114.65170000018634,36.12858900017119],[-114.64905700019045,36.12984500016921],[-114.64572800019562,36.13199500016589],[-114.64238500020076,36.13354000016352],[-114.6419760002014,36.13373000016321],[-114.64109800020276,36.134392000162165],[-114.6401250002043,36.13512600016105],[-114.63828000020715,36.13544200016054],[-114.63686200020936,36.135552000160374],[-114.635809000211,36.13617000015944],[-114.6325280002161,36.13985800015371],[-114.63141400021783,36.14134800015137],[-114.6304740002193,36.142218000150024],[-114.62846200022238,36.141822000150626],[-114.62707900022457,36.14076100015228],[-114.62383700022957,36.13714400015789],[-114.62226400023201,36.134268000162365],[-114.6206050002346,36.131759000166255],[-114.618429000238,36.130328000168504],[-114.61690100024032,36.12979500016928],[-114.6154550002426,36.129653000169526],[-114.61324000024604,36.130266000168604],[-114.61168800024842,36.131037000167396],[-114.61063900025005,36.13155800016659],[-114.60959000025167,36.13207900016579],[-114.60928800025215,36.13222900016552],[-114.60419200026007,36.13577300016004],[-114.59806700026957,36.14055400015263],[-114.59751200027046,36.140896000152054],[-114.59647400027205,36.14153700015106],[-114.59461800027492,36.142151000150136],[-114.59442000027525,36.14221600015003],[-114.59422200027552,36.14228200014992],[-114.59303500027738,36.14267400014933],[-114.58982800028235,36.14319200014853],[-114.58764000028577,36.14389700014743],[-114.58496700028991,36.145059000145636],[-114.58371600029187,36.145560000144826],[-114.58361400029202,36.14557400014479],[-114.58070700029651,36.1459870001442],[-114.57957800029828,36.146700000143085],[-114.57882800029944,36.14717500014234],[-114.5770600003022,36.148845000139715],[-114.57430100030649,36.15005300013786],[-114.57247400030928,36.150648000136925],[-114.57109000031147,36.15109900013624],[-114.56904700031464,36.151184000136084],[-114.56470900032133,36.15082400013665],[-114.56117300032685,36.15092100013652],[-114.55761200033237,36.151924000134954],[-114.55698300033333,36.15216100013458],[-114.55616200033461,36.15247000013409],[-114.55561200033549,36.152401000134205],[-114.55537300033586,36.15237100013428],[-114.55513400033624,36.1523410001343],[-114.55446100033726,36.152257000134455],[-114.5531550003393,36.15177700013521],[-114.55225400034067,36.15144500013571],[-114.55044500034347,36.15106000013628],[-114.54874200034612,36.15069700013686],[-114.54672500034928,36.15108000013629],[-114.54653300034954,36.15113300013621],[-114.5448500003522,36.151601000135486],[-114.54323200035469,36.15187100013503],[-114.53923300036092,36.15176400013519],[-114.5375620003635,36.15141300013573],[-114.53447800036827,36.15023000013758],[-114.53292400037071,36.14928200013907],[-114.53230800037164,36.14804000014101],[-114.53109100037352,36.14764400014161],[-114.52885000037702,36.147751000141454],[-114.52621000038113,36.14817700014078],[-114.51919700039201,36.149752000138335],[-114.51686400039563,36.15027700013752],[-114.51428000039965,36.150795000136725],[-114.51121800040437,36.15057600013705],[-114.50810400040922,36.14971300013838],[-114.50104900042015,36.14451600014644],[-114.50023600042141,36.143226000148445],[-114.4999920004218,36.141594000150974],[-114.50033900042126,36.14070000015238],[-114.50108000042013,36.14006000015337],[-114.50321300041679,36.13924200015464],[-114.50515000041378,36.13807800015644],[-114.50717500041065,36.13634000015912],[-114.50840700040874,36.13457600016187],[-114.5092100004075,36.133247000163976],[-114.50902200040781,36.1316160001665],[-114.50846700040864,36.1299130001691],[-114.50720100041059,36.12848400017134],[-114.50471500041448,36.12718800017336],[-114.501798000419,36.12655600017433],[-114.4988490004236,36.12661200017425],[-114.49183600043449,36.12803100017203],[-114.487635000441,36.12865600017108],[-114.48382700044692,36.129720000169414],[-114.47824800045555,36.13268300016483],[-114.4686740004704,36.13888900015519],[-114.4655790004752,36.139496000154224],[-114.46260000047982,36.13964400015402],[-114.45894500048553,36.13921400015471],[-114.45648700048935,36.1380320001565],[-114.45511000049146,36.1363720001591],[-114.45379800049352,36.133586000163405],[-114.45133100049736,36.12983100016925],[-114.44879500050126,36.12775200017251],[-114.44713500050386,36.12602200017517],[-114.44620200050531,36.12567300017571],[-114.4450420005071,36.125346000176194],[-114.44373600050915,36.125593000175854],[-114.44350200050951,36.12572400017564],[-114.4395210005157,36.12796200017215],[-114.43550699948025,36.130057000168904],[-114.43089299948741,36.132655000164846],[-114.4259359994951,36.135618000160264],[-114.42311399949949,36.137350000157596],[-114.42008299950419,36.14052900015264],[-114.41819299950708,36.14277100014914],[-114.41525299951167,36.14512300014553],[-114.41249099951597,36.146511000143335],[-114.411810999517,36.1466100001432],[-114.40913999952119,36.14700000014261],[-114.4056239995266,36.146983000142654],[-114.40431999952864,36.1467970001429],[-114.4022809995318,36.146507000143345],[-114.39837299953786,36.14579900014445],[-114.39432799954415,36.14456100014638],[-114.38830099955351,36.14294600014887],[-114.3823649995627,36.14155600015107],[-114.38147899956408,36.141349000151365],[-114.37997599956645,36.14138800015132],[-114.37809799956932,36.14209000015023],[-114.37664499957162,36.1429560001489],[-114.37535599957363,36.14355600014795],[-114.37527799957371,36.14359200014792],[-114.3737449995761,36.143722000147704],[-114.37173599957924,36.143206000148496],[-114.37018099958163,36.1426240001494],[-114.36855099958416,36.140892000152064],[-114.36738099958598,36.13852000015578],[-114.36552899958883,36.13630600015921],[-114.36449899959047,36.13407200016269],[-114.36062599959644,36.12941200016991],[-114.35896799959903,36.1277950001724],[-114.35727599960165,36.12666000017418],[-114.35481699960548,36.125124000176584],[-114.35191499960996,36.12329900017937],[-114.34859199961517,36.12114700018276],[-114.34509999962057,36.11855600018674],[-114.34502199962071,36.1184720001869],[-114.34260099962444,36.11587800019089],[-114.34094999962701,36.11345700019467],[-114.3388149996303,36.11130900019799],[-114.33726399963274,36.11042800019936],[-114.33628399963425,36.10899800020161],[-114.3354729996355,36.1077760002035],[-114.33463199963683,36.10678400020504],[-114.33358699963844,36.1063420002057],[-114.33100999964245,36.10605200020615],[-114.32880099964586,36.10590200020641],[-114.32699599964866,36.104904000207966],[-114.3258139996505,36.10393300020945],[-114.32553899965092,36.102989000210925],[-114.32461299965235,36.101997000212464],[-114.32345799965418,36.101186000213715],[-114.32264799965543,36.099895000215724],[-114.32251799965559,36.099570000216204],[-114.32209399965626,36.09851400021785],[-114.32086599965817,36.096463000221036],[-114.31906699966095,36.094845000223586],[-114.31759999966323,36.093834000225115],[-114.3174239996635,36.09371300022531],[-114.31724899966378,36.0935920002255],[-114.31698299966422,36.09340900022579],[-114.31515899966706,36.09146900022881],[-114.31308599967025,36.088816000232896],[-114.31243999967126,36.08815100023395],[-114.3069389996798,36.082487000242736],[-114.30668099968022,36.0819210002436],[-114.30624499968087,36.080967000245096],[-114.30539299968217,36.078183000249396],[-114.30478399968314,36.0767090002517],[-114.30417099968412,36.07558000025347],[-114.30438399968375,36.07401900025587],[-114.30585299968146,36.071478000259845],[-114.30651699968047,36.07074300026096],[-114.30748499967893,36.06967200026264],[-114.3102809996746,36.06755200026595],[-114.3124199996713,36.06611700026815],[-114.31359999966946,36.06414800027119],[-114.31386999966907,36.06335600027245],[-114.31432799966831,36.062016000274525],[-114.31436199966828,36.061501000275314],[-114.31442699966817,36.06052300027682],[-114.31359099966949,36.05904800027912],[-114.3119039996721,36.05766100028126],[-114.3086239996772,36.05697600028236],[-114.3084759996774,36.05698500028234],[-114.30097099968907,36.057460000281594],[-114.29975499969095,36.057359000281735],[-114.29859299969274,36.057263000281864],[-114.29594099969688,36.056168000283606],[-114.29343499970076,36.05450000028617],[-114.2919269997031,36.052263000289656],[-114.29120099970424,36.05106300029149],[-114.29086699970475,36.050511000292374],[-114.28950699970687,36.049829000293414],[-114.28799199970922,36.04907000029459],[-114.2860059997123,36.048657000295236],[-114.28400599971542,36.048242000295886],[-114.27963699972219,36.04610300029924],[-114.27816599972448,36.04581900029967],[-114.27615299972757,36.046083000299234],[-114.27391099973107,36.04652900029856],[-114.27229899973355,36.04628900029894],[-114.27086199973581,36.045523000300136],[-114.26954799973782,36.04376900030286],[-114.26889599973885,36.04094000030722],[-114.26921999973837,36.03680700031367],[-114.26858599973934,36.03503400031639],[-114.26744599974108,36.03284500031981],[-114.26597099974339,36.03031000032371],[-114.26500099974487,36.02884800032598],[-114.26437999974587,36.027911000327435],[-114.26238799974897,36.02610700033023],[-114.25951799975343,36.02420600033321],[-114.25163299976566,36.01988600033991],[-114.25084599976685,36.01956000034039],[-114.24841899977065,36.01855600034196],[-114.24805099977118,36.01833400034229],[-114.24615899977414,36.01719300034409],[-114.2461109997742,36.01716400034411],[-114.24479399977628,36.01582300034619],[-114.24386499977771,36.01526600034708],[-114.24213899978037,36.015187000347225],[-114.24043899978301,36.015245000347136],[-114.23994899978379,36.01510000034733],[-114.23916899978497,36.014870000347685],[-114.23815399978656,36.01447300034829],[-114.23767699978731,36.014009000349006],[-114.23757199978746,36.013908000349204],[-114.23746799978761,36.01380600034935],[-114.23739799978773,36.01373800034946],[-114.23732799978785,36.01367000034958],[-114.2368919997885,36.01324700035019],[-114.23536599979087,36.01300800035057],[-114.23516399979121,36.01299000035061],[-114.23344299979385,36.01283500035083],[-114.23185399979633,36.013147000350386],[-114.23007599979911,36.013966000349114],[-114.22949299980002,36.01423500034866],[-114.22855999980146,36.01454800034821],[-114.22801499980233,36.01473100034792],[-114.22645899980472,36.014606000348124],[-114.22479799980732,36.013699000349504],[-114.22422999980819,36.01390300034922],[-114.22145299981247,36.014160000348795],[-114.21875899981666,36.01451100034825],[-114.21660899981998,36.01433600034852],[-114.2162319998206,36.0144280003484],[-114.21467899982298,36.01480600034779],[-114.21354899982475,36.0146150003481],[-114.21193199982724,36.014834000347776],[-114.21059499982937,36.01542300034686],[-114.208231999833,36.016053000345835],[-114.20785699983361,36.0161520003457],[-114.2060519998364,36.016634000344936],[-114.20415599983932,36.01657500034503],[-114.20122699984387,36.017751000343196],[-114.20048899984505,36.01774600034321],[-114.20006599984566,36.017743000343216],[-114.19874799984774,36.0180820003427],[-114.1967099998509,36.01860700034189],[-114.19467099985405,36.019131000341076],[-114.1929099998568,36.01958400034039],[-114.19122099985941,36.02001900033969],[-114.1907309998602,36.02028200033931],[-114.19008799986119,36.020628000338775],[-114.18597799986753,36.02222000033629],[-114.18585999986772,36.02226600033623],[-114.18275199987255,36.02327400033465],[-114.17943799987768,36.02431300033305],[-114.17939699987778,36.02433700033299],[-114.17630399988258,36.02612900033023],[-114.17468299988508,36.026670000329375],[-114.17326699988729,36.026752000329225],[-114.17193699988934,36.026674000329365],[-114.17088899989096,36.02673400032927],[-114.16711799989685,36.02695400032894],[-114.16663799989755,36.02698200032887],[-114.16442499990103,36.02685300032908],[-114.16440199990103,36.026852000329086],[-114.16310999990304,36.02661800032945],[-114.16123699990595,36.026279000329964],[-114.1595999999085,36.025727000330846],[-114.15734399991197,36.02496600033203],[-114.1546959999161,36.023776000333896],[-114.15339999991812,36.0231700003348],[-114.15138999992126,36.023133000334894],[-114.15082699992212,36.0233170003346],[-114.15022499992307,36.02351500033427],[-114.14833599992596,36.0251850003317],[-114.14698899992806,36.026061000330344],[-114.1465389999288,36.026546000329574],[-114.14646799992886,36.026624000329434],[-114.14590699992976,36.02722900032853],[-114.14563699993016,36.028559000326425],[-114.14575699992997,36.030490000323425],[-114.14567199993013,36.03297000031961],[-114.1446659999317,36.03427200031757],[-114.14315299993405,36.03529500031601],[-114.14047999993818,36.036218000314534],[-114.13825999994162,36.037190000313046],[-114.13711199994339,36.03849100031101],[-114.13618099994483,36.04033000030819],[-114.13572099994553,36.04123800030675],[-114.1348409999469,36.04387300030265],[-114.13482399994695,36.04534300030042],[-114.1351989999464,36.047160000297595],[-114.13592699994524,36.05035800029259],[-114.13620599994482,36.053232000288176],[-114.1351999999464,36.05694600028238],[-114.1333889999492,36.06166500027507],[-114.13270499995025,36.06295300027307],[-114.12976799995482,36.06848400026445],[-114.12787099995774,36.07066200026111],[-114.1258909999608,36.07293500025759],[-114.12584499996092,36.07299900025748],[-114.12401899996371,36.07556300025351],[-114.12118599996813,36.082755000242344],[-114.11964799997048,36.085822000237556],[-114.11832399997257,36.087489000234996],[-114.11703799997457,36.08893500023271],[-114.11634999997563,36.08970400023156],[-114.11566099997668,36.09047400023036],[-114.11531099997723,36.09086600022971],[-114.11390499997941,36.09232700022744],[-114.11299099998087,36.09327600022601],[-114.11229699998194,36.0940500002248],[-114.1119979999824,36.09491000022348],[-114.11189999998254,36.09584500022203],[-114.11245199998166,36.09661500022082],[-114.11389999997942,36.09832900021814],[-114.11520799997743,36.09987800021577],[-114.11706999997449,36.10117700021374],[-114.1179779999731,36.1012770002136],[-114.119328999971,36.101930000212576],[-114.12103299996835,36.103885000209516],[-114.12129099996798,36.104513000208556],[-114.1217789999672,36.1056990002067],[-114.12166999996737,36.108294000202704],[-114.12128399996794,36.109519000200805],[-114.12117399996816,36.10986600020027],[-114.12106499996833,36.110214000199676],[-114.1208649999686,36.110850000198695],[-114.11916499997125,36.11303900019533],[-114.11893199997161,36.11334000019485],[-114.11869799997197,36.11364100019438],[-114.11849699997231,36.11390000019401],[-114.1170249999746,36.11485000019252],[-114.11606099997607,36.11547100019152],[-114.10838099998801,36.1191540001858],[-114.10741899998948,36.11940100018546],[-114.10417699999454,36.119381000185456],[-114.10043300000035,36.11935900018551],[-114.09921700000223,36.11968500018503],[-114.09777300000445,36.12019000018421],[-114.09770700000456,36.12021300018421],[-114.09699400000568,36.120823000183236],[-114.09568100000769,36.124202000178],[-114.09536100000821,36.12499100017675],[-114.09510100000864,36.125725000175635],[-114.09484100000901,36.126459000174464],[-114.09416400001004,36.128370000171515],[-114.09348800001112,36.13028000016857],[-114.09275300001224,36.132356000165316],[-114.09236600001287,36.135331000160704],[-114.09170100001387,36.13730300015766],[-114.08927900001765,36.14032600015298],[-114.08924900001767,36.1403820001529],[-114.08789900001977,36.142923000148926],[-114.08123400003012,36.15020800013764],[-114.07945000003292,36.15462500013075],[-114.07883200003386,36.157434000126386],[-114.07777900003549,36.15947900012321],[-114.07564100003884,36.16252300011848],[-114.07282200004317,36.1684580001093],[-114.07165200004499,36.170921000105466],[-114.07141700004536,36.171316000104866],[-114.07130000004554,36.17151200010454],[-114.07118400004572,36.17170900010427],[-114.07000200004757,36.17369600010119],[-114.06882100004941,36.175683000098104],[-114.06679800005253,36.17908700009281],[-114.06482300005558,36.181275000089386],[-114.06442400005625,36.18171800008872],[-114.06402400005686,36.182160000088004],[-114.06325500005806,36.18301000008671],[-114.06319200005817,36.18308000008659],[-114.06236100005941,36.184001000085175],[-114.06130500006105,36.18505400008354],[-114.05866200006517,36.18783500007925],[-114.05634500006875,36.188988000077416],[-114.053600000073,36.1902810000754],[-114.05334500007342,36.19047100007515],[-114.05274300007437,36.190919000074416],[-114.04948400007942,36.19213400007254],[-114.04837500008114,36.19237600007216],[-114.04690200008343,36.19270000007168],[-114.04505100008629,36.193106000071054],[-114.04432000008745,36.19326700007076],[-114.0441320000877,36.193308000070715],[-114.043944000088,36.193350000070666],[-114.043948000088,36.19354400007035],[-114.04395200008798,36.19373700007003],[-114.04395400008798,36.19379600006994],[-114.04395500008798,36.1938560000699],[-114.04395800008797,36.19400000006965],[-114.04398400008796,36.19523000006774],[-114.04399900008792,36.1959520000666],[-114.04401300008789,36.196603000065636],[-114.043970000088,36.196647000065525],[-114.04397500008798,36.19883200006217],[-114.04398300008796,36.201366000058215],[-114.04398300008796,36.202273000056834],[-114.04398100008797,36.205387000051985],[-114.04398100008797,36.20757400004857],[-114.04399200008794,36.20809900004775],[-114.0440280000879,36.20967500004531],[-114.04404000008788,36.21020100004449],[-114.04404000008788,36.21247800004096],[-114.04404100008787,36.21463500003762],[-114.04404200008787,36.217157000033694],[-114.04404200008787,36.21886800003102],[-114.04404200008787,36.21931200003036],[-114.04404300008787,36.22147100002701],[-114.04404300008787,36.22159000002682],[-114.04403400008789,36.223528000023805],[-114.0440080000879,36.2293450000148],[-114.0440070000879,36.229682000014236],[-114.04400100008792,36.23099000001224],[-114.04399800008792,36.23128400001178],[-114.04396500008801,36.234231000007185],[-114.04395900008797,36.23486000000622],[-114.04393900008802,36.23680300000319],[-114.04392700008805,36.23787000000158],[-114.04387900008811,36.24229999999466],[-114.04387000008813,36.243074999993496],[-114.04386400008815,36.24372499999248],[-114.04384900008819,36.24511399999034],[-114.0439050000881,36.2460219999889],[-114.04391700008807,36.24621499998858],[-114.04395300008798,36.246794999987685],[-114.04396500008801,36.24698899998742],[-114.0440080000879,36.247697999986315],[-114.04402400008792,36.2479519999859],[-114.04408400008782,36.248914999984436],[-114.04414000008774,36.24982999998298],[-114.04418500008762,36.250540999981865],[-114.04419700008765,36.25070499998162],[-114.04443700008727,36.254573999975605],[-114.04445700008722,36.254882999975166],[-114.04469600008684,36.25874399996917],[-114.04474400008678,36.259521999967944],[-114.04506200008626,36.26565499995843],[-114.04511500008618,36.26668099995686],[-114.04532500008588,36.27071899995059],[-114.04539200008577,36.27199099994857],[-114.04545900008566,36.27328399994656],[-114.04551800008556,36.274389999944844],[-114.04553600008552,36.28098899993461],[-114.04554300008556,36.28319899993119],[-114.04554400008556,36.28355899993062],[-114.04554800008555,36.285249999928],[-114.04555300008553,36.286650999925826],[-114.04555900008552,36.28883699992247],[-114.0455040000856,36.29032599992013],[-114.04545300008567,36.29171299991799],[-114.0454420000857,36.2920189999175],[-114.04541600008571,36.29269299991648],[-114.04534200008584,36.29472199991329],[-114.04533100008587,36.29503099991285],[-114.0453170000859,36.29539999991226],[-114.04531000008592,36.29553799991203],[-114.04530400008593,36.29572799991172],[-114.0452950000859,36.29595599991137],[-114.04529100008591,36.29609799991118],[-114.04527700008595,36.296449999910635],[-114.04523800008599,36.29750799990899],[-114.04522600008602,36.297861999908434],[-114.04514100008618,36.30011299990497],[-114.0450720000863,36.30196599990205],[-114.04503300008633,36.303049999900395],[-114.04434500008739,36.31023399988925],[-114.04416000008769,36.31425099988297],[-114.04410800008776,36.31539999988121],[-114.04405400008784,36.31749199987797],[-114.04405100008785,36.31762799987774],[-114.04407900008783,36.3181869998769],[-114.04408900008781,36.31835699987664],[-114.04422300008758,36.32102299987247],[-114.04462800008696,36.32902299986006],[-114.0446760000869,36.32996999985858],[-114.04476300008673,36.33168999985594],[-114.0447760000867,36.33196899985552],[-114.0447740000867,36.33219599985512],[-114.04476800008672,36.333716999852754],[-114.04476600008672,36.33422499985198],[-114.04472600008683,36.341742999840335],[-114.04472600008683,36.3418799998401],[-114.04470200008683,36.34629799983327],[-114.04399900008792,36.361081999810324],[-114.043948000088,36.36234499980833],[-114.04386800008814,36.36427999980532],[-114.04366700008842,36.369282999797576],[-114.04356800008861,36.37179699979367],[-114.04353800008863,36.37245699979263],[-114.04346000008877,36.37444799978954],[-114.04343500008883,36.37511299978854],[-114.04341800008882,36.37552799978789],[-114.04338000008892,36.376185999786856],[-114.04319600008915,36.379404999781855],[-114.04313500008925,36.380477999780226],[-114.04303400008945,36.38586999977184],[-114.04303600008944,36.38638299977106],[-114.04304200008943,36.387428999769384],[-114.04303000008946,36.39018699976515],[-114.04281900008976,36.43827699969046],[-114.0428420000897,36.44470199968049],[-114.0428450000897,36.445482999679314],[-114.04285500008973,36.447918999675494],[-114.04285100008974,36.44802999967533],[-114.0428430000897,36.44817499967513],[-114.04286100008972,36.44949399967305],[-114.04300400008947,36.46246199965293],[-114.04307400008935,36.46644399964674],[-114.04308600008937,36.467100999645766],[-114.04313300008926,36.469715999641664],[-114.04348000008872,36.47429599963459],[-114.04361400008855,36.476121999631744],[-114.04366200008843,36.47676199963075],[-114.04366700008842,36.476818999630666],[-114.04403600008789,36.48146399962343],[-114.04425000008752,36.48415999961924],[-114.04444600008725,36.486625999615455],[-114.04463000008695,36.48898299961178],[-114.04479000008672,36.49101299960864],[-114.04481600008666,36.491342999608094],[-114.04489700008656,36.49607799960074],[-114.04493900008646,36.49844699959709],[-114.04494900008643,36.49910699959605],[-114.04500000008636,36.50212399959139],[-114.0450720000863,36.50638099958479],[-114.04527900008594,36.511615999576634],[-114.04534000008584,36.51315699957428],[-114.04548700008564,36.51683699956857],[-114.0455020000856,36.517268999567875],[-114.04553500008552,36.51816799956646],[-114.04555000008554,36.518567999565846],[-114.0455680000855,36.51900099956521],[-114.04564700008535,36.52109499956191],[-114.04565000008535,36.52251399955975],[-114.04565400008534,36.523678999557944],[-114.04567200008535,36.53081999954685],[-114.04567700008533,36.53283799954369],[-114.04567800008533,36.53305899954336],[-114.0456910000853,36.53496999954041],[-114.04570100008527,36.53657499953789],[-114.04570300008527,36.53664799953776],[-114.04570700008526,36.5368189995375],[-114.04572500008527,36.53755099953639],[-114.04573200008525,36.537795999536],[-114.04580900008511,36.541381999530415],[-114.045898000085,36.54541599952421],[-114.04604400008475,36.55214299951376],[-114.04612300008466,36.55573199950817],[-114.04615800008457,36.55735899950565],[-114.04626600008442,36.56223899949805],[-114.04630300008438,36.56386699949553],[-114.04632000008434,36.56461499949438],[-114.04636300008428,36.5662679994918],[-114.04655300008397,36.57347299948066],[-114.04661700008387,36.57587500051858],[-114.04662500008385,36.57620400051803],[-114.04665000008384,36.5771930005165],[-114.04665900008382,36.57752300051601],[-114.04667300008379,36.57803800051522],[-114.04670300008371,36.57919500051344],[-114.04670800008375,36.57938000051314],[-114.04682900008356,36.58421400050565],[-114.04687200008345,36.58588700050302],[-114.04699400008326,36.59021900049629],[-114.047188000083,36.59705300048569],[-114.04728100008282,36.60032200048062],[-114.04736300008273,36.603215000476155],[-114.04748600008253,36.60754800046942],[-114.04748800008252,36.60762600046928],[-114.04749400008251,36.607891000468896],[-114.04751800008245,36.60892300046726],[-114.04752600008248,36.60926800046673],[-114.04756800008238,36.61141500046341],[-114.04769500008217,36.6178560004534],[-114.04774000008211,36.62000500045008],[-114.04779300008204,36.622732000445865],[-114.04788600008192,36.6269530004393],[-114.04798000008174,36.63120800043271],[-114.04811200008157,36.63721600042334],[-114.04838300008112,36.647803000406896],[-114.04856100008084,36.65475400039611],[-114.04858400008084,36.655713000394655],[-114.04865600008071,36.658591000390174],[-114.04868000008065,36.65955100038866],[-114.04879500008047,36.664086000381644],[-114.04914200007994,36.67769400036053],[-114.04920900007983,36.680295000356466],[-114.04925300007977,36.68223000035351],[-114.04934200007966,36.68636900034704],[-114.04952800007936,36.69491000033378],[-114.0496350000792,36.6987860003278],[-114.04975000007903,36.702925000321386],[-114.04993500007873,36.7095210003111],[-114.04994100007872,36.71067700030932],[-114.05001800007858,36.723272000289796],[-114.05002400007857,36.724223000288305],[-114.04998900007865,36.7339420002732],[-114.04997300007864,36.738672000265865],[-114.05004000007858,36.74169700026118],[-114.0500720000785,36.74292800025927],[-114.05016900007837,36.746622000253524],[-114.05020200007829,36.74785400025161],[-114.0502170000783,36.74847000025068],[-114.05026200007819,36.75031900024777],[-114.05027800007821,36.75093600024684],[-114.05030500007814,36.75203700024514],[-114.05032400007809,36.75276200024399],[-114.05032700007808,36.752899000243815],[-114.05029000007818,36.75525100024015],[-114.05028900007818,36.75528000024008],[-114.05024500007823,36.758177000235605],[-114.05008700007846,36.76831500021984],[-114.05002000007858,36.772660000213136],[-114.05000400007862,36.773731000211455],[-114.04994400007871,36.77761200020541],[-114.04990200007876,36.78038800020113],[-114.04987900007882,36.781909000198766],[-114.04989300007878,36.78442800019485],[-114.04991100007874,36.787804000189624],[-114.04993500007873,36.792472000182386],[-114.04995700007868,36.79642700017621],[-114.04996800007865,36.79742600017465],[-114.04996900007865,36.79745300017464],[-114.04997200007864,36.79776700017413],[-114.04998300007867,36.798793000172566],[-114.04998400007867,36.79880200017254],[-114.04998800007866,36.79913600017204],[-114.04998800007866,36.79914700017201],[-114.04998800007866,36.799182000171925],[-114.04998900007865,36.79919400017195],[-114.04998900007865,36.799216000171896],[-114.04998900007865,36.79924400017188],[-114.04998900007865,36.79926400017183],[-114.04998900007865,36.79928500017178],[-114.04999000007865,36.79930800017178],[-114.04999000007865,36.79932400017174],[-114.04999100007865,36.79936400017169],[-114.04999200007865,36.79938800017163],[-114.04999100007865,36.799399000171604],[-114.04999100007865,36.79943500017157],[-114.04999200007865,36.79944800017154],[-114.04999300007864,36.79960700017131],[-114.04999400007864,36.799682000171174],[-114.0500100000786,36.801120000168964],[-114.05004400007857,36.80414400016423],[-114.05006700007851,36.806138000161184],[-114.05008700007846,36.80781100015855],[-114.05010600007847,36.80942800015606],[-114.05010800007847,36.8096370001557],[-114.05011100007846,36.80990100015532],[-114.05014500007837,36.81389100014911],[-114.05014500007837,36.8139190001491],[-114.05014100007838,36.81565200014637],[-114.05014200007838,36.81588400014601],[-114.05014800007837,36.81658000014494],[-114.05015000007836,36.81681200014458],[-114.05014700007837,36.81684900014454],[-114.05014000007839,36.81696300014437],[-114.05013800007839,36.81700100014427],[-114.0501370000784,36.81709500014415],[-114.0501370000784,36.81738100014371],[-114.0501370000784,36.81747600014353],[-114.0501370000784,36.817562000143425],[-114.0501370000784,36.81760700014337],[-114.0501350000784,36.81780000014305],[-114.0501350000784,36.817881000142904],[-114.0501340000784,36.818102000142574],[-114.0501330000784,36.81876900014157],[-114.0501330000784,36.81899100014118],[-114.0501320000784,36.819152000140946],[-114.05013100007841,36.819637000140176],[-114.05013100007841,36.81979900013994],[-114.05012900007841,36.8204570001389],[-114.05012500007842,36.82243200013585],[-114.05012400007843,36.823091000134866],[-114.05012300007843,36.82329900013451],[-114.05012400007843,36.8233890001344],[-114.05012300007843,36.82356400013413],[-114.05012200007843,36.823926000133554],[-114.05012200007843,36.8241350001332],[-114.05012000007844,36.824224000133086],[-114.05012000007844,36.824279000133004],[-114.05012000007844,36.8247160001323],[-114.05012000007844,36.82476100013224],[-114.05012000007844,36.8248620001321],[-114.05012000007844,36.82497700013192],[-114.05011800007844,36.82537500013132],[-114.05011700007844,36.82543100013123],[-114.05011500007845,36.82691400012891],[-114.05011400007845,36.827427000128125],[-114.05011200007846,36.828378000126634],[-114.05014700007837,36.83056900012326],[-114.05030200007815,36.83999800010861],[-114.05035400007807,36.84314100010374],[-114.0503430000781,36.850101000092934],[-114.05031400007812,36.8709840000605],[-114.05030900007813,36.87498000005428],[-114.05033500007812,36.87794500004969],[-114.0503410000781,36.87863600004863],[-114.05035900007806,36.880709000045385],[-114.05036600007804,36.88140100004432],[-114.05037300007803,36.882214000043064],[-114.05039400007803,36.88465300003929],[-114.05040200007801,36.885467000038034],[-114.05041100007799,36.8865600000363],[-114.05046400007791,36.89262000002691],[-114.05050200007781,36.89523200002287],[-114.05042300007796,36.903154000010545],[-114.05040200007801,36.90633000000565],[-114.05040100007801,36.906345000005615],[-114.05022300007829,36.93251299996501],[-114.0502180000783,36.93309199996412],[-114.05018400007833,36.93740099995739],[-114.05018000007834,36.93820399995616],[-114.05017500007835,36.93949099995416],[-114.05016100007839,36.94034799995285],[-114.05011300007845,36.947620999941535],[-114.05007900007848,36.950648999936845],[-114.05006500007852,36.951866999934964],[-114.05001600007859,36.95595999992861],[-114.04999500007864,36.957768999925804],[-114.04999800007863,36.95802199992539],[-114.05011000007846,36.96589899991318],[-114.05020500007828,36.972538999902895],[-114.05049000007784,36.99246199987192],[-114.05058500007772,36.999102999861634],[-114.05061600007764,37.00016699985997],[-114.05005200007855,37.00019099985997],[-114.05005500007854,37.001715999857595],[-114.0500720000785,37.01409499983839],[-114.05015000007836,37.02222799982576],[-114.05016000007839,37.023163999824305],[-114.05026200007819,37.03030199981322],[-114.05032600007809,37.03491599980606],[-114.05032700007808,37.0350019998059],[-114.05048500007786,37.04624599978848],[-114.05067400007755,37.06003499976708],[-114.05075600007746,37.06601899975777],[-114.05083400007732,37.07157699974914],[-114.05088100007725,37.074975999743856],[-114.05118000007678,37.080442999735396],[-114.05134400007654,37.08410599972967],[-114.05137700007646,37.08484999972853],[-114.05150200007631,37.08588899972693],[-114.0516330000761,37.088590999722726],[-114.05144800007639,37.08856499972279],[-114.05144800007639,37.08886699972231],[-114.0514200000764,37.089086999721985],[-114.05144100007641,37.08922399972175],[-114.05148900007629,37.089421999721424],[-114.05147500007632,37.089575999721205],[-114.05146900007634,37.08958599972118],[-114.05139900007646,37.08971299972097],[-114.05140000007646,37.08983399972078],[-114.05152300007626,37.090107999720374],[-114.05157800007618,37.090327999720046],[-114.0515710000762,37.090448999719854],[-114.05153600007623,37.09057499971965],[-114.05153600007623,37.09062799971957],[-114.05153600007623,37.09072899971943],[-114.05162500007611,37.09095899971908],[-114.051694000076,37.091293999718516],[-114.051692000076,37.09132799971849],[-114.05168700007602,37.09143199971834],[-114.05179000007581,37.09177199971782],[-114.0518160000758,37.0918209997177],[-114.05196900007559,37.09340899971528],[-114.05220000007517,37.09716599970943],[-114.05223800007514,37.09758699970877],[-114.05229700007504,37.098242999707736],[-114.05231700007499,37.09846899970739],[-114.05232700007502,37.099115999706385],[-114.05240700007488,37.104241999698445],[-114.05254100007465,37.112880999685046],[-114.05242300007484,37.11789999967726],[-114.05191400007567,37.122765999669696],[-114.05189500007566,37.12494699966629],[-114.05191200007567,37.12649099966393],[-114.0518780000757,37.13030599965799],[-114.05186600007573,37.13438699965167],[-114.05187000007572,37.13474299965111],[-114.05189500007566,37.136924999647704],[-114.05188700007568,37.139894999643104],[-114.05188900007568,37.140588999642034],[-114.05189100007567,37.14179699964012],[-114.05190800007563,37.147759999630864],[-114.05188400007569,37.15346199962204],[-114.05192200007565,37.160555999611006],[-114.05189100007567,37.162339999608264],[-114.05188900007568,37.16246299960807],[-114.05188900007568,37.16247799960803],[-114.05186400007574,37.16507399960403],[-114.05185200007577,37.16543299960347],[-114.05185200007577,37.16544899960343],[-114.05165500007604,37.171963999593345],[-114.05167400007599,37.17246699959253],[-114.05162800007611,37.18011399958067],[-114.05161500007608,37.1841519995744],[-114.05171200007595,37.20815099953717],[-114.05170500007597,37.229755999503595],[-114.05170400007597,37.233919999497175],[-114.05174100007594,37.25003500051383],[-114.05167600007604,37.25775300050185],[-114.05178300007583,37.27205500047961],[-114.05180100007584,37.27311900047795],[-114.05180100007584,37.27313700047796],[-114.05183300007576,37.275400000474406],[-114.05184800007572,37.27645900047281],[-114.05195300007557,37.28414300046086],[-114.05195700007556,37.28433400046055],[-114.05196000007555,37.28448400046034],[-114.05188800007568,37.29295500044719],[-114.05187300007572,37.29373700044596],[-114.05186800007573,37.296336000441954],[-114.05171500007594,37.30059200043536],[-114.05166500007601,37.30297200043162],[-114.05165600007604,37.303146000431354],[-114.05162600007611,37.30390500043018],[-114.05165500007604,37.304820000428776],[-114.05165800007603,37.305951000427],[-114.05168000007603,37.30728900042493],[-114.05170900007596,37.309052000422184],[-114.05172200007593,37.30943800042161],[-114.05176700007587,37.312615000416656],[-114.05189000007567,37.3199500004053],[-114.0518820000757,37.32085500040387],[-114.05180000007584,37.326634000394904],[-114.05180200007584,37.326920000394466],[-114.0517540000759,37.33128400038771],[-114.05175800007589,37.33174300038695],[-114.05177000007586,37.33428700038303],[-114.05178900007581,37.33832000037677],[-114.05180300007584,37.33987500037438],[-114.05179400007586,37.3402170003738],[-114.05179700007585,37.34051700037338],[-114.05181100007582,37.343518000368704],[-114.05181200007581,37.34443900036729],[-114.05181200007581,37.34457000036707],[-114.05181300007581,37.34504100036634],[-114.05181400007581,37.345732000365274],[-114.0518160000758,37.34687400036347],[-114.0518180000758,37.347264000362884],[-114.0518170000758,37.34766200036228],[-114.0518200000758,37.34936700035962],[-114.05182100007579,37.3508710003573],[-114.05182200007579,37.35249600035479],[-114.05183500007576,37.35424900035207],[-114.05182400007578,37.354949000350985],[-114.0518180000758,37.35553100035003],[-114.05183100007577,37.35647000034862],[-114.05186200007574,37.358595000345304],[-114.05186400007574,37.361298000341094],[-114.05184800007572,37.365455000334634],[-114.05183700007575,37.36811500033053],[-114.05183800007575,37.36929400032869],[-114.05184300007573,37.37053700032675],[-114.05183800007575,37.37090400032622],[-114.05182500007578,37.372322000324004],[-114.05183200007576,37.37324900032257],[-114.05184400007573,37.37490600031998],[-114.05184900007572,37.37654800031743],[-114.05185200007577,37.37751300031596],[-114.05185900007575,37.37983200031232],[-114.05186800007573,37.38104200031046],[-114.05187200007572,37.38445700030513],[-114.0518770000757,37.38615700030249],[-114.0518780000757,37.38632600030223],[-114.05187600007571,37.38772000030008],[-114.0518770000757,37.388520000298854],[-114.0518800000757,37.390346000296006],[-114.05188500007569,37.39078700029535],[-114.05188300007569,37.391304000294554],[-114.0518820000757,37.3918210002937],[-114.05189100007567,37.399188000282265],[-114.05190100007565,37.4054470002726],[-114.05191000007568,37.40800400026859],[-114.05191000007568,37.40894800026712],[-114.05190900007568,37.41154400026312],[-114.05191300007567,37.414478000258555],[-114.05191600007566,37.416672000255176],[-114.05194500007559,37.41821800025275],[-114.05202500007545,37.4196720002505],[-114.05220000007517,37.422905000245464],[-114.05228300007508,37.4244490002431],[-114.05226600007512,37.42466400024273],[-114.0524000000749,37.425771000241014],[-114.05241600007486,37.42621400024035],[-114.05249400007477,37.42796700023763],[-114.05254600007464,37.42934500023546],[-114.05280700007427,37.43414900022805],[-114.05283000007421,37.437276000223164],[-114.05281900007424,37.43904100022041],[-114.05281300007425,37.44290500021441],[-114.05275300007435,37.44759300020718],[-114.05272100007437,37.448669000205484],[-114.0527300000744,37.4492430002046],[-114.05273700007439,37.4497420002038],[-114.0527120000744,37.45315000019855],[-114.05267800007448,37.456053000194004],[-114.05267500007449,37.45804300019091],[-114.0526700000745,37.45956300018855],[-114.05265800007447,37.4603980001873],[-114.05265400007448,37.46086500018657],[-114.05264200007451,37.46253900018394],[-114.05263500007453,37.464071000181605],[-114.0526500000745,37.46482300018039],[-114.05267600007448,37.46620500017826],[-114.05267700007448,37.4663150001781],[-114.05269000007445,37.46689200017721],[-114.05275000007435,37.46946400017322],[-114.0527730000743,37.470474000171635],[-114.05277900007428,37.471920000169405],[-114.0527940000743,37.47234000016874],[-114.05278200007427,37.47361000016679],[-114.05275600007434,37.47992200015699],[-114.05274900007436,37.480556000156014],[-114.05266200007446,37.48288600015235],[-114.05266200007446,37.489347000142345],[-114.05266200007446,37.489456000142184],[-114.05270100007442,37.49201400013823],[-114.05265600007448,37.49746800012974],[-114.05263500007453,37.49997400012586],[-114.05263600007453,37.50056100012495],[-114.05268500007446,37.502513000121894],[-114.05268200007447,37.50931200011138],[-114.05268500007446,37.51584000010121],[-114.05269500007444,37.51626400010059],[-114.05272900007441,37.5175250000986],[-114.05269000007445,37.518005000097844],[-114.05281800007424,37.53103100007763],[-114.05283000007421,37.53232800007561],[-114.05282300007423,37.53443700007233],[-114.0528350000742,37.537010000068335],[-114.0528330000742,37.5383960000662],[-114.0528550000742,37.541767000060986],[-114.05288500007413,37.54926200004934],[-114.05288500007413,37.55313700004331],[-114.05288500007413,37.5541170000418],[-114.05288500007413,37.556100000038725],[-114.05288500007413,37.560855000031324],[-114.05287800007414,37.56523800002452],[-114.05285100007421,37.5697750000175],[-114.05282400007422,37.574252000010574],[-114.0528310000742,37.585237999993524],[-114.05286700007417,37.588269999988825],[-114.05280600007427,37.593912999980034],[-114.05241400007486,37.60326299996552],[-114.0523970000749,37.603634999964925],[-114.05236200007494,37.6044969999636],[-114.05235300007496,37.60470999996329],[-114.05235000007497,37.60477599996318],[-114.05235000007497,37.604789999963145],[-114.05234600007498,37.604893999963],[-114.05234400007498,37.604925999962916],[-114.05229900007504,37.60602999996121],[-114.05226400007513,37.60704599995967],[-114.05226600007512,37.607298999959255],[-114.05227000007511,37.607551999958844],[-114.05227000007511,37.60827399995776],[-114.05230400007503,37.618877999941276],[-114.05228200007508,37.62586699993045],[-114.05224300007512,37.63178199992126],[-114.05224200007513,37.63200499992092],[-114.05224100007513,37.63209999992074],[-114.05224200007513,37.63230899992044],[-114.05223600007514,37.63264299991994],[-114.05222800007516,37.63394999991789],[-114.0522110000752,37.636319999914235],[-114.05220500007522,37.637340999912624],[-114.05219300007519,37.63808599991148],[-114.05219300007519,37.639410999909444],[-114.05217600007524,37.64137999990635],[-114.05216300007527,37.644254999901875],[-114.05215700007528,37.64522499990039],[-114.0521480000753,37.64675299989801],[-114.05214600007531,37.647763999896426],[-114.0521280000753,37.65003499989291],[-114.05211100007534,37.65077499989178],[-114.05210900007535,37.65123299989108],[-114.05205400007543,37.654231999886406],[-114.05200900007549,37.65603799988361],[-114.0520010000755,37.65645199988296],[-114.05184900007572,37.66419999987096],[-114.05183900007574,37.66424299987085],[-114.05190700007563,37.670883999860564],[-114.05196000007555,37.67511999985396],[-114.05197700007557,37.6764759998519],[-114.05198900007554,37.67740499985047],[-114.05198900007554,37.67744699985036],[-114.05199100007553,37.677579999850195],[-114.05199300007553,37.677727999849935],[-114.05199400007552,37.67782299984981],[-114.05199600007552,37.67793099984965],[-114.05199700007552,37.67807099984941],[-114.05199800007551,37.67814399984928],[-114.0520010000755,37.67832699984899],[-114.0520030000755,37.678344999849],[-114.05201100007548,37.67959099984705],[-114.05201000007548,37.67960399984702],[-114.05200900007549,37.679988999846444],[-114.05200700007549,37.680438999845705],[-114.0520060000755,37.680609999845444],[-114.0520040000755,37.68077699984519],[-114.0520050000755,37.68084499984508],[-114.0520030000755,37.681407999844225],[-114.05198500007555,37.685486999837906],[-114.05197200007558,37.68844199983329],[-114.05196900007559,37.689027999832376],[-114.05192600007564,37.69720499981969],[-114.05190900007568,37.70039899981475],[-114.05190700007563,37.70059899981442],[-114.05190000007565,37.70105599981372],[-114.05189700007566,37.701584999812894],[-114.05186500007574,37.70640099980545],[-114.05186300007574,37.707424999803834],[-114.05186200007574,37.70786799980317],[-114.05185500007576,37.708757999801776],[-114.05185000007577,37.7088109998017],[-114.05184900007572,37.70895899980144],[-114.05184800007572,37.70906599980128],[-114.05184700007572,37.70924099980101],[-114.05184600007573,37.70982199980011],[-114.05183700007575,37.711026999798264],[-114.05182600007578,37.712748999795565],[-114.05182300007579,37.713430999794525],[-114.05182300007579,37.713523999794404],[-114.05182200007579,37.713562999794306],[-114.05182100007579,37.7138129997939],[-114.05182100007579,37.71391399979376],[-114.0518160000758,37.71470599979256],[-114.05181400007581,37.71516199979186],[-114.05179300007586,37.71880899978618],[-114.05177600007585,37.721915999781345],[-114.05177500007585,37.72202199978119],[-114.05177500007585,37.72212199978105],[-114.05177000007586,37.72274799978004],[-114.05176500007587,37.72392299977821],[-114.05176300007588,37.724037999778034],[-114.05176200007588,37.724482999777365],[-114.05175000007591,37.72642399977434],[-114.05175000007591,37.72655599977418],[-114.05174400007593,37.7275009997727],[-114.05174100007594,37.72795699977195],[-114.05174100007594,37.72803399977187],[-114.05174100007594,37.728066999771784],[-114.05174100007594,37.72809599977177],[-114.05174000007594,37.72818099977161],[-114.05173900007594,37.72845299977121],[-114.05173800007594,37.728615999770966],[-114.05173600007595,37.72886399977057],[-114.05172800007591,37.73034799976824],[-114.05172500007592,37.73100799976726],[-114.05172300007592,37.7312389997669],[-114.05172100007593,37.73160499976632],[-114.05171900007593,37.73181499976596],[-114.05171600007594,37.73239999976505],[-114.05171500007594,37.73251199976488],[-114.05171300007595,37.73331999976364],[-114.05171000007596,37.73362499976315],[-114.05170800007596,37.73380699976292],[-114.05170700007596,37.734022999762544],[-114.05170400007597,37.734389999762016],[-114.05170400007597,37.734487999761825],[-114.051695000076,37.73593999975958],[-114.051693000076,37.73636299975891],[-114.051692000076,37.73648599975871],[-114.051692000076,37.73653299975865],[-114.051691000076,37.73678199975825],[-114.05168900007601,37.73707899975784],[-114.05168800007601,37.73717599975765],[-114.05168700007602,37.737395999757325],[-114.05168700007602,37.73752499975711],[-114.05168500007602,37.73849399975563],[-114.05168500007602,37.73854599975556],[-114.05168500007602,37.73864699975536],[-114.05168500007602,37.7387789997552],[-114.05168500007602,37.73878999975517],[-114.05168400007602,37.738927999754935],[-114.05168400007602,37.73906299975471],[-114.05168400007602,37.73908199975472],[-114.05168400007602,37.73911999975462],[-114.05168300007603,37.739531999754035],[-114.05168300007603,37.73954999975399],[-114.05168300007603,37.73961599975388],[-114.05168300007603,37.73975299975365],[-114.05168200007603,37.73992399975339],[-114.05168200007603,37.739954999753365],[-114.05168200007603,37.740024999753246],[-114.05168200007603,37.740121999753114],[-114.05168200007603,37.740149999753044],[-114.05168100007603,37.74020299975297],[-114.05168100007603,37.740214999752936],[-114.05168100007603,37.74024899975291],[-114.05168100007603,37.74025999975288],[-114.05168100007603,37.74027199975285],[-114.05168100007603,37.74028399975282],[-114.05168100007603,37.74029699975284],[-114.05168100007603,37.7403149997528],[-114.05168100007603,37.74032599975277],[-114.05168100007603,37.74033899975274],[-114.05168100007603,37.74038499975268],[-114.05168100007603,37.740411999752666],[-114.05168100007603,37.74047299975257],[-114.05168100007603,37.74052399975244],[-114.05168000007603,37.740638999752264],[-114.05168000007603,37.74066299975226],[-114.05168000007603,37.74079799975203],[-114.05167900007604,37.74098599975173],[-114.05167900007604,37.74114799975149],[-114.05167900007604,37.741250999751344],[-114.05167900007604,37.74168399975065],[-114.05167700007604,37.74189099975035],[-114.05167800007604,37.742072999750064],[-114.051671000076,37.74443799974637],[-114.05166700007601,37.74608499974386],[-114.05166600007601,37.746147999743755],[-114.05166600007601,37.74618499974366],[-114.05166600007601,37.74628599974352],[-114.05167500007605,37.74675499974279],[-114.05166000007603,37.74892399973942],[-114.05165500007604,37.751052999736146],[-114.05165400007604,37.75149799973542],[-114.05165100007605,37.75164999973521],[-114.05161300007609,37.752015999734624],[-114.05143800007636,37.7533139997326],[-114.0511720000768,37.75559599972905],[-114.05116700007682,37.755633999729014],[-114.05115300007685,37.75574699972884],[-114.05114900007686,37.7557859997288],[-114.05114700007681,37.75579799972877],[-114.05114300007682,37.755835999728674],[-114.05114200007682,37.7558489997287],[-114.05107100007694,37.756439999727775],[-114.05085900007731,37.758215999724996],[-114.05078900007737,37.75880799972407],[-114.05061500007764,37.760162999721956],[-114.05009200007845,37.76422999971567],[-114.04991900007872,37.76558599971355],[-114.04991400007873,37.76572499971337],[-114.0498610000788,37.766141999712715],[-114.04971900007905,37.76954899970741],[-114.04959900007924,37.77250699970284],[-114.04956900007926,37.773144999701856],[-114.04956300007927,37.77326399970167],[-114.04955900007928,37.77336099970148],[-114.0495540000793,37.77355799970121],[-114.04949800007938,37.774816999699226],[-114.04942100007952,37.77667299969636],[-114.04934700007965,37.77853399969348],[-114.04933700007967,37.77868599969321],[-114.04930800007969,37.77936899969217],[-114.04930000007971,37.779547999691886],[-114.04929800007972,37.77961699969177],[-114.04929500007972,37.779710999691645],[-114.04929000007974,37.779788999691505],[-114.04926500007974,37.780404999690575],[-114.04925800007976,37.7806429996902],[-114.04925200007978,37.7814729996889],[-114.04924800007979,37.782032999688056],[-114.04924600007979,37.78250499968732],[-114.04923800007981,37.78295099968659],[-114.04923300007982,37.783972999685034],[-114.04923000007983,37.784325999684484],[-114.04920600007983,37.78735999967978],[-114.0491810000799,37.79049699967487],[-114.04917600007991,37.79116299967387],[-114.04917600007991,37.791193999673794],[-114.04917100007992,37.79186599967278],[-114.04916400007994,37.79265799967152],[-114.0491590000799,37.79338699967042],[-114.04915300007991,37.7941619996692],[-114.04915000007992,37.79455299966861],[-114.04914900007992,37.79466899966843],[-114.04914800007992,37.79478199966826],[-114.04914700007993,37.79487299966809],[-114.04914700007993,37.794907999668055],[-114.04914500007993,37.79494899966801],[-114.04914400007993,37.79495899966798],[-114.04914200007994,37.79499999966794],[-114.04912000008,37.79537099966734],[-114.04910500008003,37.79563099966691],[-114.04909600008,37.79577099966673],[-114.04901100008016,37.79724399966443],[-114.04898500008017,37.797691999663755],[-114.04896600008021,37.79802099966321],[-114.04887400008039,37.799596999660764],[-114.04885600008038,37.79992099966029],[-114.04883400008043,37.8002899996597],[-114.04882700008045,37.80040799965951],[-114.04881900008047,37.80053999965929],[-114.04881600008048,37.80058399965924],[-114.04870700008064,37.8024689996563],[-114.0486600000807,37.80331199965502],[-114.04864300008074,37.80357699965458],[-114.04861100008077,37.80410599965376],[-114.04858900008082,37.804485999653195],[-114.04858100008084,37.80462299965296],[-114.04845900008098,37.8067249996497],[-114.04844500008102,37.80696699964932],[-114.04843200008105,37.807183999649],[-114.04834500008121,37.8086809996467],[-114.04831700008123,37.809154999645955],[-114.04830700008125,37.80933399964567],[-114.04830500008126,37.80937099964558],[-114.04830400008126,37.8093849996456],[-114.04830200008126,37.8094239996455],[-114.04832000008122,37.80962299964523],[-114.04834200008116,37.809860999644854],[-114.0483880000811,37.81035699964406],[-114.04876100008056,37.81437399963784],[-114.0488690000804,37.81553499963604],[-114.04890000008032,37.81586799963554],[-114.04892300008026,37.81611399963515],[-114.04900300008018,37.8169249996339],[-114.04905200008011,37.817499999633014],[-114.04908800008002,37.81788499963238],[-114.04911700008,37.81820699963191],[-114.04914400007993,37.81849699963146],[-114.04919200007987,37.818980999630696],[-114.04923400007982,37.819462999629934],[-114.04930000007971,37.82017399962882],[-114.04950100007937,37.82233399962547],[-114.04956000007928,37.822967999624495],[-114.04959600007925,37.823359999623904],[-114.0496130000792,37.82354099962362],[-114.04961200007921,37.82358899962355],[-114.04961200007921,37.82363999962348],[-114.04961100007921,37.82369099962335],[-114.04959700007925,37.82495199962142],[-114.04959500007925,37.825081999621204],[-114.04959500007925,37.82528499962092],[-114.04959000007926,37.82556499962044],[-114.04959000007926,37.82569199962029],[-114.04959000007926,37.82580099962013],[-114.04958900007927,37.82594899961987],[-114.04958700007927,37.82612999961958],[-114.04958400007928,37.82638299961917],[-114.04957900007929,37.82685799961848],[-114.0495770000793,37.82705999961814],[-114.04955900007928,37.82881799961541],[-114.0495530000793,37.82950299961436],[-114.0495520000793,37.82976299961393],[-114.04954900007931,37.829882999613744],[-114.04954900007931,37.82990599961374],[-114.04954900007931,37.82998899961359],[-114.04954600007932,37.83015899961333],[-114.04954500007932,37.83025999961319],[-114.04954400007932,37.830377999613006],[-114.04952000007938,37.832786999609255],[-114.0495140000794,37.83340799960831],[-114.04950900007935,37.83391499960749],[-114.04950900007935,37.83394099960748],[-114.04950800007936,37.833961999607425],[-114.04950100007937,37.834655999606355],[-114.04949600007939,37.83514799960557],[-114.04949400007939,37.83543899960512],[-114.0494900000794,37.83582199960455],[-114.04948700007941,37.83613099960405],[-114.04948400007942,37.836442999603605],[-114.04948200007942,37.836613999603344],[-114.04948100007942,37.8366929996032],[-114.04948100007942,37.83674299960313],[-114.04948000007943,37.83679799960305],[-114.04947400007944,37.83736799960212],[-114.04946800007946,37.83795399960121],[-114.04947000007945,37.83803599960112],[-114.04947200007945,37.83811199960098],[-114.04946900007945,37.83836299960058],[-114.04948400007942,37.83848399960044],[-114.04951000007935,37.83938999959901],[-114.04954300007932,37.84053699959725],[-114.0496150000792,37.84299899959342],[-114.04968500007908,37.845370999589704],[-114.049737000079,37.84715999958695],[-114.04975500007902,37.84779199958598],[-114.049764000079,37.848076999585544],[-114.049764000079,37.84810899958546],[-114.04977000007898,37.84828799958518],[-114.04977600007896,37.84849399958489],[-114.04978600007894,37.84883399958437],[-114.04979500007892,37.849162999583825],[-114.04980500007895,37.84946799958334],[-114.04980900007894,37.84964199958307],[-114.04981300007893,37.84976199958288],[-114.04984400007885,37.85082399958128],[-114.04984700007884,37.8509189995811],[-114.04985100007883,37.85104699958089],[-114.04987000007884,37.8517079995799],[-114.04987100007884,37.851745999579805],[-114.04987400007883,37.85187799957964],[-114.04987900007882,37.85211899957926],[-114.04989000007879,37.85257999957855],[-114.04989200007878,37.852652999578424],[-114.04989300007878,37.85286799957811],[-114.04989500007878,37.85320099957755],[-114.04989900007877,37.85389199957649],[-114.04990100007876,37.85410999957617],[-114.04990600007875,37.85495499957483],[-114.04990900007874,37.85534199957425],[-114.04991100007874,37.85575999957359],[-114.04991400007873,37.856177999572935],[-114.04991700007872,37.85661399957229],[-114.04991800007872,37.85682399957193],[-114.04992000007871,37.85703799957162],[-114.04992100007871,37.857240999571275],[-114.04992200007877,37.85744499957099],[-114.04992400007876,37.85764999957064],[-114.04992500007876,37.85785199957036],[-114.04992600007876,37.858019999570104],[-114.04992700007875,37.85822799956975],[-114.04992700007875,37.85826199956972],[-114.04992800007875,37.85840899956946],[-114.04992900007875,37.85855299956927],[-114.04993000007875,37.85861799956916],[-114.04993000007875,37.85867799956907],[-114.04993000007875,37.85870199956901],[-114.04993000007875,37.85872299956901],[-114.04993100007874,37.85875199956894],[-114.04993100007874,37.85876899956895],[-114.04993100007874,37.85878199956892],[-114.04993100007874,37.858798999568876],[-114.04993100007874,37.858818999568825],[-114.04994500007871,37.867470999555394],[-114.04997300007864,37.86785099955483],[-114.04982100007891,37.8749669995438],[-114.04971000007907,37.87924499953715],[-114.04965600007915,37.88138499953385],[-114.04965700007915,37.88150399953366],[-114.0498000000789,37.88538699952761],[-114.04986900007884,37.887079999524985],[-114.0498870000788,37.88774999952392],[-114.05000700007861,37.89099499951891],[-114.05003300007854,37.89168499951785],[-114.05005600007854,37.8923469995168],[-114.0501370000784,37.89480599951298],[-114.05016800007837,37.89885099950669],[-114.05017100007836,37.899174999506215],[-114.05017400007836,37.89958699950557],[-114.05017800007835,37.90003099950491],[-114.05018200007834,37.901210999503064],[-114.05018700007832,37.901237999502996],[-114.05025400007821,37.91040199948878],[-114.05025500007821,37.91146499948712],[-114.0502560000782,37.91223699948591],[-114.05027300007822,37.92369500050984],[-114.0502800000782,37.92443100050866],[-114.05028800007818,37.925182000507505],[-114.0504430000779,37.94139400048232],[-114.05045100007794,37.94180200048169],[-114.05044900007795,37.94254100048056],[-114.05050000007782,37.95334100046381],[-114.05050100007782,37.95468200046173],[-114.05048400007786,37.957000000458095],[-114.05045900007792,37.95927800045456],[-114.05045500007793,37.95970300045394],[-114.05045300007794,37.95988100045366],[-114.0504460000779,37.96045000045274],[-114.05037000007803,37.96754900044175],[-114.0503410000781,37.97102300043633],[-114.0503220000781,37.97321700043295],[-114.05031300007812,37.97423500043135],[-114.05030900007813,37.97471900043064],[-114.05030400007814,37.975248000429815],[-114.05030000007815,37.97576400042897],[-114.05029500007817,37.97632400042812],[-114.05029100007818,37.97686300042727],[-114.05028600007819,37.97739900042643],[-114.0502830000782,37.97773600042592],[-114.0502820000782,37.977819000425825],[-114.0502810000782,37.97796500042557],[-114.0502810000782,37.978025000425475],[-114.0502810000782,37.978037000425445],[-114.0502800000782,37.978122000425344],[-114.0502790000782,37.97819900042521],[-114.0502790000782,37.978254000425125],[-114.05027800007821,37.978358000424976],[-114.05027700007821,37.97849900042473],[-114.05027000007817,37.97918300042369],[-114.05027000007817,37.979251000423574],[-114.05026900007817,37.97938100042336],[-114.05026800007818,37.97946800042325],[-114.05026700007818,37.985590000413765],[-114.05027200007822,37.992202000403495],[-114.05027600007821,37.996472000396864],[-114.05027600007821,37.996565000396686],[-114.05026800007818,37.9965810003967],[-114.05027400007822,37.996611000396626],[-114.05027400007822,37.99668800039649],[-114.05027500007822,37.99698900039607],[-114.05027600007821,37.997507000395274],[-114.0502830000782,37.99978100039169],[-114.0502840000782,38.00039700039076],[-114.05028600007819,38.00111100038964],[-114.05028600007819,38.0011290003896],[-114.05028600007819,38.00114600038961],[-114.05028700007819,38.00132100038934],[-114.05028700007819,38.001346000389276],[-114.05028700007819,38.001416000389156],[-114.05028700007819,38.00151400038902],[-114.05029400007817,38.003925000385266],[-114.05029400007817,38.00403300038511],[-114.05029400007817,38.00411000038497],[-114.05030500007814,38.00825900037853],[-114.05031700007811,38.012507000371954],[-114.05031700007811,38.012840000371455],[-114.0503190000781,38.012992000371185],[-114.05031800007811,38.0136300003702],[-114.05031700007811,38.01392000036975],[-114.05031600007811,38.015357000367544],[-114.05031500007811,38.01687800036518],[-114.05031400007812,38.01840300036281],[-114.05031300007812,38.01990800036049],[-114.05031100007812,38.02137000035822],[-114.05031000007813,38.022883000355876],[-114.05030900007813,38.02427300035367],[-114.05030900007813,38.024485000353366],[-114.05030400007814,38.02939000034576],[-114.05030400007814,38.02949200034561],[-114.05030200007815,38.03194500034181],[-114.05030100007815,38.032236000341356],[-114.05029900007816,38.03457200033773],[-114.05029700007816,38.03583400033574],[-114.05029700007816,38.03585600033574],[-114.05029700007816,38.03647000033476],[-114.05029700007816,38.036488000334714],[-114.05029600007816,38.037127000333726],[-114.05029600007816,38.037418000333275],[-114.05029500007817,38.037747000332786],[-114.05029500007817,38.03805900033228],[-114.05029500007817,38.0381770003321],[-114.05029500007817,38.03824100033199],[-114.05029500007817,38.03828400033194],[-114.05029400007817,38.038383000331805],[-114.05029400007817,38.03858400033147],[-114.05029300007817,38.03865200033135],[-114.05029400007817,38.03896200033091],[-114.05029100007818,38.039620000329876],[-114.05029300007817,38.03982100032954],[-114.0503190000781,38.041955000326254],[-114.05033000007808,38.04295600032469],[-114.05035700007807,38.04547800032077],[-114.05037600007802,38.04725400031805],[-114.05039800007802,38.04983300031404],[-114.05041800007797,38.051266000311784],[-114.05042300007796,38.05173400031106],[-114.05042800007794,38.05215500031045],[-114.0504450000779,38.05425000030715],[-114.05042600007795,38.05695700030299],[-114.05042800007794,38.057679000301846],[-114.05042500007795,38.05826600030093],[-114.05042000007796,38.059273000299356],[-114.05041900007797,38.05998200029825],[-114.05041400007798,38.06052700029744],[-114.05041100007799,38.06102000029665],[-114.050408000078,38.06165900029566],[-114.05039800007802,38.06373500029247],[-114.05038000007801,38.067300000286934],[-114.05035000007808,38.07044900028205],[-114.05033500007812,38.07187300027982],[-114.05031200007812,38.073928000276624],[-114.05030600007814,38.07442300027583],[-114.05029700007816,38.075289000274495],[-114.05029100007818,38.075963000273475],[-114.0502820000782,38.076661000272395],[-114.0502600000782,38.07860100026937],[-114.0502570000782,38.07890600026889],[-114.05024100007824,38.08037100026661],[-114.05022900007828,38.081414000265],[-114.0502170000783,38.08250700026332],[-114.05021500007831,38.082746000262944],[-114.05020600007828,38.08338300026196],[-114.05020100007829,38.08378700026134],[-114.05020000007829,38.083866000261196],[-114.0501990000783,38.08391600026113],[-114.0501990000783,38.083936000261076],[-114.0501960000783,38.084009000261005],[-114.05019000007832,38.08470300025988],[-114.05019000007832,38.084767000259774],[-114.05018600007833,38.084972000259484],[-114.05018400007833,38.08514900025921],[-114.05018200007834,38.08531500025896],[-114.05018100007834,38.085340000258896],[-114.05017900007834,38.08553900025862],[-114.05017900007834,38.08559000025855],[-114.05017600007835,38.085766000258275],[-114.05016800007837,38.08639600025725],[-114.05016800007837,38.08649400025712],[-114.05016000007839,38.087093000256175],[-114.05015300007835,38.08761800025536],[-114.05015300007835,38.08769200025529],[-114.05014300007838,38.08842100025413],[-114.05014000007839,38.08863000025383],[-114.05013800007839,38.08881100025354],[-114.05012500007842,38.089861000251915],[-114.05011800007844,38.09042100025101],[-114.05009100007845,38.09255400024773],[-114.05006400007852,38.09467300024443],[-114.05004300007857,38.097528000240004],[-114.05006100007853,38.10021400023584],[-114.05006500007852,38.10084500023487],[-114.05008000007848,38.103112000231306],[-114.05008100007848,38.10359100023061],[-114.05008400007847,38.10374600023033],[-114.05008800007846,38.1042380002296],[-114.05009300007845,38.10441200022933],[-114.05009600007844,38.10639000022621],[-114.05010700007847,38.11232700021702],[-114.05011100007846,38.11427900021397],[-114.05011100007846,38.11430600021396],[-114.05011300007845,38.11512800021268],[-114.05012200007843,38.11759700020883],[-114.05012500007842,38.11840700020758],[-114.05012500007842,38.11842000020755],[-114.05011900007844,38.119810000205405],[-114.05010300007848,38.123983000198905],[-114.05010000007849,38.12493700019746],[-114.05009600007844,38.12537400019676],[-114.05007600007849,38.12767300019323],[-114.05006300007852,38.12931900019066],[-114.05006300007852,38.12935600019057],[-114.05006300007852,38.12937300019058],[-114.05006300007852,38.129400000190515],[-114.05006300007852,38.1294270001905],[-114.05006300007852,38.12945300019044],[-114.05006200007853,38.12961000019021],[-114.05003600007853,38.136569000179406],[-114.05003800007859,38.136852000178976],[-114.05003400007854,38.137051000178644],[-114.05003300007854,38.13745900017801],[-114.05003200007855,38.13760600017781],[-114.05003200007855,38.13771600017759],[-114.05002800007856,38.13844900017648],[-114.05002400007857,38.139343000175074],[-114.05002300007857,38.139451000174915],[-114.05002200007857,38.13962300017465],[-114.05002000007858,38.140091000173925],[-114.05002000007858,38.14015800017381],[-114.05001900007858,38.14045900017334],[-114.05001400007859,38.14140700017191],[-114.0500130000786,38.14153900017169],[-114.04999800007863,38.14268700016987],[-114.04999200007865,38.14584500016497],[-114.04997900007862,38.148598000160746],[-114.04997800007862,38.14876300016044],[-114.04997500007863,38.14924000015975],[-114.04996200007866,38.15191600015555],[-114.04996400007866,38.15239800015485],[-114.04997000007864,38.154365000151756],[-114.04997100007864,38.15443300015164],[-114.04997600007863,38.1560310001492],[-114.04998800007866,38.15940000014393],[-114.04998900007865,38.15965700014357],[-114.05000200007862,38.16328300013794],[-114.05002200007857,38.17054200012666],[-114.05002900007855,38.17397800012134],[-114.05005000007856,38.18383100010601],[-114.05005200007855,38.184710000104644],[-114.05005300007855,38.18504200010415],[-114.05005600007854,38.18537700010364],[-114.05006100007853,38.18866300009853],[-114.05006800007851,38.19228400009291],[-114.05007600007849,38.19508900008856],[-114.05009100007845,38.2007410000798],[-114.05008500007847,38.205005000073186],[-114.05014900007836,38.21278900006109],[-114.05024800007823,38.22227900004634],[-114.05027500007822,38.22641600003993],[-114.05029100007818,38.22923300003555],[-114.05029100007818,38.22928300003548],[-114.05029900007816,38.23101600003281],[-114.0503460000781,38.23710400002335],[-114.0502210000783,38.244261000012216],[-114.05013100007841,38.248429000005785],[-114.05014100007838,38.24991600000345],[-114.04990600007875,38.25536999999497],[-114.04990500007875,38.25539599999496],[-114.04968100007909,38.258938999989425],[-114.04958600007927,38.26105799998618],[-114.04939600007958,38.264720999980455],[-114.04934700007965,38.26565399997901],[-114.04932500007965,38.26605999997838],[-114.04936300007961,38.268342999974834],[-114.04942200007952,38.27171499996962],[-114.04944300007946,38.27302199996757],[-114.04945500007949,38.2761259999628],[-114.04947100007945,38.280956999955265],[-114.04947400007944,38.281773999954],[-114.04947400007944,38.281796999954],[-114.04950800007936,38.28721099994556],[-114.04951900007939,38.2900389999412],[-114.0495740000793,38.3034349999204],[-114.0495730000793,38.30471899991841],[-114.04956200007928,38.315596999901516],[-114.04955600007929,38.31866299989673],[-114.04954900007931,38.32018799989436],[-114.04954600007932,38.32263799989056],[-114.04955900007928,38.32626699988492],[-114.04958100007929,38.329895999879284],[-114.04960300007923,38.333523999873705],[-114.04962900007922,38.337072999868155],[-114.04965900007915,38.34246699985982],[-114.04967200007911,38.344404999856806],[-114.04969500007911,38.34801499985116],[-114.0497020000791,38.34913499984947],[-114.04973600007901,38.35477599984068],[-114.049764000079,38.358896999834315],[-114.04978700007894,38.3625169998287],[-114.0498020000789,38.36465299982535],[-114.04980800007894,38.36562299982387],[-114.04981300007893,38.36632599982278],[-114.04981700007892,38.3671249998215],[-114.04983600007887,38.36976099981746],[-114.04986300007886,38.37338599981183],[-114.04989000007879,38.376991999806194],[-114.04993500007873,38.37961099980214],[-114.04991700007872,38.38060799980059],[-114.04992300007876,38.38158799979908],[-114.0499480000787,38.384894999793914],[-114.05011100007846,38.39047099978529],[-114.04998200007867,38.3928559997816],[-114.05006900007851,38.403577999764934],[-114.05007600007849,38.404554999763434],[-114.0500750000785,38.40472299976318],[-114.0500750000785,38.40476199976308],[-114.05017800007835,38.414954999747295],[-114.05027300007822,38.42244999973565],[-114.0502820000782,38.42315799973454],[-114.05029800007816,38.42430599973278],[-114.05030100007815,38.42606599973004],[-114.05030300007815,38.42794499972712],[-114.05029600007816,38.43097299972243],[-114.05029100007818,38.433734999718126],[-114.0502790000782,38.43789199971167],[-114.0502830000782,38.44106699970678],[-114.05027300007822,38.443848999702425],[-114.05027800007821,38.44711999969735],[-114.0502840000782,38.4545749996858],[-114.05026400007819,38.45572499968398],[-114.05018400007833,38.4619909996743],[-114.05015300007835,38.46979999966214],[-114.05036600007804,38.48935699963181],[-114.05042400007795,38.49191699962785],[-114.05052100007782,38.49611699962128],[-114.05051500007784,38.49652799962064],[-114.05047200007789,38.499657999615806],[-114.05026900007817,38.51489599959217],[-114.0502560000782,38.51530699959153],[-114.05022900007828,38.51708399958875],[-114.05019300007831,38.51985599958448],[-114.05017800007835,38.52064699958322],[-114.05012900007841,38.524523999577184],[-114.05011900007844,38.52594499957502],[-114.05011800007844,38.527423999572704],[-114.05015400007835,38.53384999956273],[-114.05009400007845,38.53571999955983],[-114.05009000007846,38.53687199955806],[-114.05007600007849,38.54263499954908],[-114.0500730000785,38.5426499995491],[-114.0500710000785,38.54414699954674],[-114.05006900007851,38.54618799954358],[-114.05006400007852,38.5471319995421],[-114.05006100007853,38.54753899954147],[-114.05006100007853,38.54770999954121],[-114.05005500007854,38.5505599995368],[-114.05005700007854,38.551205999535796],[-114.05003100007855,38.55614099952811],[-114.05003000007855,38.55632199952788],[-114.05001400007859,38.56158499951971],[-114.05000500007861,38.563932999516055],[-114.04998300007867,38.570435999505946],[-114.04997700007863,38.57297399950198],[-114.04997300007864,38.574057999500326],[-114.0499500000787,38.58242799948732],[-114.0499480000787,38.58327499948604],[-114.04992900007875,38.59069700051617],[-114.04992800007875,38.59081900051598],[-114.04992600007876,38.592128000513924],[-114.04992400007876,38.59284300051286],[-114.04991200007873,38.59837700050423],[-114.04991100007874,38.6028320004973],[-114.04990800007874,38.608891000487915],[-114.04990700007875,38.6117440004835],[-114.04990800007874,38.614413000479374],[-114.04990700007875,38.61497700047846],[-114.04990600007875,38.6172890004749],[-114.04990600007875,38.62146600046839],[-114.04990400007875,38.624119000464304],[-114.04992600007876,38.62929100045625],[-114.04992100007871,38.63249700045128],[-114.04991900007872,38.633306000450034],[-114.04991100007874,38.63758900044337],[-114.04990000007876,38.64382000043372],[-114.04989400007878,38.64784400042748],[-114.04985300007883,38.65135900042202],[-114.04985100007883,38.65184400042125],[-114.0498260000789,38.659218000409794],[-114.0498230000789,38.66024800040822],[-114.04981600007892,38.66290400040407],[-114.0498000000789,38.66869300039508],[-114.04979800007891,38.67058200039219],[-114.0497990000789,38.67102000039148],[-114.0498010000789,38.6725070003892],[-114.0498040000789,38.67530200038482],[-114.04980700007894,38.677365000381656],[-114.04983200007888,38.682779000373216],[-114.04983100007888,38.683042000372836],[-114.04982900007889,38.68383300037158],[-114.04982900007889,38.684097000371196],[-114.04981500007892,38.691097000360344],[-114.0498000000789,38.69783500034987],[-114.04977300007897,38.69922000034774],[-114.04976700007899,38.70161500034402],[-114.04975600007901,38.706232000336854],[-114.04975100007903,38.708261000333664],[-114.04973000007902,38.71671300032057],[-114.04972100007905,38.72019000031514],[-114.0496990000791,38.7281640003028],[-114.04969500007911,38.72987300030013],[-114.04969200007912,38.73116200029813],[-114.04969200007912,38.73119200029811],[-114.04962600007917,38.76711700024231],[-114.04962300007918,38.76787200024114],[-114.04961800007919,38.76910600023922],[-114.0496140000792,38.77017900023759],[-114.04961800007919,38.77315700023297],[-114.04962000007919,38.77736500022644],[-114.04962100007918,38.780105000222136],[-114.0496130000792,38.787670000210426],[-114.04959600007925,38.79662600019651],[-114.04959300007926,38.7999730001913],[-114.04960300007923,38.80442500018444],[-114.04961200007921,38.80818200017859],[-114.0496130000792,38.80836900017829],[-114.04962800007917,38.82001700016019],[-114.04962500007917,38.82840800014719],[-114.04962900007922,38.83122400014281],[-114.04963200007921,38.83192300014173],[-114.04963000007922,38.832056000141506],[-114.04964900007917,38.83811000013213],[-114.04965300007916,38.842255000125704],[-114.04965500007916,38.85221000011023],[-114.04965500007916,38.85400200010747],[-114.04965100007917,38.85897800009974],[-114.04964600007918,38.85977900009851],[-114.0496380000792,38.86205100009499],[-114.04962000007919,38.86656200008798],[-114.04960000007924,38.87206000007944],[-114.04959400007925,38.87464900007541],[-114.04958700007927,38.87777600007058],[-114.04957900007929,38.88018400006683],[-114.04957900007929,38.88202000006396],[-114.04957900007929,38.883480000061695],[-114.04957100007931,38.88512200005914],[-114.0494930000794,38.900430000035385],[-114.04947600007944,38.90275400003179],[-114.04945300007944,38.90664100002573],[-114.04940200007957,38.916007000011234],[-114.04939400007953,38.91984500000524],[-114.04938700007955,38.92014900000481],[-114.04939000007954,38.92078900000382],[-114.04934000007967,38.92933399999055],[-114.04934000007967,38.92944899999037],[-114.04933000007964,38.93157599998705],[-114.04932500007965,38.93264099998538],[-114.04932300007965,38.93390599998344],[-114.04935800007962,38.93474799998211],[-114.04932000007966,38.936322999979666],[-114.04933100007963,38.938575999976194],[-114.04931700007967,38.939359999974954],[-114.04929700007972,38.940258999973594],[-114.04929800007972,38.94057499997308],[-114.04927300007972,38.94724999996271],[-114.04925400007977,38.949596999959056],[-114.04917100007992,38.95957699994358],[-114.04914100007994,38.97048299992667],[-114.04909400008,38.98625799990219],[-114.04906000008009,38.99715599988525],[-114.04903000008011,39.005382999872495],[-114.04902600008012,39.00600799987154],[-114.04902500008012,39.00655199987068],[-114.04899700008019,39.01252099986141],[-114.04897800008018,39.016957999854526],[-114.04896800008021,39.01926499985092],[-114.04896700008021,39.01940299985074],[-114.04896700008021,39.0195669998505],[-114.04896300008022,39.02029499984934],[-114.04896000008023,39.02092799984837],[-114.04895600008024,39.02190499984687],[-114.04895000008025,39.02346299984441],[-114.04894900008026,39.02363399984415],[-114.04894600008026,39.02416899984331],[-114.0489330000803,39.0272069998386],[-114.0489310000803,39.02752599983813],[-114.04891900008028,39.03050399983351],[-114.04890300008032,39.042388999815046],[-114.04890300008032,39.0435919998132],[-114.04889900008033,39.0482859998059],[-114.04889700008033,39.05063499980224],[-114.04889100008035,39.0571119997922],[-114.04889000008035,39.05892699978938],[-114.04888800008035,39.060494999786954],[-114.04888100008037,39.06422799978117],[-114.04886400008036,39.07284099976778],[-114.04885500008038,39.076397999762264],[-114.0488460000804,39.07885099975846],[-114.04884400008041,39.07915199975798],[-114.04881100008049,39.08776999974458],[-114.04881000008044,39.0878479997445],[-114.04881300008049,39.098446999728026],[-114.04882300008046,39.098520999727896],[-114.04880800008044,39.099955999725694],[-114.04876400008055,39.11237399970639],[-114.04875100008053,39.12444299968769],[-114.04874400008055,39.124955999686904],[-114.04873900008056,39.12709999968354],[-114.04872600008059,39.132435999675295],[-114.0487230000806,39.13373399967327],[-114.04871900008061,39.135114999671146],[-114.04870300008065,39.140725999662436],[-114.04870400008065,39.140799999662306],[-114.04870700008064,39.14102399966197],[-114.04870800008064,39.141098999661835],[-114.04870500008064,39.14186399966064],[-114.04869700008067,39.14416199965706],[-114.04869500008067,39.14492799965586],[-114.04869400008067,39.14504899965567],[-114.04869300008062,39.14541599965514],[-114.04869300008062,39.14553799965495],[-114.04869000008063,39.14606499965413],[-114.04868500008064,39.147648999651665],[-114.04868400008064,39.14817699965084],[-114.04868000008065,39.14904999964949],[-114.04867200008067,39.15167199964543],[-114.04866900008068,39.152545999644076],[-114.04866600008069,39.153279999642905],[-114.0486580000807,39.1554839996395],[-114.04865600008071,39.156218999638384],[-114.04865300008072,39.15683799963739],[-114.04864700008073,39.158696999634515],[-114.04864500008074,39.159316999633575],[-114.04864100008075,39.16033599963197],[-114.04863300008071,39.1633959996272],[-114.04863000008072,39.164416999625644],[-114.04862500008073,39.166642999622184],[-114.04861000008077,39.17068899961589],[-114.0486010000808,39.17371499961121],[-114.04857800008085,39.18220599959801],[-114.0485760000808,39.18250599959754],[-114.04857300008081,39.18340699959617],[-114.04857200008081,39.1837079995957],[-114.04856900008082,39.184363999594666],[-114.04856400008083,39.18633499959162],[-114.04856300008083,39.18699199959059],[-114.04856000008084,39.187101999590425],[-114.04855300008086,39.18743199958993],[-114.04856400008083,39.187542999589766],[-114.04856200008084,39.187648999589555],[-114.04855800008085,39.187966999589094],[-114.04855700008085,39.18807399958894],[-114.04855700008085,39.188110999588844],[-114.0485380000809,39.19453899957887],[-114.04854200008089,39.194930999578276],[-114.04853100008091,39.197854999573735],[-114.04855800008085,39.201446999568134],[-114.04855100008086,39.20435699956363],[-114.04854700008087,39.206377999560516],[-114.04854500008088,39.20733599955901],[-114.04854400008088,39.20793499955806],[-114.04854200008089,39.20934999955591],[-114.0485390000809,39.211144999553085],[-114.04853300008091,39.214641999547666],[-114.04853000008092,39.21666099954456],[-114.04851800008089,39.22479699953192],[-114.04851100008091,39.22982599952411],[-114.04851100008091,39.230563999522985],[-114.0485120000809,39.23137899952172],[-114.04850300008093,39.238486999510656],[-114.04850200008093,39.239587999508956],[-114.04850000008094,39.24193199950531],[-114.04850000008094,39.242507999504426],[-114.04849900008094,39.243753999502474],[-114.04849700008094,39.24739999949685],[-114.04849600008095,39.2502659994924],[-114.04849600008095,39.25183899948996],[-114.04849600008095,39.25323599948774],[-114.04849600008095,39.255681999483954],[-114.04849500008095,39.26016900051866],[-114.04849200008096,39.261384000516784],[-114.04848100008098,39.26722600050772],[-114.048477000081,39.26881700050524],[-114.04847000008101,39.27059200050252],[-114.04847000008101,39.27068200050235],[-114.04846000008104,39.27357400049789],[-114.04845600008099,39.27519000049534],[-114.04844000008103,39.28100600048634],[-114.04843100008105,39.28643500047792],[-114.04842700008106,39.28722100047668],[-114.04842500008107,39.28822400047511],[-114.04842000008108,39.29046500047167],[-114.04841700008109,39.29227200046887],[-114.04840700008111,39.2957280004635],[-114.04840100008107,39.298487000459204],[-114.04839800008108,39.299375000457815],[-114.04839300008109,39.301256000454885],[-114.04838500008111,39.30547000044834],[-114.04837700008113,39.30857900044356],[-114.04837500008114,39.30958800044198],[-114.04837200008114,39.312428000437535],[-114.04837000008115,39.31360300043576],[-114.04836100008117,39.318427000428244],[-114.04835400008119,39.32262700042173],[-114.04834400008122,39.32958500041093],[-114.04834300008122,39.33213500040699],[-114.0483250000812,39.340243000394366],[-114.04832100008122,39.340522000393946],[-114.04831800008122,39.34187500039184],[-114.04831700008123,39.34245700039094],[-114.04831900008122,39.34281200039038],[-114.0482870000813,39.35189500037632],[-114.04828500008131,39.35260000037522],[-114.04827700008127,39.3555770003706],[-114.04826900008129,39.360113000363526],[-114.04825300008133,39.363699000358],[-114.04824700008135,39.365608000354996],[-114.04824400008135,39.36649000035362],[-114.04823900008137,39.368532000350456],[-114.04822100008136,39.37530000033996],[-114.04821500008137,39.37836300033524],[-114.04820800008139,39.37942300033359],[-114.04819300008143,39.38158700033023],[-114.04818900008144,39.38359500032709],[-114.04818100008146,39.38443200032577],[-114.04817400008147,39.386006000323334],[-114.04816000008145,39.38871000031918],[-114.04813800008151,39.39280500031282],[-114.04813400008152,39.39367400031142],[-114.04811900008156,39.396639000306834],[-114.04810300008154,39.3996860003021],[-114.04810200008154,39.400128000301436],[-114.04809900008155,39.40132200029956],[-114.04808900008157,39.40330300029649],[-114.04807300008162,39.40671700029122],[-114.04806800008163,39.40726900029034],[-114.04798900008171,39.422267000267084],[-114.04798800008172,39.422670000266464],[-114.04798400008173,39.425016000262815],[-114.04797900008174,39.42911000025646],[-114.04797500008175,39.432197000251676],[-114.04795000008181,39.444929000231866],[-114.04794600008182,39.44676800022904],[-114.04794300008183,39.44770700022758],[-114.04793400008185,39.45218000022061],[-114.04792300008182,39.45576600021508],[-114.04791900008183,39.456167000214464],[-114.04791600008184,39.457628000212196],[-114.04790500008187,39.46042200020787],[-114.0478940000819,39.461852000205624],[-114.04790000008188,39.46232700020488],[-114.04783600008199,39.48402400017119],[-114.047831000082,39.48554100016884],[-114.047830000082,39.486457000167434],[-114.04782700008201,39.48755300016575],[-114.04782400008202,39.488768000163816],[-114.04782300008202,39.4923260001583],[-114.04778300008206,39.50226600014287],[-114.0477700000821,39.50639100013649],[-114.04775900008212,39.509770000131255],[-114.04769600008217,39.528477000102214],[-114.0476820000822,39.53205000009666],[-114.04767800008221,39.53310000009503],[-114.04764900008229,39.53752400008818],[-114.04765400008228,39.540223000083984],[-114.04764900008229,39.54274200008007],[-114.04764700008229,39.54400500007813],[-114.04764100008225,39.54695200007353],[-114.04763800008226,39.54772400007232],[-114.04762900008228,39.55145900006653],[-114.04762700008229,39.552383000065106],[-114.0476220000823,39.554455000061864],[-114.0476200000823,39.55551100006022],[-114.04761700008231,39.557731000056776],[-114.04761400008232,39.55987300005347],[-114.04760600008234,39.563575000047706],[-114.04760100008235,39.566235000043605],[-114.04759400008237,39.569251000038946],[-114.04758700008239,39.57420700003121],[-114.04758100008235,39.57689000002705],[-114.04758000008235,39.577217000026565],[-114.04756500008239,39.584147000015776],[-114.04755300008242,39.59082200000546],[-114.04754600008243,39.59345600000137],[-114.04754200008244,39.59803099999425],[-114.04754900008243,39.604404999984354],[-114.04755600008241,39.6170519999647],[-114.04755400008241,39.618995999961726],[-114.04755100008242,39.624829999952624],[-114.04755100008242,39.62494099995246],[-114.04754700008243,39.626084999950706],[-114.04754400008244,39.626774999949646],[-114.04748000008254,39.638331999931665],[-114.04744400008258,39.64288199992461],[-114.04741300008266,39.64641399991916],[-114.04739200008265,39.64881599991543],[-114.0473730000827,39.65108799991191],[-114.04733800008273,39.659503999898845],[-114.04730000008283,39.66692799988732],[-114.04730000008283,39.66752899988637],[-114.04730100008283,39.66758499988629],[-114.04729400008284,39.66885599988433],[-114.04727300008284,39.67221499987909],[-114.04726600008286,39.67446699987562],[-114.04723800008293,39.679904999867176],[-114.04720900008294,39.68221099986357],[-114.04719800008297,39.683243999861986],[-114.04717300008298,39.68504099985921],[-114.04713300008308,39.68798999985461],[-114.04708200008315,39.69145499984921],[-114.04705500008316,39.69356199984594],[-114.0470410000832,39.69478699984404],[-114.0469990000833,39.697502999839855],[-114.04696800008333,39.699395999836895],[-114.04696300008334,39.70043599983529],[-114.04683900008354,39.7091109998218],[-114.04691000008341,39.716519999810316],[-114.04700500008329,39.72479799979749],[-114.04708400008315,39.73184799978651],[-114.04714800008304,39.73749399977777],[-114.0472240000829,39.74121299977202],[-114.04729200008285,39.744413999767005],[-114.04763300008227,39.759520999743586],[-114.04772600008215,39.76358799973724],[-114.04779200008204,39.76989999972744],[-114.04783900008198,39.77602899971794],[-114.04785500008194,39.77940199971272],[-114.04783900008198,39.785374999703436],[-114.04783900008198,39.78543799970333],[-114.04783900008198,39.78550799970327],[-114.04783500008199,39.786967999701005],[-114.0477660000821,39.80843899966766],[-114.0476850000822,39.815644999656456],[-114.04759800008236,39.82101299964813],[-114.04744000008259,39.8312849996322],[-114.04721700008292,39.84697299960783],[-114.04718100008301,39.84973899960352],[-114.04717600008303,39.852069999599905],[-114.04717400008298,39.853329999597975],[-114.04717000008299,39.866749999577166],[-114.04717000008299,39.8669839995768],[-114.04716900008299,39.86919699957332],[-114.04716900008299,39.869262999573266],[-114.047167000083,39.870078999571945],[-114.047165000083,39.872529999568144],[-114.047165000083,39.872784999567784],[-114.047164000083,39.87334699956688],[-114.04712000008311,39.88109299955488],[-114.04711400008307,39.895519999532496],[-114.0470420000832,39.90406099951923],[-114.04702600008324,39.90592299951635],[-114.04702500008324,39.906036999516175],[-114.04702600008324,39.90609699951608],[-114.04702000008325,39.90680799951497],[-114.04699400008326,39.911512999507636],[-114.04698700008328,39.92329299948938],[-114.04698500008328,39.93017300052037],[-114.04698100008329,39.941510000502774],[-114.0469800000833,39.94723400049389],[-114.04695400008336,39.96313300046921],[-114.04693600008335,39.97192900045553],[-114.04689600008345,39.98058900044208],[-114.04684300008353,39.9937900004216],[-114.04682900008356,39.99710800041646],[-114.04681200008355,40.00176100040926],[-114.04680600008356,40.002926000407456],[-114.04680200008357,40.00473000040461],[-114.04680300008357,40.00526200040383],[-114.04679500008359,40.00710600040094],[-114.0467940000836,40.00891300039814],[-114.04678300008362,40.01366400039075],[-114.04678200008362,40.01386100039048],[-114.04676800008366,40.02057200038007],[-114.04675400008364,40.02712900036988],[-114.04675300008364,40.03032500036488],[-114.0467300000837,40.03739400035391],[-114.0467290000837,40.03774100035338],[-114.04669400008373,40.048685000336434],[-114.04668900008375,40.049860000334604],[-114.0466700000838,40.054416000327535],[-114.04667100008379,40.055922000325154],[-114.04667300008379,40.05774500032237],[-114.04668000008377,40.060512000318056],[-114.04667900008377,40.061668000316274],[-114.04669700008373,40.063370000313625],[-114.04669100008374,40.0642730003122],[-114.04668400008376,40.06703900030794],[-114.04669000008374,40.07018500030301],[-114.04669500008373,40.07320300029835],[-114.04670200008371,40.076407000293386],[-114.04670300008371,40.07837500029035],[-114.04670800008375,40.0801780002875],[-114.04671000008375,40.08102500028622],[-114.04670900008375,40.0876560002759],[-114.04669000008374,40.09616800026271],[-114.04668500008376,40.09967200025727],[-114.04667900008377,40.10118800025492],[-114.04667100008379,40.10300000025211],[-114.04665600008383,40.106209000247134],[-114.0466450000838,40.11004700024114],[-114.04661900008387,40.11582900023217],[-114.04661400008388,40.11693600023045],[-114.04660200008391,40.11920100022695],[-114.0465850000839,40.122456000221916],[-114.04650200008405,40.124935000218045],[-114.04654000008401,40.126505000215616],[-114.046541000084,40.126556000215544],[-114.04653700008402,40.12716300021458],[-114.04652700008398,40.12914000021152],[-114.04652400008399,40.12980000021048],[-114.04651700008401,40.131154000208426],[-114.04649600008406,40.13521800020209],[-114.04649000008408,40.136573000199974],[-114.04648900008408,40.13664100019986],[-114.04648900008408,40.136693000199784],[-114.04648400008409,40.13760600019839],[-114.0464560000841,40.14325500018964],[-114.04656400008395,40.15405600017283],[-114.04647500008411,40.155306000170924],[-114.04647300008412,40.155333000170856],[-114.0464610000841,40.155500000170605],[-114.04646200008409,40.15673200016869],[-114.0464600000841,40.157602000167344],[-114.04640900008417,40.17651100013802],[-114.04643200008417,40.17903600013409],[-114.04643300008416,40.179095000134],[-114.04643400008416,40.17915200013391],[-114.046522000084,40.18389900012653],[-114.0465840000839,40.20007600010143],[-114.04657300008392,40.20370000009581],[-114.04656300008395,40.20732500009018],[-114.04655800008396,40.208878000087736],[-114.046543000084,40.21138800008384],[-114.04650800008403,40.21931200007157],[-114.04649200008407,40.22323100006548],[-114.0464800000841,40.22544700006205],[-114.0464180000842,40.231738000052246],[-114.0463960000842,40.233138000050076],[-114.04637400008426,40.23465600004772],[-114.04637200008426,40.23486400004742],[-114.04637100008426,40.23494200004728],[-114.04636800008427,40.235104000047045],[-114.04626000008443,40.24263600003536],[-114.04626000008443,40.242755000035174],[-114.04625700008444,40.24295000003485],[-114.04625600008444,40.243216000034465],[-114.04629900008439,40.24449300003249],[-114.0463340000843,40.24993300002404],[-114.0462730000844,40.254928000016264],[-114.04630300008438,40.261660000005804],[-114.04631700008434,40.26498900000064],[-114.04631400008435,40.265493999999876],[-114.04631400008435,40.26562499999966],[-114.0462740000844,40.27263099998879],[-114.04624500008447,40.277837999980704],[-114.04621700008448,40.2828659999729],[-114.0462080000845,40.2840519999711],[-114.0462080000845,40.284080999971025],[-114.04617900008452,40.289245999962986],[-114.04617200008454,40.29049199996109],[-114.04617200008454,40.290587999960906],[-114.04619300008454,40.29297399995721],[-114.04619700008453,40.29336299995663],[-114.04619100008455,40.300421999945684],[-114.04619000008455,40.3029049999418],[-114.04619000008455,40.302933999941786],[-114.04619000008455,40.30302099994162],[-114.04619000008455,40.30304999994161],[-114.04619000008455,40.30307899994153],[-114.04619000008455,40.30316599994143],[-114.04619000008455,40.303194999941354],[-114.04619000008455,40.30326999994122],[-114.04619000008455,40.30349799994087],[-114.04619000008455,40.303573999940795],[-114.04618700008456,40.30655099993612],[-114.04618200008457,40.31548299992227],[-114.04618100008457,40.31846099991765],[-114.04617800008452,40.321199999913404],[-114.04617800008452,40.322536999911335],[-114.04616200008456,40.32941899990067],[-114.04615600008458,40.33215899989642],[-114.04615500008458,40.332188999896346],[-114.04613600008463,40.34100899988266],[-114.04613100008464,40.34274699987998],[-114.04612100008461,40.347382999872764],[-114.04611800008462,40.348374999871226],[-114.04611200008463,40.35135099986661],[-114.04611000008464,40.35234399986507],[-114.04610800008464,40.3527669998644],[-114.04610600008465,40.35403799986244],[-114.04610500008465,40.35446199986177],[-114.04610300008466,40.355191999860665],[-114.04609900008467,40.35690799985798],[-114.04609700008467,40.357382999857236],[-114.04609500008468,40.35811399985613],[-114.04609000008469,40.35934799985421],[-114.0460870000847,40.36024999985278],[-114.0460860000847,40.360391999852595],[-114.0460860000847,40.360500999852434],[-114.04608200008471,40.361598999850685],[-114.04608200008471,40.36173499985051],[-114.04608100008471,40.36175199985047],[-114.04608100008471,40.3618029998504],[-114.04608100008471,40.36182099985035],[-114.04607300008473,40.36395799984706],[-114.04605300008473,40.37036999983707],[-114.04605100008473,40.37113999983592],[-114.04607800008472,40.37250599983378],[-114.04610000008466,40.372735999833424],[-114.04609100008469,40.37416799983117],[-114.04607500008473,40.3768159998271],[-114.04603500008477,40.38845299980903],[-114.04603600008477,40.388712999808604],[-114.04603600008477,40.38879599980851],[-114.04603700008477,40.38896699980825],[-114.04603800008476,40.388998999808166],[-114.0460880000847,40.39827399979379],[-114.0460830000847,40.39855099979337],[-114.0460880000847,40.398833999792885],[-114.0460880000847,40.399527999791815],[-114.04609900008467,40.40184799978823],[-114.04608100008471,40.40270899978691],[-114.0460010000848,40.406332999781284],[-114.04599200008482,40.40677299978057],[-114.04592200008494,40.409954999775664],[-114.04591300008497,40.41039499977495],[-114.04585600008505,40.412998999770934],[-114.04583300008511,40.41401799976933],[-114.04578000008519,40.41648299976549],[-114.04576400008517,40.41769799976362],[-114.04572300008527,40.42075399975886],[-114.0456890000853,40.42315699975518],[-114.04567100008535,40.424543999752984],[-114.04562200008542,40.4250579997522],[-114.04534000008584,40.42799399974763],[-114.04524600008602,40.428979999746105],[-114.0450700000863,40.43081999974328],[-114.0450700000863,40.43161099974202],[-114.0450700000863,40.437817999732374],[-114.04506900008624,40.438860999730764],[-114.0450700000863,40.439604999729625],[-114.0450700000863,40.43991999972911],[-114.04511700008618,40.443228999724],[-114.0451710000861,40.44686899971833],[-114.04520000008608,40.44882099971534],[-114.04520200008608,40.44895599971511],[-114.04521500008605,40.44989199971366],[-114.04521800008604,40.45007699971336],[-114.04522700008602,40.45064599971249],[-114.04524500008597,40.451931999710496],[-114.045256000086,40.452657999709345],[-114.04532700008588,40.45738599970201],[-114.04533200008586,40.45779299970138],[-114.04545800008566,40.484397999660075],[-114.04545100008568,40.487065999655954],[-114.04545000008568,40.48724499965567],[-114.04547700008561,40.4900799996513],[-114.04546700008564,40.491524999649016],[-114.04545800008566,40.492808999647025],[-114.0454440000857,40.49474499964401],[-114.0454430000857,40.494847999643866],[-114.04542300008575,40.49797799963903],[-114.04541500008571,40.49886499963765],[-114.04541300008572,40.49929099963697],[-114.04540900008573,40.49975899963624],[-114.04540800008573,40.49990699963604],[-114.04540700008573,40.50011199963569],[-114.04540500008574,40.50039299963527],[-114.04540100008575,40.50098399963434],[-114.04540100008575,40.5010869996342],[-114.04539800008575,40.50148999963358],[-114.04539700008576,40.50162899963334],[-114.04539300008577,40.501882999632926],[-114.04539600008576,40.50215299963253],[-114.04537600008581,40.504600999628735],[-114.04537400008581,40.50498299962817],[-114.04536100008579,40.50676299962538],[-114.0453600000858,40.50702999962499],[-114.04528300008593,40.518227999607575],[-114.04485000008663,40.57895299951332],[-114.04479200008672,40.58885299949793],[-114.04467000008691,40.607420000510785],[-114.0445290000871,40.62474000048394],[-114.04452000008712,40.62558300048261],[-114.04449700008718,40.62828900047839],[-114.04449600008718,40.628360000478324],[-114.0444670000872,40.63173900047303],[-114.0444650000872,40.6319840004727],[-114.04444900008724,40.63405800046945],[-114.04444100008726,40.63510200046784],[-114.0444040000873,40.639578000460915],[-114.04439400008732,40.64075000045909],[-114.04439300008733,40.64081200045899],[-114.04416100008768,40.66895800041527],[-114.04413900008774,40.67159900041116],[-114.04410800008776,40.67522200040554],[-114.0440900000878,40.677496000402016],[-114.04405000008785,40.68246100039431],[-114.04402700008791,40.6860810003887],[-114.0440100000879,40.68885600038442],[-114.0440070000879,40.689277000383754],[-114.04400400008791,40.689755000383],[-114.04400300008791,40.68997700038267],[-114.04400200008791,40.69012000038242],[-114.04398900008795,40.69197500037956],[-114.04398200008796,40.6931620003777],[-114.04397800008798,40.69359900037705],[-114.04396400008801,40.69503400037479],[-114.04395600008797,40.69699200037178],[-114.04395400008798,40.69722100037143],[-114.043946000088,40.69840700036957],[-114.043943000088,40.69890400036883],[-114.04393100008804,40.70061400036616],[-114.04393000008804,40.700844000365805],[-114.0439070000881,40.70423600036054],[-114.04389800008806,40.7055620003585],[-114.04389000008808,40.70700400035622],[-114.0438810000881,40.70790800035485],[-114.04387400008812,40.70918500035282],[-114.04386900008814,40.70971400035205],[-114.04385700008817,40.71148300034929],[-114.04385600008817,40.71171100034894],[-114.04383400008817,40.71494100034391],[-114.04381500008822,40.7178940003393],[-114.04380800008823,40.71873000033804],[-114.04380600008824,40.7189560003377],[-114.04379300008827,40.72091800033462],[-114.0437620000883,40.726034000326706],[-114.04375200008832,40.72685500032543],[-114.04374600008833,40.72784700032389],[-114.04373700008836,40.72911300032189],[-114.04372800008838,40.730467000319834],[-114.04372200008834,40.73140300031838],[-114.04372200008834,40.73148800031822],[-114.04371800008835,40.73196500031747],[-114.04371800008835,40.73206700031733],[-114.04371000008837,40.73312500031568],[-114.04369200008841,40.735586000311855],[-114.04368900008842,40.735776000311546],[-114.04368600008843,40.735861000311445],[-114.04365700008844,40.737990000308116],[-114.04365400008845,40.7381420003079],[-114.0436350000885,40.73961000030562],[-114.04362700008852,40.74004400030492],[-114.04362600008852,40.74009700030484],[-114.04362400008853,40.740263000304594],[-114.04362200008853,40.74038900030439],[-114.04361800008854,40.74069000030397],[-114.04361500008855,40.74082700030374],[-114.04356500008862,40.744428000298115],[-114.04354400008862,40.74571500029617],[-114.04353300008864,40.74650700029491],[-114.04351500008869,40.74771200029306],[-114.0435120000887,40.747940000292715],[-114.04348400008871,40.74982300028978],[-114.04341100008884,40.75493400028182],[-114.04341000008884,40.75498400028175],[-114.04341000008884,40.755013000281735],[-114.04340900008884,40.75506900028165],[-114.04340600008885,40.75518900028146],[-114.04340200008886,40.75546600028099],[-114.04340100008886,40.755552000280886],[-114.04339100008889,40.75619700027988],[-114.0433850000889,40.756592000279284],[-114.04337400008887,40.757355000278096],[-114.04335600008892,40.75858300027619],[-114.04335200008893,40.758810000275844],[-114.043302000089,40.762207000270564],[-114.04329800008901,40.762431000270226],[-114.04328700008904,40.763203000269016],[-114.04328300008905,40.76343800026865],[-114.04327900008906,40.76374900026815],[-114.04327700008906,40.76388900026791],[-114.04327100008908,40.76426700026735],[-114.04324900008908,40.76583400026493],[-114.04324600008908,40.766057000264595],[-114.04319500008916,40.76967300025893],[-114.04314700008928,40.77308900025366],[-114.04309400008935,40.77684400024782],[-114.04309300008936,40.77689400024775],[-114.04306600008937,40.77872900024488],[-114.04304700008942,40.78026400024254],[-114.04304600008942,40.78032600024244],[-114.04287400008968,40.79507100021954],[-114.04287500008968,40.795350000219116],[-114.04287600008968,40.79559300021873],[-114.04287600008968,40.79561400021868],[-114.04287600008968,40.79585800021829],[-114.04288000008967,40.79954000021257],[-114.04288600008965,40.80612900020236],[-114.04288000008967,40.807395000200415],[-114.0428470000897,40.813193000191404],[-114.04283800008972,40.81439600018956],[-114.04282100008976,40.81663000018608],[-114.04279400008983,40.820231000180456],[-114.04279200008983,40.824501000173825],[-114.04279800008982,40.826958000170066],[-114.04277900008981,40.82935800016634],[-114.04277900008981,40.82942200016623],[-114.04267400009002,40.84590300014065],[-114.04263700009005,40.867649000106894],[-114.04257300009016,40.8744580000963],[-114.04254600009017,40.877479000091625],[-114.04254000009018,40.87808400009067],[-114.04252300009023,40.87982700008797],[-114.04251900009024,40.88109800008601],[-114.04251100009026,40.88472500008038],[-114.04250200009028,40.88835200007475],[-114.04249400009024,40.89181900006935],[-114.04249400009024,40.89197700006912],[-114.04249200009025,40.89258200006816],[-114.04248700009026,40.89434300006542],[-114.04248200009027,40.89560500006348],[-114.04247700009029,40.89757700006044],[-114.04237900009042,40.91693000003039],[-114.04237300009044,40.91757800002938],[-114.04232900009055,40.92268600002143],[-114.04232100009051,40.928888000011796],[-114.04231800009052,40.93182900000727],[-114.04231700009052,40.93517700000206],[-114.04230700009055,40.937573999998335],[-114.04230200009056,40.942091999991305],[-114.04229200009058,40.94567099998579],[-114.04229300009058,40.94601799998526],[-114.04229200009058,40.94625899998488],[-114.04228100009061,40.949889999979234],[-114.04227600009062,40.95229699997549],[-114.04227500009063,40.95305699997431],[-114.04227400009063,40.953523999973584],[-114.04227000009064,40.95466499997184],[-114.04226000009061,40.9566749999687],[-114.04226000009061,40.95715899996793],[-114.04224600009064,40.960293999963085],[-114.04224500009065,40.96079299996228],[-114.04223200009068,40.963911999957475],[-114.04223100009068,40.96442799995668],[-114.0422220000907,40.966816999952925],[-114.04221900009071,40.968064999951025],[-114.04220400009069,40.97113199994624],[-114.0422030000907,40.97121299994615],[-114.0421990000907,40.972191999944584],[-114.04217500009077,40.97697799993716],[-114.04215300009082,40.98213799992919],[-114.04214400009079,40.98351699992702],[-114.04209000009092,40.991311999914956],[-114.04209500009091,40.991533999914566],[-114.04206200009094,40.99500299990922],[-114.04206000009094,40.995643999908225],[-114.04204300009098,40.99832599990407],[-114.04202900009096,40.99989599990158],[-114.042016000091,41.001561999899025],[-114.04194800009111,41.01025099988556],[-114.0418290000913,41.0178739998737],[-114.04181900009132,41.019504999871174],[-114.04179400009133,41.02090199986901],[-114.04186100009127,41.02374899986455],[-114.04185100009124,41.02478899986295],[-114.04184600009125,41.02602699986102],[-114.04181500009133,41.03070499985381],[-114.04180900009135,41.037303999843516],[-114.04169500009152,41.055587999815145],[-114.04169500009152,41.05579099981486],[-114.04152100009179,41.10392799974011],[-114.04154700009173,41.11483099972321],[-114.04154200009174,41.11670099972031],[-114.0415550000917,41.119424999716045],[-114.0415560000917,41.122503999711284],[-114.04157000009172,41.12342499970987],[-114.04156000009169,41.125225999707084],[-114.04154700009173,41.12749199970352],[-114.04152800009177,41.131395999697475],[-114.04149900009179,41.13639599968974],[-114.04150200009178,41.1364959996896],[-114.04142500009192,41.143101999679345],[-114.04136200009202,41.14643599967417],[-114.04129500009213,41.15011199966841],[-114.04122900009224,41.15368299966292],[-114.04122900009224,41.15722299965739],[-114.04126700009215,41.164360999646306],[-114.04129500009213,41.17027199963712],[-114.04131700009208,41.176285999627794],[-114.04137600009199,41.18157499961961],[-114.04136400009202,41.190988999605],[-114.041369000092,41.19127099960457],[-114.04135500009204,41.19540099959812],[-114.04132600009206,41.20333099958583],[-114.0413300000921,41.20669199958064],[-114.04132300009206,41.20877999957736],[-114.04131900009207,41.211480999573155],[-114.04131800009208,41.211538999573065],[-114.04131700009208,41.21288999957102],[-114.04129900009212,41.220116999559764],[-114.04129700009213,41.22250799955606],[-114.04124200009221,41.23160099954197],[-114.04123000009224,41.23576999953548],[-114.04119200009228,41.24438099952209],[-114.04118900009229,41.24452999952189],[-114.04118900009229,41.24460299952176],[-114.04118800009229,41.24543699952045],[-114.04118900009229,41.24917099951466],[-114.04116500009235,41.25377399950753],[-114.04116600009235,41.254144999506934],[-114.04110200009245,41.260204999497546],[-114.0410350000925,41.26554399948924],[-114.04099000009262,41.27079099948111],[-114.0409780000926,41.275676000515205],[-114.04095900009264,41.27866400051056],[-114.04095900009264,41.28000500050848],[-114.04092300009273,41.28635000049866],[-114.04085400009279,41.29198900048988],[-114.04085400009279,41.29275600048868],[-114.04078100009292,41.29924000047862],[-114.04074200009296,41.30312100047263],[-114.04061600009317,41.32132900044434],[-114.04058900009323,41.329845000431135],[-114.04056600009324,41.33413900042444],[-114.04052800009333,41.34197000041229],[-114.04057000009328,41.36000900038431],[-114.04056900009323,41.36130300038229],[-114.04058100009325,41.36277300038],[-114.04058400009325,41.36487300037675],[-114.04059800009321,41.36820200037158],[-114.0406040000932,41.36892000037045],[-114.04058600009324,41.37566400036002],[-114.04059000009323,41.37659800035857],[-114.04054600009329,41.39134600033566],[-114.0405400000933,41.392251000334284],[-114.04052400009334,41.39357600033219],[-114.04053400009332,41.394877000330155],[-114.04051900009335,41.39896500032381],[-114.04048800009338,41.40067200032121],[-114.0404790000934,41.40584500031315],[-114.04049500009336,41.407568000310505],[-114.04049100009337,41.40863200030884],[-114.04048800009338,41.40984500030697],[-114.04048800009338,41.41042000030603],[-114.04046700009343,41.4250140002834],[-114.04047000009342,41.42573600028226],[-114.04046900009342,41.42633800028136],[-114.04044200009344,41.44660000024987],[-114.04044600009343,41.4529260002401],[-114.04043700009345,41.454936000236955],[-114.04045400009346,41.45786900023239],[-114.0404150000935,41.46423800022251],[-114.04041300009351,41.464654000221856],[-114.0404150000935,41.464801000221655],[-114.04039000009351,41.47167000021096],[-114.04033500009359,41.479320000199095],[-114.04032400009362,41.48008300019791],[-114.04030000009368,41.484539000191035],[-114.04028900009371,41.486183000188475],[-114.0402900000937,41.49119900018064],[-114.0402930000937,41.49197100017949],[-114.04029500009369,41.49246000017871],[-114.04029800009369,41.493404000177236],[-114.04031700009364,41.494257000175935],[-114.04034200009363,41.49543700017409],[-114.04035900009359,41.4958070001735],[-114.040727000093,41.52502100012816],[-114.04073000009299,41.525963000126694],[-114.04073500009298,41.5262080001263],[-114.04071500009303,41.53404800011418],[-114.04071500009303,41.5340820001141],[-114.0406630000931,41.541330000102846],[-114.0405400000933,41.56056300007299],[-114.04049300009336,41.56837600006088],[-114.04049300009336,41.569092000059754],[-114.04048600009338,41.57027300005791],[-114.04049200009337,41.572147000055],[-114.04046700009343,41.57505100005051],[-114.04034800009362,41.58179700004007],[-114.04024600009376,41.59137600002515],[-114.04024600009376,41.591603000024804],[-114.04024400009376,41.59178900002456],[-114.0401680000939,41.60238700000809],[-114.04016400009391,41.60252900000785],[-114.04012100009396,41.60694500000102],[-114.04002500009409,41.61489499998868],[-114.04001600009411,41.61522399998813],[-114.03993600009426,41.62229499997716],[-114.03990800009427,41.624419999973895],[-114.03986100009433,41.62806899996821],[-114.03981300009445,41.6317089999626],[-114.03979900009443,41.633211999960224],[-114.03975300009455,41.648916999935864],[-114.03976400009452,41.65166699993159],[-114.03976600009452,41.65303399992945],[-114.03980400009442,41.660557999917785],[-114.03980500009442,41.6608239999174],[-114.03980200009443,41.661216999916746],[-114.03982900009441,41.691172999870275],[-114.03984200009438,41.69357899986653],[-114.03985200009436,41.69526099986393],[-114.0398340000944,41.7011929998547],[-114.03982400009443,41.70242199985279],[-114.03976800009451,41.70867099984309],[-114.03975200009455,41.709422999841934],[-114.03972000009458,41.71183899983822],[-114.03961900009472,41.71431299983436],[-114.03957800009482,41.71551299983247],[-114.039461000095,41.71887399982728],[-114.039463000095,41.7191779998268],[-114.0396230000947,41.72249499982166],[-114.0396230000947,41.72268699982135],[-114.0397100000946,41.72454099981849],[-114.03978300009447,41.72599799981623],[-114.03979100009445,41.72675499981506],[-114.03985200009436,41.731700999807344],[-114.03986300009433,41.73312899980516],[-114.03984100009438,41.73458999980289],[-114.03978400009447,41.73719699979881],[-114.03971700009458,41.74027499979405],[-114.03970700009461,41.740816999793196],[-114.03972600009456,41.74191299979151],[-114.03985400009435,41.75161899977644],[-114.03986800009432,41.75265299977485],[-114.03986800009432,41.75268299977478],[-114.03987900009434,41.75326599977387],[-114.0399570000942,41.75987499976361],[-114.03996200009419,41.760338999762894],[-114.03999000009418,41.76324099975841],[-114.04003700009406,41.76722599975221],[-114.04003700009406,41.7672919997521],[-114.04005700009407,41.768869999749654],[-114.04011900009397,41.77410999974154],[-114.04017700009388,41.77520299973986],[-114.0398970000943,41.82915099965612],[-114.03989100009431,41.82931899965587],[-114.03988800009432,41.83363199964913],[-114.03993200009427,41.83493299964715],[-114.04029800009369,41.84574999963036],[-114.04037500009355,41.84800999962681],[-114.04036800009357,41.84891799962543],[-114.04036500009357,41.8493629996247],[-114.04036000009359,41.85003799962368],[-114.04035100009361,41.85191199962077],[-114.04032300009362,41.857531999612036],[-114.04031500009364,41.85940699960912],[-114.04030000009368,41.86247799960438],[-114.04028900009371,41.864655999600984],[-114.04036300009358,41.87169999959008],[-114.04039600009355,41.87477599958527],[-114.04041000009352,41.87608599958327],[-114.04042000009349,41.876986999581845],[-114.04031800009363,41.8802249995768],[-114.04022700009381,41.8830919995724],[-114.0401470000939,41.8858299995681],[-114.03997800009415,41.89134499955958],[-114.03996400009419,41.89599499955233],[-114.03995100009422,41.90393899954],[-114.03998200009414,41.90586699953701],[-114.04003600009406,41.90930299953169],[-114.04019800009382,41.919612999515664],[-114.04025300009374,41.92304999951034],[-114.04026100009372,41.92351399950962],[-114.04028500009372,41.92490599950747],[-114.0402930000937,41.925370999506754],[-114.0402930000937,41.92538799950671],[-114.04030200009367,41.92641499950514],[-114.04030400009367,41.92654699950492],[-114.04030500009367,41.92663499950481],[-114.04038700009352,41.932633999495465],[-114.04038400009352,41.935824999490535],[-114.0403310000936,41.938667999486086],[-114.04027500009369,41.942646999479905],[-114.0402680000937,41.943091999479236],[-114.04024600009376,41.9444610005188],[-114.04017700009388,41.94880500051204],[-114.04019600009383,41.949364000511196],[-114.04021800009377,41.94987800051035],[-114.04080500009292,41.96391300048862],[-114.04080800009291,41.964158000488226],[-114.0409350000927,41.967202000483496],[-114.04103800009256,41.969657000479685],[-114.0411230000924,41.97166400047655],[-114.04124300009221,41.974598000471985],[-114.04136200009202,41.9774370004676],[-114.04137400009199,41.97771700046718],[-114.04137600009199,41.9781440004665],[-114.04137800009198,41.978836000465435],[-114.04138000009198,41.9790580004651],[-114.04138100009197,41.97926100046476],[-114.04138200009197,41.97953200046436],[-114.04138300009197,41.97962300046419],[-114.04138200009197,41.979705000464094],[-114.04138400009197,41.9798280004639],[-114.04138300009197,41.9798890004638],[-114.04138700009196,41.980414000462986],[-114.04140100009198,41.98195300046058],[-114.04144000009188,41.987914000451326],[-114.04144100009188,41.98811600045104],[-114.04147700009185,41.99387300044208],[-114.0452950000859,41.9938020004422],[-114.04825700008132,41.99381400044217],[-114.05358100007305,41.99380700044219],[-114.05652900006851,41.9938030004422],[-114.0616220000606,41.993797000442214],[-114.06189500006013,41.993797000442214],[-114.06191000006015,41.99393900044197],[-114.08585000002296,41.99394800044195],[-114.10752799998932,41.99383100044213],[-114.10763699998915,41.993894000442026],[-114.10764999998912,41.99390400044206],[-114.10772799998904,41.99396500044196],[-114.1077809999889,41.99396500044196],[-114.12160299996748,41.99394300044196],[-114.1258509999609,41.99393600044198],[-114.1258509999609,41.9939890004419],[-114.12595799996069,41.9939890004419],[-114.13889599994064,41.99400100044187],[-114.14308699993416,41.99400500044186],[-114.14320799993396,41.99400500044186],[-114.14446699993198,41.99400600044186],[-114.14505299993107,41.994007000441854],[-114.14518199993086,41.99400800044185],[-114.14533799993063,41.99400800044185],[-114.1529519999188,41.994014000441894],[-114.15678799991286,41.994021000441876],[-114.1568109999128,41.994021000441876],[-114.16040499990726,41.99402800044186],[-114.16087699990652,41.994029000441856],[-114.18482199986937,41.994076000441794],[-114.18491799986919,41.994075000441796],[-114.19515599985328,41.994095000441746],[-114.1965009998512,41.99409700044174],[-114.19690599985057,41.99409800044174],[-114.20125999984384,41.994107000441716],[-114.20149999984346,41.994107000441716],[-114.20173999984308,41.99410800044171],[-114.21772099981825,41.9941140004417],[-114.23465399979199,41.9941140004417],[-114.24147099978143,41.9941980004416],[-114.24844399977059,41.99428400044144],[-114.25085499976683,41.99431400044142],[-114.26393999974653,41.994270000441475],[-114.26422799974608,41.994270000441475],[-114.26451899974563,41.99426900044148],[-114.26485199974513,41.99426800044148],[-114.2738779997311,41.994239000441496],[-114.27412099973071,41.9942380004415],[-114.2776179997253,41.994227000441526],[-114.277799999725,41.99422600044153],[-114.27793899972482,41.99422600044153],[-114.27797099972474,41.99422600044153],[-114.27937399972257,41.99422100044154],[-114.27952499972236,41.99422100044154],[-114.27959399972224,41.99422100044154],[-114.2801889997213,41.99421800044155],[-114.28024299972122,41.99421900044155],[-114.28063499972063,41.99421800044155],[-114.28185499971875,41.99421400044156],[-114.28179899971883,41.99444100044121],[-114.28202299971849,41.99443100044124],[-114.28450399971462,41.99434900044133],[-114.29034799970555,41.994352000441324],[-114.29481599969864,41.99436400044135],[-114.29874199969254,41.99438000044131],[-114.30002599969055,41.9943840004413],[-114.30040099968994,41.9943850004413],[-114.30367699968485,41.99438900044129],[-114.3079579996782,41.99439200044128],[-114.30866999967714,41.99439300044128],[-114.30996499967512,41.99439500044127],[-114.3112569996731,41.99439700044127],[-114.3131079996702,41.99440100044126],[-114.31436399966827,41.99440300044125],[-114.31559599966636,41.994406000441245],[-114.31619299966542,41.99440700044124],[-114.31676399966454,41.99440800044124],[-114.3173869996636,41.99440900044124],[-114.31811299966245,41.994410000441235],[-114.31890399966125,41.99441200044123],[-114.31950899966029,41.99441200044123],[-114.3204819996588,41.99441500044122],[-114.32143799965729,41.994418000441215],[-114.32255699965555,41.99442300044126],[-114.32359499965395,41.99442700044125],[-114.32374799965373,41.99442700044125],[-114.33274999963976,41.99446100044116],[-114.33301799963931,41.994464000441155],[-114.33615099963447,41.99448000044117],[-114.33674099963355,41.99448500044116],[-114.33985799962869,41.99450400044111],[-114.34533099962022,41.99452300044106],[-114.34784599961631,41.99453100044104],[-114.34974899961333,41.99453800044108],[-114.35144799961068,41.994530000441046],[-114.35855299959968,41.994472000441135],[-114.3594349995983,41.994464000441155],[-114.35999999959745,41.994468000441145],[-114.36105499959581,41.99447700044112],[-114.36146199959518,41.99448100044117],[-114.36750799958577,41.99453200044104],[-114.3694269995828,41.99454200044107],[-114.37718799957076,41.99446600044115],[-114.37885999956814,41.99445700044117],[-114.39612799954136,41.99449000044115],[-114.39762699953906,41.99448200044117],[-114.39817899953817,41.99447400044113],[-114.40305699953058,41.99448800044115],[-114.40456899952824,41.99449300044114],[-114.40516199952731,41.994495000441134],[-114.40547999952685,41.99449300044114],[-114.40831099952243,41.99448400044116],[-114.41482699951234,41.994464000441155],[-114.41757399950808,41.99446200044116],[-114.42064999950327,41.99449000044115],[-114.42075499950312,41.99448400044116],[-114.42169399950166,41.994476000441125],[-114.42733999949292,41.994499000441124],[-114.434363999482,41.9945090004411],[-114.43807000051794,41.994530000441046],[-114.4414900005126,41.994522000441066],[-114.44176900051218,41.99452000044107],[-114.44669600050452,41.994522000441066],[-114.45774000048738,41.99452300044106],[-114.46523000047574,41.99452900044105],[-114.46766200047199,41.99453100044104],[-114.47521600046025,41.99453700044103],[-114.48029900045236,41.99453700044103],[-114.48251700044892,41.99453800044108],[-114.48967700043784,41.9946330004409],[-114.49216000043396,41.99462200044093],[-114.49462200043013,41.99460800044096],[-114.4985200004241,41.9946320004409],[-114.5009040004204,41.994646000440866],[-114.50180700041898,41.99463000044091],[-114.50415800041532,41.99458700044096],[-114.50965300040679,41.994577000440984],[-114.51421200039971,41.994565000441014],[-114.51510900039835,41.994557000441034],[-114.51596500039699,41.994549000441054],[-114.51704300039535,41.99453900044108],[-114.51775900039422,41.99453300044104],[-114.5180140003938,41.99453100044104],[-114.52026100039035,41.994510000441096],[-114.52138700038859,41.99450000044112],[-114.52434800038401,41.99449200044114],[-114.52683600038011,41.99448600044116],[-114.5302320003749,41.994448000441196],[-114.53133900037312,41.994436000441226],[-114.53246100037143,41.99442300044126],[-114.53378200036934,41.99440900044124],[-114.53479200036782,41.99439700044127],[-114.53571800036633,41.99438700044129],[-114.53683800036464,41.99436700044134],[-114.53714200036416,41.9943610004413],[-114.53773700036322,41.99434900044133],[-114.5381180003626,41.99434100044135],[-114.53846500036207,41.99433400044137],[-114.53874600036164,41.994328000441385],[-114.53915000036102,41.994320000441405],[-114.54031300035922,41.99429700044141],[-114.54056400035881,41.99429200044142],[-114.54226800035616,41.994258000441505],[-114.54692800034894,41.99424400044148],[-114.54886000034594,41.9942380004415],[-114.55534700033587,41.99431000044143],[-114.56212500032535,41.994390000441285],[-114.56310300032385,41.99438800044129],[-114.5686900003152,41.99437700044132],[-114.57609400030367,41.994418000441215],[-114.57824700030034,41.99443700044122],[-114.58416500029114,41.9945080004411],[-114.58439800029078,41.99451100044109],[-114.58615600028804,41.99453700044103],[-114.5869030002869,41.99454000044108],[-114.5871480002865,41.99454200044107],[-114.5888930002838,41.99455000044105],[-114.58958500028274,41.99455400044104],[-114.59013300028187,41.994557000441034],[-114.59292600027754,41.994571000441],[-114.59314800027721,41.994572000440996],[-114.59429900027544,41.99457800044098],[-114.59828100026925,41.99459400044094],[-114.60041500026591,41.994639000440884],[-114.60315600026166,41.994697000440794],[-114.60733400025521,41.99487300044052],[-114.61085000024974,41.99502100044032],[-114.61213900024774,41.995076000440235],[-114.61366800024535,41.99514000044013],[-114.61777400023897,41.995359000439805],[-114.62083600023425,41.995523000439505],[-114.62112300023381,41.995534000439534],[-114.62234000023187,41.99558000043942],[-114.62586100022645,41.995712000439255],[-114.63538900021166,41.99607000043869],[-114.63673700020956,41.99611800043863],[-114.6386920002065,41.9961900004385],[-114.64025800020408,41.99624800043841],[-114.6431590001996,41.99632600043827],[-114.64885400019074,41.996468000438085],[-114.65087500018763,41.996503000438],[-114.65152400018661,41.996516000437964],[-114.65279500018465,41.99654400043795],[-114.6548120001815,41.9965860004379],[-114.66062000017246,41.99670300043772],[-114.66409900016708,41.99676400043762],[-114.66787900016124,41.996825000437525],[-114.66811900016086,41.99683000043751],[-114.66933600015898,41.99685400043745],[-114.67266300015376,41.99691800043735],[-114.67477300015054,41.9969600004373],[-114.67712400014688,41.996999000437256],[-114.68017500014213,41.99704400043714],[-114.68269400013821,41.9970820004371],[-114.68848600012922,41.99727800043678],[-114.6940630001206,41.99740900043662],[-114.70174900010863,41.99763000043623],[-114.70374100010554,41.99771100043614],[-114.70477300010396,41.99775400043609],[-114.70668100010096,41.99783500043594],[-114.709904000096,41.997970000435714],[-114.71147200009352,41.998036000435604],[-114.71365700009017,41.9981220004355],[-114.71570500008698,41.998198000435366],[-114.7173810000844,41.998260000435266],[-114.71903800008181,41.99832100043517],[-114.72069900007921,41.99838200043507],[-114.72104000007869,41.99839400043504],[-114.72491700007265,41.99848600043492],[-114.72922400006598,41.998672000434624],[-114.7312080000629,41.99875700043452],[-114.73417200005832,41.99886600043436],[-114.73528800005658,41.99890500043426],[-114.7364450000548,41.99894500043422],[-114.73767400005289,41.99898700043417],[-114.73981300004954,41.99906100043404],[-114.7406430000483,41.99909000043397],[-114.74263800004519,41.999159000433906],[-114.74360800004365,41.999191000433825],[-114.74446900004233,41.99921900043381],[-114.74563800004051,41.99925600043372],[-114.74911500003509,41.99936700043355],[-114.7509430000323,41.99942500043346],[-114.75156600003129,41.99945200043345],[-114.75450300002677,41.999574000433256],[-114.75465100002651,41.99957900043324],[-114.7547410000264,41.999582000433236],[-114.76037200001764,41.99977600043292],[-114.76098700001671,41.99979400043287],[-114.76382500001228,41.9998670004328],[-114.76846300000511,41.999993000432596],[-114.77871099998919,42.00034700043204],[-114.79244099996788,42.00082900043128],[-114.79668499996126,42.001002000431015],[-114.79711599996062,42.001018000430975],[-114.79719999996047,42.00102300043096],[-114.79730899996031,42.001028000431006],[-114.79768899995975,42.00104300043097],[-114.80440099994928,42.00131100043052],[-114.80756299994442,42.00143400043032],[-114.80851699994292,42.00146800043029],[-114.81642499993063,42.00179100042982],[-114.82349099991967,42.00184200042969],[-114.83111899990786,42.001793000429814],[-114.846466999884,42.00172900042992],[-114.84653799988388,42.00172900042992],[-114.84702899988315,42.00172700042992],[-114.85175399987583,42.001716000429894],[-114.85624999986885,42.00170200042993],[-114.86244099985919,42.00141400043037],[-114.86412499985659,42.001339000430505],[-114.87037899984688,42.00105100043095],[-114.87163199984496,42.00098700043105],[-114.87561799983877,42.00078400043134],[-114.88172099982927,42.000537000431734],[-114.88675099982146,42.000339000432064],[-114.89196399981341,42.000141000432336],[-114.89423499980984,42.000060000432484],[-114.8976149998046,41.99995200043264],[-114.89851299980324,41.999923000432716],[-114.89882199980275,41.999916000432734],[-114.89920999980217,41.9999070004327],[-114.90030399980043,41.99988200043276],[-114.90702899978999,41.999789000432884],[-114.9107589997842,41.99970100043305],[-114.91438399977858,41.99961900043314],[-114.9176809997735,41.99954300043328],[-114.91815899977274,41.9995330004333],[-114.92132599976782,41.999462000433425],[-114.92163899976731,41.99945500043344],[-114.9240929997635,41.999400000433525],[-114.92727999975858,41.99929700043367],[-114.93044399975366,41.99919700043381],[-114.93623399974467,41.99904200043409],[-114.94164999973628,41.99878500043445],[-114.94436699973204,41.998656000434664],[-114.94646799972878,41.9985570004348],[-114.94879299972519,41.99844600043497],[-114.95484199971577,41.99816600043545],[-114.96408299970142,41.99782900043596],[-114.97241399968851,41.9975180004364],[-114.97354999968672,41.99747600043651],[-114.97471299968493,41.99747500043651],[-114.97600499968291,41.99747400043651],[-114.97735699968086,41.997473000436514],[-114.97895499967836,41.997473000436514],[-114.97952899967748,41.99747600043651],[-114.9809119996753,41.997485000436484],[-114.9815149996744,41.997489000436474],[-114.98215299967342,41.997493000436464],[-114.98253799967279,41.99749500043646],[-114.98281699967237,41.997497000436454],[-114.98299599967208,41.99749800043645],[-114.98411699967033,41.99750500043643],[-114.98414199967033,41.99750500043643],[-114.9934989996558,41.99756500043634],[-114.99992499964583,41.99722000043687],[-115.00005199964562,41.997210000436894],[-115.0009729996442,41.99713800043702],[-115.00099199964416,41.997136000437024],[-115.00305299964094,41.99697600043726],[-115.00793699963339,41.99680000043753],[-115.00985799963041,41.99673400043764],[-115.01150699962784,41.996678000437726],[-115.01239899962644,41.996647000437804],[-115.01338499962492,41.99661300043783],[-115.0137649996243,41.996600000437866],[-115.01406599962388,41.99659000043789],[-115.01460499962303,41.99657100043788],[-115.0148869996226,41.996562000437905],[-115.01510899962221,41.99655900043791],[-115.01541799962177,41.99655600043792],[-115.0155939996215,41.996554000437925],[-115.01577299962122,41.99655200043793],[-115.02073699961352,41.996496000438015],[-115.02296699961005,41.99643200043812],[-115.02574799960576,41.996352000438264],[-115.03171799959648,41.99626400043837],[-115.03200699959604,41.99626000043838],[-115.03300199959449,41.99624500043842],[-115.03400299959293,41.99624500043842],[-115.03678399958858,41.99624500043842],[-115.03749199958747,41.99624500043842],[-115.03815699958648,41.996279000438335],[-115.03825499958634,41.996279000438335],[-115.04040999958295,41.996259000438386],[-115.04183699958077,41.99624900043841],[-115.04531299957534,41.996239000438436],[-115.04732299957226,41.99627600043834],[-115.04837599957062,41.99629300043836],[-115.05199199956502,41.99621900043843],[-115.05572099955918,41.99621000043845],[-115.05734299955668,41.996205000438465],[-115.0628789995481,41.99619800043848],[-115.06512699954459,41.996177000438536],[-115.06942099953795,41.99613700043858],[-115.07509299952915,41.99613400043859],[-115.07631299952726,41.99614200043857],[-115.08099199952,41.996163000438514],[-115.08693599951073,41.99615800043853],[-115.0924279995022,41.99611500043858],[-115.09718499949486,41.99612100043862],[-115.10041799948982,41.99614100043857],[-115.103540999485,41.996159000438524],[-115.10827700051931,41.996135000438585],[-115.10946400051745,41.996131000438595],[-115.10980800051692,41.9961280004386],[-115.11032200051613,41.9961290004386],[-115.1141990005101,41.9961280004386],[-115.11767700050473,41.9961290004386],[-115.11877400050298,41.9961300004386],[-115.12166700049852,41.99614800043855],[-115.1225650004971,41.99615400043854],[-115.12670600049069,41.99618000043853],[-115.12780500048899,41.99618700043851],[-115.13080800048431,41.99620600043846],[-115.1347330004782,41.9962310004384],[-115.13603800047622,41.996235000438446],[-115.1385600004723,41.996247000438416],[-115.14271700046584,41.996263000438375],[-115.1433760004648,41.99626500043837],[-115.14730500045869,41.996247000438416],[-115.14774300045804,41.99624600043842],[-115.14942400045544,41.99623700043844],[-115.14978000045488,41.996236000438444],[-115.15416900044806,41.996239000438436],[-115.155483000446,41.99624000043843],[-115.15650400044444,41.99624000043843],[-115.16035100043848,41.99622400043842],[-115.16189300043607,41.99621600043844],[-115.1653090004308,41.9962530004384],[-115.1667190004286,41.996267000438365],[-115.1668420004284,41.99626800043836],[-115.17272500041923,41.996239000438436],[-115.17327300041842,41.996235000438446],[-115.17758900041173,41.99624800043841],[-115.18188300040504,41.99625800043839],[-115.18584000039891,41.99626500043837],[-115.1899560003925,41.99627800043834],[-115.19094800039096,41.996279000438335],[-115.19194400038941,41.99628100043833],[-115.19682900038185,41.99629100043836],[-115.19771300038047,41.99629100043836],[-115.19836300037946,41.99629200043836],[-115.20137300037482,41.99629200043836],[-115.20206700037369,41.99630000043834],[-115.20540600036855,41.99633200043826],[-115.20626800036717,41.99633500043825],[-115.20997000036147,41.99634600043822],[-115.21399400035517,41.99635100043827],[-115.21942100034676,41.99637100043822],[-115.22076300034468,41.996376000438204],[-115.22425800033926,41.996379000438196],[-115.22603300033649,41.996376000438204],[-115.22658500033566,41.99637300043821],[-115.22994700033041,41.99635800043825],[-115.23302200032566,41.99634700043822],[-115.23320900032536,41.99634700043822],[-115.23818600031763,41.99633100043826],[-115.24026800031442,41.99632200043828],[-115.24181300031199,41.99632300043828],[-115.24619500030519,41.99633100043826],[-115.24661300030459,41.99633100043826],[-115.24795200030246,41.99633000043826],[-115.25003000029926,41.99630700043832],[-115.25102700029771,41.99629700043835],[-115.25479600029189,41.99627000043836],[-115.25490800029172,41.996271000438355],[-115.25578300029031,41.9963140004383],[-115.25757600028754,41.9963150004383],[-115.25977200028416,41.99629300043836],[-115.26100500028224,41.99633600043825],[-115.26170800028115,41.99633800043824],[-115.2623690002801,41.99633500043825],[-115.26541100027538,41.996298000438344],[-115.26703200027288,41.99632600043827],[-115.26712400027276,41.99632600043827],[-115.26924800026944,41.99632200043828],[-115.27133400026622,41.99633000043826],[-115.27363900026262,41.99633900043824],[-115.27447300026131,41.996345000438225],[-115.27514000026031,41.996333000438256],[-115.27590700025911,41.99637100043822],[-115.27730300025695,41.99634600043822],[-115.27944800025358,41.99633800043824],[-115.28015100025249,41.99633400043825],[-115.2845900002456,41.996321000438286],[-115.28655600024257,41.9963150004383],[-115.28771600024078,41.99633100043826],[-115.28798200024033,41.99633400043825],[-115.28927900023837,41.99633500043825],[-115.28974300023765,41.99633500043825],[-115.29164200023467,41.996337000438245],[-115.29314300023236,41.99633200043826],[-115.29621600022756,41.99632300043828],[-115.29674500022674,41.99633100043826],[-115.29863000022385,41.99635800043825],[-115.30038700022112,41.99635500043826],[-115.30422200021513,41.99636100043824],[-115.30493300021402,41.99636500043823],[-115.30510500021376,41.99636200043824],[-115.30578900021271,41.996364000438234],[-115.3089510002078,41.99636600043823],[-115.31006200020607,41.99636700043823],[-115.31070500020508,41.996368000438224],[-115.31165500020359,41.99640900043818],[-115.31276700020186,41.99639400043816],[-115.31348500020079,41.99638500043818],[-115.31376000020032,41.996395000438156],[-115.31754600019445,41.99644400043809],[-115.31849800019296,41.99642400043814],[-115.31904700019214,41.996410000438175],[-115.32020300019036,41.99641100043817],[-115.32277900018636,41.99641300043817],[-115.32368400018493,41.996395000438156],[-115.32508600018275,41.99636700043823],[-115.32551700018212,41.99636700043823],[-115.32592600018148,41.996368000438224],[-115.32961500017575,41.996384000438184],[-115.32998900017515,41.996384000438184],[-115.33097600017362,41.99639600043815],[-115.3347820001677,41.99636500043823],[-115.33815800016248,41.99636700043823],[-115.33833200016221,41.99636600043823],[-115.3438220001537,41.996306000438324],[-115.3443760001528,41.996310000438314],[-115.34488200015204,41.996313000438306],[-115.34685800014898,41.99632600043827],[-115.35187200014121,41.9963160004383],[-115.35244900014027,41.996317000438296],[-115.35772600013212,41.99631800043829],[-115.3621160001253,41.99638100043819],[-115.36427900012194,41.996380000438194],[-115.36536900012021,41.996380000438194],[-115.36595800011935,41.996379000438196],[-115.36734100011716,41.99638800043817],[-115.37103300011142,41.99641100043817],[-115.37294600010847,41.99642300043814],[-115.37461000010592,41.99642800043813],[-115.37716200010192,41.996430000438124],[-115.38071700009641,41.996449000438076],[-115.38311800009268,41.996457000438056],[-115.38373700009174,41.99645900043805],[-115.38590600008837,41.99646700043809],[-115.38798400008511,41.99647400043807],[-115.38936800008298,41.996476000438065],[-115.39244800007822,41.99648300043805],[-115.39371500007621,41.996492000438025],[-115.39658200007176,41.99651300043797],[-115.39678500007147,41.99651300043797],[-115.40139300006433,41.99651300043797],[-115.40254600006256,41.99651400043797],[-115.40313100006165,41.99651100043798],[-115.40737700005502,41.99649500043802],[-115.4116060000485,41.99651800043796],[-115.41190600004802,41.996520000437954],[-115.41370700004518,41.996530000437986],[-115.41902000003694,41.9965640004379],[-115.42015000003522,41.9965650004379],[-115.42153300003304,41.99656100043791],[-115.42282900003107,41.99657900043786],[-115.42486500002786,41.996604000437856],[-115.42498200002768,41.996604000437856],[-115.42541200002705,41.99660200043786],[-115.42673100002497,41.99659900043787],[-115.4289630000215,41.99663000043779],[-115.432513000016,41.99660100043786],[-115.43721100000874,41.99663000043779],[-115.44215600000103,41.996662000437766],[-115.44353299999892,41.99666500043776],[-115.4451389999964,41.99667900043772],[-115.44593899999518,41.9966890004377],[-115.44628899999464,41.99669300043769],[-115.45478899998142,41.99673900043763],[-115.45502299998105,41.996740000437626],[-115.45669299997849,41.996733000437644],[-115.45826599997605,41.996725000437664],[-115.46123999997144,41.9967100004377],[-115.46691299996263,41.996732000437646],[-115.47163299995532,41.99675700043758],[-115.47282199995345,41.99676400043762],[-115.47378099995194,41.99676800043761],[-115.47438999995103,41.9967720004376],[-115.48270499993811,41.99676800043761],[-115.48588699993314,41.99678200043758],[-115.48632599993249,41.99678400043757],[-115.48643299993233,41.99678400043757],[-115.48653999993218,41.99678500043757],[-115.4870269999314,41.996787000437564],[-115.4921169999235,41.99680800043751],[-115.4938589999208,41.99681500043749],[-115.49764399991494,41.99683100043751],[-115.50092899990983,41.99688900043742],[-115.50419799990476,41.996931000437314],[-115.50459799990415,41.99693600043736],[-115.50624699990158,41.99692000043734],[-115.50730499989993,41.996911000437365],[-115.51025099989533,41.99688900043742],[-115.51262299989168,41.99688600043743],[-115.51326099989069,41.99688500043743],[-115.51344999989038,41.99688400043743],[-115.51532699988746,41.99687700043745],[-115.51658199988555,41.996849000437464],[-115.51688699988506,41.99683900043749],[-115.51835399988278,41.99685800043744],[-115.52010499988006,41.996879000437445],[-115.52125199987825,41.99688200043744],[-115.52174399987751,41.99688100043744],[-115.52177499987744,41.99688200043744],[-115.52213399987693,41.99688200043744],[-115.52324099987521,41.996879000437445],[-115.52381399987428,41.99687700043745],[-115.52489299987263,41.9968740004374],[-115.5261929998706,41.99687000043741],[-115.52675199986976,41.99687000043741],[-115.5270439998693,41.99687000043741],[-115.52960299986529,41.996868000437416],[-115.52997799986474,41.99687000043741],[-115.53190099986176,41.99688100043744],[-115.53281099986032,41.99685400043745],[-115.53376799985887,41.99682600043752],[-115.53540299985633,41.99688200043744],[-115.53697299985384,41.996865000437424],[-115.53917599985044,41.996895000437405],[-115.53993699984926,41.99689200043741],[-115.54140399984698,41.996887000437425],[-115.54336299984396,41.99687700043745],[-115.54603699983983,41.9968750004374],[-115.54807499983662,41.996861000437434],[-115.551051999832,41.99685600043745],[-115.55199199983053,41.99686700043742],[-115.55366199982797,41.996887000437425],[-115.55392299982753,41.99688800043742],[-115.5570529998227,41.9968960004374],[-115.55942499981904,41.996887000437425],[-115.56119099981629,41.9968980004374],[-115.56415199981166,41.99688800043742],[-115.56730399980677,41.99689300043741],[-115.56997499980264,41.99690000043739],[-115.57120499980073,41.99690400043738],[-115.57214899979925,41.99690500043738],[-115.57220599979917,41.99690500043738],[-115.57319399979764,41.99690600043738],[-115.57691099979189,41.99687700043745],[-115.57827199978976,41.99686600043742],[-115.58090399978568,41.996845000437474],[-115.58212499978379,41.99685400043745],[-115.58244099978327,41.99685600043745],[-115.58640499977713,41.99688400043743],[-115.58662899977679,41.99688400043743],[-115.58790199977483,41.9968960004374],[-115.58966599977208,41.99690600043738],[-115.59086999977023,41.99691400043736],[-115.59113999976978,41.996915000437355],[-115.59171999976888,41.996915000437355],[-115.61099799973897,41.99692000043734],[-115.62338999971973,41.99692200043734],[-115.62488299971744,41.99692200043734],[-115.62774199971295,41.99692200043734],[-115.6298419997097,41.99692200043734],[-115.6305669997086,41.99692200043734],[-115.63161699970698,41.99692200043734],[-115.63573199970057,41.99692000043734],[-115.63671899969904,41.99692200043734],[-115.6407469996928,41.99692000043734],[-115.64852399968072,41.99692100043734],[-115.64908599967987,41.99692100043734],[-115.64918799967967,41.99692100043734],[-115.64936699967939,41.99692100043734],[-115.64959899967903,41.99692100043734],[-115.64996299967851,41.99692100043734],[-115.65028899967797,41.99692000043734],[-115.65062099967747,41.99692000043734],[-115.6527279996742,41.99692000043734],[-115.65299099967376,41.99692000043734],[-115.65326399967336,41.99692000043734],[-115.6549679996707,41.996919000437344],[-115.66079199966168,41.99691800043735],[-115.66496899965517,41.99691700043735],[-115.66941599964827,41.99691700043735],[-115.67275199964314,41.99691700043735],[-115.67858799963403,41.996841000437485],[-115.67972999963229,41.996825000437525],[-115.68098999963036,41.99682200043753],[-115.6878209996197,41.996802000437526],[-115.68939299961727,41.996810000437506],[-115.68945699961716,41.9968110004375],[-115.68987299961651,41.9968130004375],[-115.69191999961339,41.99682300043753],[-115.69541699960791,41.996841000437485],[-115.69590699960719,41.99684300043748],[-115.69947699960164,41.99688200043744],[-115.70188599959789,41.99690800043737],[-115.70882099958715,41.99687100043741],[-115.71103399958372,41.99688200043744],[-115.71247699958144,41.99689000043742],[-115.71318899958032,41.99689300043741],[-115.71798599957287,41.99691700043735],[-115.72105499956814,41.99690500043738],[-115.72454299956274,41.996891000437415],[-115.72572999956088,41.99688600043743],[-115.72824399955698,41.99687700043745],[-115.7286069995564,41.99687600043745],[-115.73112699955249,41.99686700043742],[-115.73324499954924,41.99685900043744],[-115.7389949995403,41.996865000437424],[-115.74056999953785,41.996853000437454],[-115.74804499952626,41.99679700043754],[-115.74989099952336,41.99683100043751],[-115.75101499952166,41.99685200043746],[-115.75532399951493,41.996931000437314],[-115.75563899951447,41.99693200043731],[-115.75754199951149,41.99693400043736],[-115.76199399950457,41.99694200043734],[-115.76727099949642,41.9969580004373],[-115.76861299949434,41.996961000437295],[-115.76935299949315,41.99696400043729],[-115.77970400051879,41.9969600004373],[-115.78453500051126,41.99689300043741],[-115.78666400050798,41.99690400043738],[-115.78793500050597,41.996911000437365],[-115.79365800049709,41.99694000043735],[-115.79956300048792,41.99688100043744],[-115.80345000048192,41.996923000437334],[-115.80561800047855,41.99694700043733],[-115.80658600047707,41.996949000437326],[-115.81205900046854,41.9969600004373],[-115.81704400046084,41.996895000437405],[-115.81747300046015,41.996895000437405],[-115.81905600045769,41.9968960004374],[-115.82294700045168,41.9968980004374],[-115.82562400044748,41.99690200043739],[-115.82609700044674,41.996903000437385],[-115.82984600044097,41.99690900043737],[-115.83408200043436,41.996872000437406],[-115.83493500043306,41.996865000437424],[-115.83897200042679,41.99683000043751],[-115.84278000042087,41.996779000437584],[-115.84312500042034,41.996779000437584],[-115.84613700041564,41.99677600043759],[-115.84912800041099,41.99678800043756],[-115.84940400041057,41.99678900043756],[-115.8534630004043,41.996807000437514],[-115.86059000039324,41.99693200043731],[-115.86490000038651,41.996977000437255],[-115.86595600038487,41.99698800043723],[-115.86972700037904,41.997023000437196],[-115.8705720003777,41.997031000437175],[-115.87132500037654,41.99703800043716],[-115.87172300037594,41.99704200043715],[-115.87592100036943,41.997081000437106],[-115.88421100035657,41.99711100043709],[-115.89026100034715,41.99717200043699],[-115.89700600033672,41.99711800043707],[-115.90061200033108,41.997144000437004],[-115.90370800032628,41.99716600043695],[-115.90927200031763,41.99711900043707],[-115.91165200031395,41.996973000437265],[-115.91245700031271,41.99697100043727],[-115.9140580003102,41.996957000437305],[-115.91525500030838,41.99694800043733],[-115.91597600030724,41.99692800043732],[-115.92047100030027,41.99682800043752],[-115.92318700029608,41.996771000437604],[-115.9263750002911,41.996705000437714],[-115.929680000286,41.996674000437736],[-115.93849200027228,41.996592000437886],[-115.94274800026568,41.99657100043788],[-115.94639000026007,41.99655300043793],[-115.94769100025803,41.99651000043798],[-115.94830500025705,41.99649000043803],[-115.94863100025657,41.99647900043806],[-115.94865300025651,41.99649000043803],[-115.94866400025649,41.99647800043806],[-115.95045500025373,41.996418000438155],[-115.95258700025045,41.99642300043814],[-115.9590420002404,41.996438000438104],[-115.96586700022982,41.99638500043818],[-115.97468200021615,41.996462000438044],[-115.98020300020755,41.996461000438046],[-115.98170900020523,41.99647400043807],[-115.98616900019829,41.996512000437974],[-115.98633500019804,41.99651300043797],[-115.98679900019732,41.996523000437946],[-115.99576700018338,41.996530000437986],[-115.99819800017963,41.99650700043799],[-115.99913200017818,41.996500000438004],[-116.0009290001754,41.99648500043804],[-116.001823000174,41.99647700043806],[-116.00297400017223,41.996465000438036],[-116.00504500016899,41.99644400043809],[-116.00803400016434,41.99641300043817],[-116.01264900015718,41.99641600043816],[-116.01273000015709,41.996418000438155],[-116.01516400015328,41.99642000043815],[-116.01811100014874,41.996422000438145],[-116.01813900014866,41.99642000043815],[-116.02216800014241,41.99642000043815],[-116.02950200013106,41.99636700043823],[-116.03155100012788,41.99636200043824],[-116.03772400011826,41.996349000438215],[-116.03774400011827,41.99636300043824],[-116.03774600011826,41.996349000438215],[-116.03794900011792,41.99634800043822],[-116.04193600011172,41.99633900043824],[-116.0453730001064,41.99633100043826],[-116.04713600010365,41.99634400043823],[-116.04851500010153,41.99647100043808],[-116.05387800009322,41.996748000437606],[-116.0606950000826,41.997145000437],[-116.0612980000817,41.997182000436965],[-116.0625280000798,41.99726300043682],[-116.06257700007967,41.99726200043682],[-116.06261200007964,41.99726200043682],[-116.0659910000744,41.99746200043654],[-116.06662500007343,41.997500000436446],[-116.07266600006403,41.99750100043644],[-116.07859600005486,41.997500000436446],[-116.08452600004563,41.99749900043645],[-116.09262200003303,41.99752900043643],[-116.10705600001063,41.99758200043635],[-116.11320800000112,41.9976040004363],[-116.11490499999849,41.99761000043628],[-116.11500999999834,41.99761000043628],[-116.11762099999424,41.99762000043626],[-116.11768399999414,41.99762000043626],[-116.12527399998237,41.99764800043624],[-116.12593299998133,41.99765000043624],[-116.12642099998061,41.99765000043624],[-116.13324499997003,41.99765600043622],[-116.13328699996993,41.99765600043622],[-116.13374899996921,41.99765600043622],[-116.13790399996276,41.99766000043621],[-116.14036299995894,41.99766200043621],[-116.14435899995277,41.9976650004362],[-116.14666499994917,41.997667000436195],[-116.14675899994904,41.997667000436195],[-116.14685699994885,41.997667000436195],[-116.1481489999469,41.99767300043618],[-116.15253499994009,41.99761600043627],[-116.1579309999317,41.997547000436384],[-116.16068499992741,41.99751100043642],[-116.16083299992721,41.997508000436426],[-116.1639309999224,41.997555000436364],[-116.17036199991242,41.997633000436224],[-116.17479899990548,41.997687000436144],[-116.17486599990542,41.99768800043614],[-116.1782149999002,41.99769000043614],[-116.18026199989703,41.99769300043613],[-116.1804199998968,41.99769300043613],[-116.18943499988279,41.99769900043617],[-116.18948199988273,41.99769900043617],[-116.18958399988253,41.99769900043617],[-116.19006099988184,41.99769800043617],[-116.19045599988118,41.99769800043617],[-116.19085699988057,41.99769800043617],[-116.19093199988049,41.99769800043617],[-116.19100299988037,41.99769800043617],[-116.20102799986478,41.997683000436155],[-116.2037779998605,41.997687000436144],[-116.20453299985934,41.99768600043615],[-116.20538099985805,41.99768500043615],[-116.2062289998567,41.99768400043615],[-116.22385599982937,41.99767000043619],[-116.22524499982723,41.99766900043619],[-116.22541299982691,41.99766900043619],[-116.22546199982685,41.99766900043619],[-116.22715199982423,41.997667000436195],[-116.2273729998239,41.997667000436195],[-116.23119399981795,41.997663000436205],[-116.24396199979816,41.997651000436235],[-116.25763999977693,41.99736100043668],[-116.26030299977276,41.997322000436725],[-116.26179299977048,41.997330000436705],[-116.27246999975392,41.99739100043661],[-116.27425899975111,41.997380000436635],[-116.2792509997434,41.99735100043671],[-116.28293999973766,41.9973320004367],[-116.30111199970946,41.997244000436865],[-116.30241699970742,41.99723800043688],[-116.30399399970497,41.99721600043688],[-116.31449599968869,41.997069000437136],[-116.31717899968453,41.997143000437006],[-116.31733899968424,41.997147000436996],[-116.3346539996574,41.997268000436804],[-116.3350279996568,41.99726700043681],[-116.33927599965023,41.99723700043688],[-116.34662499963878,41.99704500043714],[-116.35207699963036,41.99690400043738],[-116.35297299962895,41.9968740004374],[-116.35682299962298,41.996744000437616],[-116.36213999961473,41.996566000437895],[-116.36642899960805,41.99637300043821],[-116.366444999608,41.99636500043823],[-116.36847699960487,41.99628000043833],[-116.37404999959625,41.99631100043831],[-116.3759409995933,41.996321000438286],[-116.37772999959054,41.99632400043828],[-116.37792299959023,41.99632400043828],[-116.37808799958998,41.99642100043815],[-116.37817599958981,41.996472000438075],[-116.38263799958287,41.99648500043804],[-116.3852609995788,41.99649300043802],[-116.38832199957409,41.99648100043805],[-116.3892099995727,41.99647700043806],[-116.39312099956663,41.996461000438046],[-116.39729799956012,41.99644400043809],[-116.39750299955983,41.99644700043808],[-116.40496399954822,41.99654100043796],[-116.40767199954405,41.996600000437866],[-116.40877399954235,41.996624000437805],[-116.40955499954111,41.99664100043776],[-116.40988199954063,41.9966480004378],[-116.41280899953608,41.9967110004377],[-116.41403799953417,41.99673800043763],[-116.42142399952269,41.99673100043765],[-116.42470499951759,41.99674600043761],[-116.42765699951303,41.9967100004377],[-116.4303909995088,41.9966880004377],[-116.43218599950598,41.99669600043768],[-116.43350199950396,41.99670200043772],[-116.43879299949572,41.99664500043781],[-116.44067899949283,41.99667900043772],[-116.44095399949236,41.99668300043771],[-116.44232799949026,41.99670600043771],[-116.44555299948524,41.99674200043762],[-116.44595699948462,41.9967490004376],[-116.44790199948159,41.99678400043757],[-116.44914499947964,41.99680500043752],[-116.45152400051762,41.9968130004375],[-116.45222800051653,41.99681600043749],[-116.4576580005081,41.99690800043737],[-116.45869500050651,41.99691300043736],[-116.46198600050138,41.996927000437324],[-116.46489900049687,41.9969590004373],[-116.46713400049339,41.99699100043722],[-116.46939700048989,41.99704100043715],[-116.47109300048726,41.99709500043707],[-116.47369500048325,41.997105000437045],[-116.47723100047773,41.997148000436994],[-116.48144600047118,41.99718400043696],[-116.48168200047081,41.99718700043695],[-116.48438900046665,41.997210000436894],[-116.48701800046257,41.99725500043684],[-116.49048500045717,41.99731100043675],[-116.49373700045214,41.99736500043667],[-116.49818800044523,41.99744300043653],[-116.50090600044098,41.9973530004367],[-116.50174100043967,41.997334000436695],[-116.5033500004372,41.997298000436786],[-116.50388500043636,41.997290000436806],[-116.50622400043272,41.9972910004368],[-116.50798700042998,41.99727900043678],[-116.50904800042832,41.997280000436774],[-116.50979500042718,41.997264000436815],[-116.51051700042609,41.997276000436784],[-116.51053700042604,41.997276000436784],[-116.51124800042493,41.99728800043681],[-116.51660500041663,41.997290000436806],[-116.51747500041529,41.997290000436806],[-116.51795900041452,41.997290000436806],[-116.5181750004142,41.997290000436806],[-116.51909000041275,41.9972910004368],[-116.52395100040519,41.9972920004368],[-116.52865900039791,41.99730300043677],[-116.52997900039588,41.99730700043676],[-116.53045200039514,41.99730900043676],[-116.53353500039032,41.99731500043674],[-116.54303800037559,41.99734000043668],[-116.54595500037107,41.997349000436714],[-116.54944400036567,41.997356000436696],[-116.55638200035486,41.99737000043666],[-116.56367000034356,41.99738700043662],[-116.56673300033879,41.9973930004366],[-116.56870100033575,41.99739700043659],[-116.57536300032541,41.997411000436614],[-116.57564100032499,41.99741200043661],[-116.57639300032383,41.99741300043661],[-116.57691700032302,41.9974160004366],[-116.57845000032063,41.99744800043652],[-116.58099300031665,41.99749100043647],[-116.58367700031249,41.99752200043645],[-116.58596600030899,41.99752800043643],[-116.58694800030742,41.997531000436425],[-116.58822600030544,41.99753400043642],[-116.5941800002962,41.99754900043638],[-116.6008310002859,41.99759900043631],[-116.60150200028482,41.99758800043634],[-116.60297300028253,41.99756000043635],[-116.60465100027994,41.99757500043631],[-116.60605700027776,41.99754600043639],[-116.60625700027748,41.997555000436364],[-116.60807700027465,41.99762300043625],[-116.61063500027069,41.997621000436254],[-116.61738200026019,41.99759200043633],[-116.61786300025943,41.99759100043633],[-116.62257400025214,41.99759000043633],[-116.62569200024728,41.99758800043634],[-116.62680100024556,41.9976030004363],[-116.62756800024437,41.99761400043627],[-116.63128800023861,41.9976640004362],[-116.63523100023247,41.99767600043617],[-116.63526000023245,41.99767800043617],[-116.6384960002274,41.997687000436144],[-116.64708200021408,41.99778200043602],[-116.66448600018708,41.99781700043599],[-116.6663270001842,41.99782500043597],[-116.68588000015387,41.99784000043593],[-116.69753200013577,41.99786400043587],[-116.70527000012379,41.997923000435776],[-116.70930000011754,41.99795300043576],[-116.70940000011734,41.99795300043576],[-116.70950500011719,41.997954000435755],[-116.7134500001111,41.99798400043568],[-116.72452000009389,41.99798000043569],[-116.72560200009224,41.9979970004357],[-116.72586900009179,41.99800100043569],[-116.72627100009117,41.99800700043568],[-116.73108400008368,41.99808300043554],[-116.73372100007964,41.998058000435606],[-116.73583800007634,41.9980390004356],[-116.73745600007379,41.99805500043561],[-116.74258500006584,41.9980990004355],[-116.74442500006302,41.998116000435516],[-116.75066400005329,41.99815400043542],[-116.75968500003933,41.99820100043536],[-116.76357500003326,41.99822000043537],[-116.76455500003175,41.99823100043534],[-116.76976900002364,41.99829000043525],[-116.7724480000195,41.99829200043524],[-116.77731700001192,41.99829700043523],[-116.78138200000564,41.99832500043516],[-116.78377200000193,41.998341000435175],[-116.78876999999414,41.99837500043509],[-116.7996499999773,41.998423000435025],[-116.79981099997701,41.998423000435025],[-116.80323599997172,41.99842900043501],[-116.80412699997032,41.99843000043501],[-116.80563799996798,41.998434000435],[-116.80577299996776,41.998434000435],[-116.8156819999524,41.99845000043496],[-116.8176139999494,41.99850000043489],[-116.81946799994654,41.99851500043491],[-116.81974899994606,41.9985180004349],[-116.82046599994499,41.998520000434894],[-116.82220599994224,41.99852200043489],[-116.82307899994089,41.998524000434884],[-116.82510499993776,41.998547000434826],[-116.82784299993352,41.9985570004348],[-116.8313169999281,41.99856800043477],[-116.83822299991738,41.998594000434764],[-116.84183999991177,41.998613000434716],[-116.8464209999047,41.99863800043471],[-116.8509849998976,41.99866200043465],[-116.86102799988203,41.99870700043459],[-116.86214399988029,41.99871200043458],[-116.86223399988012,41.99871200043458],[-116.86227399988007,41.99871200043458],[-116.86678899987305,41.998730000434534],[-116.873292999863,41.99875500043453],[-116.87596399985881,41.9987650004345],[-116.87724599985683,41.99877800043447],[-116.8813899998504,41.998822000434416],[-116.88768299984065,41.998776000434475],[-116.88782999984039,41.99877400043448],[-116.89163199983449,41.998796000434425],[-116.89919899982277,41.99884000043437],[-116.9010949998198,41.99885100043434],[-116.91428199979936,41.998854000434335],[-116.91943699979134,41.99885100043434],[-116.92384799978447,41.99886700043436],[-116.92387099978447,41.99886700043436],[-116.92664399978014,41.998877000434334],[-116.93045499977427,41.9988910004343],[-116.93134499977288,41.99889300043429],[-116.93218799977154,41.99889500043429],[-116.932561999771,41.998896000434286],[-116.93560999976626,41.99884900043435],[-116.94030499975895,41.998780000434465],[-116.94216799975607,41.998752000434536],[-116.94467499975218,41.99871500043457],[-116.94910499974532,41.99875900043452],[-116.95921299972963,41.99883100043439],[-116.9603009997279,41.99883100043439],[-116.96933399971391,41.998826000434406],[-116.97264299970874,41.99882500043441],[-116.97725799970158,41.99882500043441],[-116.9789949996989,41.99882500043441],[-116.98874199968378,41.99878200043446],[-116.98942299968269,41.99877900043447],[-116.99763899966996,41.99877000043449],[-116.99800599966937,41.99877000043449],[-116.99862299966844,41.99876900043449],[-117.00095799966482,41.99876100043451],[-117.00682699965569,41.99873900043451],[-117.00806499965375,41.998742000434504],[-117.00890799965248,41.998756000434526],[-117.0096459996513,41.99882100043442],[-117.01181099964793,41.99896800043416],[-117.0128249996464,41.999075000434004],[-117.01395199964463,41.99919300043382],[-117.01490799964313,41.999269000433685],[-117.01553399964217,41.99931700043362],[-117.01820399963805,41.999715000433014],[-117.01909499963665,41.999598000433195],[-117.02185499963235,41.99982600043285],[-117.0225439996313,41.99989000043274],[-117.02269999963107,41.99990400043271],[-117.02454599962817,42.00007600043244],[-117.02564499962648,42.00016600043233],[-117.02619999962565,42.00019500043226],[-117.02619699962565,41.99989000043274],[-117.02663899962494,41.999893000432735],[-117.04262299960016,42.00000200043257],[-117.04655899959403,41.99998400043262],[-117.04841199959117,41.99997600043264],[-117.04963899958926,41.999971000432595],[-117.05241899958492,42.0000530004325],[-117.05446899958173,42.00000700043256],[-117.05518099958061,42.00001200043255],[-117.05701899957779,42.00001500043254],[-117.06555299956455,42.0000300004325],[-117.06839799956015,42.00003500043255],[-117.07922599954333,42.000098000432445],[-117.09656999951642,42.00019900043225],[-117.09659999951634,42.00019900043225],[-117.09680799951605,42.00020100043224],[-117.11366299948986,42.000300000432105],[-117.12475700051431,42.000364000432],[-117.12596100051246,42.00037100043198],[-117.13366700050051,42.00043900043187],[-117.16139700045744,42.000385000432004],[-117.16182300045676,42.00038300043201],[-117.1786310004307,42.00035100043203],[-117.18204400042538,42.000378000431965],[-117.19761500040124,42.00037900043196],[-117.19770300040108,42.00038000043196],[-117.19786700040083,42.00038100043196],[-117.19802400040061,42.00038300043201],[-117.20745700038594,42.00022300043224],[-117.20861200038416,42.00021300043227],[-117.21720000037084,42.00012400043238],[-117.21755100037029,41.99988700043275],[-117.22729300035513,41.999889000432745],[-117.23202700034778,41.99988800043275],[-117.24622900032574,41.99988700043275],[-117.25096400031839,41.99988700043275],[-117.251232000318,41.99978700043289],[-117.25342000031458,41.999781000432904],[-117.26084500030305,41.99976300043295],[-117.26332100029924,41.99975800043296],[-117.26609400029491,41.99975100043298],[-117.27441500028203,41.99973100043297],[-117.2771890002777,41.99972500043299],[-117.28477700026593,41.99970600043304],[-117.29269600025361,41.999687000433084],[-117.29545600024937,41.999680000433045],[-117.30809700022974,41.99965000043312],[-117.31204700022363,41.999640000433146],[-117.32389700020519,41.99961200043316],[-117.32784800019908,41.99960300043318],[-117.328524000198,41.99960100043319],[-117.33055100019487,41.9995960004332],[-117.33122800019385,41.9995950004332],[-117.33137900019358,41.9995950004332],[-117.33482200018824,41.99958400043323],[-117.34560400017153,41.99955300043325],[-117.34919800016593,41.99954200043328],[-117.35825000015188,41.999516000433346],[-117.36575300014022,41.99950400043332],[-117.36607400013975,41.99950400043332],[-117.36841000013612,41.99950000043333],[-117.37596700012438,41.99940700043351],[-117.37618300012406,41.99940500043351],[-117.37694000012289,41.99940200043352],[-117.39357200009704,41.99933100043364],[-117.39512400009465,41.9993250004336],[-117.40361300008146,41.99929000043369],[-117.40447500008014,41.99929700043367],[-117.4051340000791,41.99930200043366],[-117.40711200007604,41.99931800043362],[-117.407772000075,41.9993240004336],[-117.41498600006383,41.99938300043351],[-117.41824000005874,41.9994100004335],[-117.42126400005407,41.999436000433434],[-117.43826900002767,41.99957700043325],[-117.44306200002023,41.9996590004331],[-117.45588700000036,41.99950300043332],[-117.4623499999903,41.99942600043346],[-117.46483199998647,41.999396000433535],[-117.46728099998262,41.99936700043355],[-117.4705279999776,41.99940700043351],[-117.47141299997622,41.99941800043348],[-117.47198999997534,41.99942500043346],[-117.47303699997371,41.99939400043354],[-117.47326599997336,41.99939300043354],[-117.47413199997203,41.99941300043349],[-117.47994899996297,41.99939000043355],[-117.48111199996117,41.99939900043353],[-117.48139999996073,41.999400000433525],[-117.49006999994725,41.999358000433574],[-117.49033199994687,41.999358000433574],[-117.49228599994382,41.999358000433574],[-117.49349999994195,41.99935700043358],[-117.49565499993861,41.999354000433584],[-117.49567699993855,41.999354000433584],[-117.50096699993037,41.99946400043342],[-117.50440799992504,41.999342000433614],[-117.50642799992187,41.99927100043368],[-117.50668199992151,41.99926800043369],[-117.5119619999133,41.9992240004338],[-117.51311999991151,41.999211000433775],[-117.5133079999112,41.99920900043378],[-117.51347599991095,41.999207000433785],[-117.51511199990841,41.99918900043383],[-117.51595799990707,41.999179000433855],[-117.51689599990561,41.99916900043388],[-117.51839099990332,41.99915200043387],[-117.52039599990019,41.99913100043392],[-117.52106499989918,41.99912400043394],[-117.52140199989861,41.99912000043395],[-117.52167499989821,41.999117000433955],[-117.52230599989724,41.99911000043397],[-117.53019699988499,41.999024000434076],[-117.53059699988438,41.999021000434084],[-117.53244299988148,41.999009000434114],[-117.53798399987289,41.99897600043414],[-117.53983099987005,41.99896500043417],[-117.54465499986253,41.99893600043424],[-117.5524159998505,41.9988900004343],[-117.5564219998443,41.99886700043436],[-117.55912999984008,41.998850000434345],[-117.56395499983262,41.998822000434416],[-117.56647899982869,41.998806000434456],[-117.5740549998169,41.99876100043451],[-117.57657999981302,41.99874600043455],[-117.60324799977161,41.99858800043478],[-117.61071399976004,41.99854200043484],[-117.61279799975676,41.998532000434864],[-117.61320799975613,41.99852900043487],[-117.61400299975492,41.998523000434886],[-117.61639099975122,41.998509000434865],[-117.61718799974994,41.998505000434875],[-117.62009199974545,41.99848800043492],[-117.62373399973978,41.99846600043497],[-117.62440899973876,41.998357000435135],[-117.62601799973623,41.99809600043551],[-117.62895199973173,41.998090000435525],[-117.63215099972672,41.99808300043554],[-117.63226599972654,41.998082000435545],[-117.63292799972555,41.99809500043551],[-117.63461999972293,41.99812500043549],[-117.63471099972276,41.99812700043549],[-117.63502299972225,41.998128000435486],[-117.63985099971478,41.998140000435455],[-117.63992899971464,41.99814100043545],[-117.64072599971342,41.99814300043545],[-117.64111399971284,41.998144000435445],[-117.64566699970578,41.99815800043541],[-117.64772999970256,41.99811700043551],[-117.6495009996998,41.998120000435506],[-117.6505139996982,41.9981220004355],[-117.65079899969777,41.9981220004355],[-117.65822999968628,41.998128000435486],[-117.65862399968563,41.998128000435486],[-117.68619499964285,41.99814700043544],[-117.70578099961244,41.99816100043546],[-117.706712999611,41.99816100043546],[-117.70856599960814,41.998163000435454],[-117.71708699959493,41.9981840004354],[-117.71782299959375,41.998186000435396],[-117.71854899959266,41.99818900043539],[-117.718942999592,41.99818900043539],[-117.71943199959128,41.99818900043539],[-117.71984199959064,41.99818900043539],[-117.72022899959,41.99818900043539],[-117.72181899958753,41.99817700043542],[-117.7224959995865,41.99817700043542],[-117.72541799958196,41.99818000043541],[-117.72949999957564,41.9981840004354],[-117.73592399956567,41.99821100043533],[-117.73773499956286,41.99821900043531],[-117.74038299955873,41.99823100043534],[-117.74832599954641,41.99826700043525],[-117.75097499954228,41.99828000043527],[-117.75214999954045,41.99828100043527],[-117.75567599953501,41.998287000435255],[-117.75685199953318,41.99828900043525],[-117.75809799953123,41.998287000435255],[-117.76183899952542,41.998283000435265],[-117.76308599952353,41.99828200043527],[-117.76487399952072,41.99829200043524],[-117.7702399995124,41.998323000435164],[-117.77202899950964,41.998334000435136],[-117.77367899950707,41.99833300043514],[-117.77862999949934,41.998331000435144],[-117.77996499949728,41.998331000435144],[-117.78028099949682,41.998331000435144],[-117.78036299949667,41.998331000435144],[-117.78041899949659,41.99835200043515],[-117.78864899948383,41.99842600043502],[-117.78923499948291,41.99842600043502],[-117.79003499948169,41.99842100043503],[-117.79013899948148,41.99842400043502],[-117.79218200052003,41.99842100043503],[-117.79355500051787,41.99842000043503],[-117.79440000051653,41.998419000435035],[-117.80387700050187,41.99841300043505],[-117.8039290005018,41.99841300043505],[-117.80447500050093,41.99841400043505],[-117.81025300049197,41.99842800043501],[-117.81241500048861,41.99841700043504],[-117.8292800004624,41.99827700043522],[-117.8356580004525,41.99822400043536],[-117.83575700045236,41.99822300043536],[-117.83888300044754,41.99823400043533],[-117.84357600044024,41.9982460004353],[-117.87282600039481,41.99833300043514],[-117.87346700039382,41.998335000435134],[-117.87506300039138,41.99822300043536],[-117.87598000038992,41.99815900043541],[-117.88178600038094,41.99817200043543],[-117.88402800037744,41.998178000435416],[-117.88524900037555,41.99818000043541],[-117.88729900037237,41.998186000435396],[-117.88891300036988,41.998160000435405],[-117.89013500036793,41.99814100043545],[-117.89061300036724,41.99813300043547],[-117.89282500036376,41.99813700043546],[-117.90089800035128,41.99815500043542],[-117.90191500034967,41.99815800043541],[-117.9035890003471,41.99816900043544],[-117.90720700034149,41.99819300043538],[-117.91437500033032,41.99824200043531],[-117.9180610003246,41.998221000435365],[-117.91879900032347,41.99821700043532],[-117.92168000031899,41.99820000043536],[-117.92355800031606,41.99818800043539],[-117.92919400030735,41.998156000435415],[-117.93107300030442,41.99814600043544],[-117.9325580003021,41.99813800043546],[-117.93701600029522,41.99811500043552],[-117.93850200029289,41.998108000435536],[-117.94098200028901,41.99809300043552],[-117.94274100028633,41.99808400043554],[-117.9457230002817,41.99806800043558],[-117.9484250002775,41.99805200043562],[-117.95090600027362,41.9980390004356],[-117.95522900026691,41.99801500043566],[-117.95803800026255,41.99800100043569],[-117.9603820002589,41.997988000435726],[-117.96820100024678,41.998000000435695],[-117.97252600024007,41.998008000435675],[-117.9745660002369,41.99801100043567],[-117.98068900022741,41.99802300043564],[-117.98273000022425,41.99802700043563],[-117.9841230002221,41.99802900043562],[-117.98830200021558,41.998036000435604],[-117.98969500021343,41.9980390004356],[-117.99046700021222,41.998040000435594],[-117.99278300020865,41.998044000435584],[-117.99355600020743,41.998046000435636],[-117.9950410002051,41.99804800043563],[-117.99949900019823,41.99805600043561],[-118.0009850001959,41.9980590004356],[-118.0011920001956,41.99804100043559],[-118.00181000019461,41.997988000435726],[-118.0020220001943,41.99798700043573],[-118.00232000019383,41.997985000435676],[-118.00281800019303,41.99798300043568],[-118.00520700018933,41.997970000435714],[-118.00600400018811,41.99796700043572],[-118.01020200018161,41.99794500043578],[-118.01564000017316,41.99791700043579],[-118.01777200016983,41.99790600043582],[-118.02279700016203,41.997880000435885],[-118.02699600015552,41.99785900043588],[-118.033774000145,41.99782400043597],[-118.03881400013717,41.997799000435975],[-118.04641200012537,41.99776100043607],[-118.04815400012268,41.997752000436094],[-118.05411200011343,41.99772200043611],[-118.05461200011268,41.99772000043612],[-118.0585090001066,41.99770000043617],[-118.06089100010291,41.99768800043614],[-118.06137700010214,41.99768500043615],[-118.06283800009987,41.99767800043617],[-118.06332600009915,41.99767600043617],[-118.06357500009875,41.99767400043618],[-118.06386200009831,41.99767300043618],[-118.06410600009792,41.99767200043618],[-118.0643220000976,41.99767000043619],[-118.0645710000972,41.99766900043619],[-118.06524300009613,41.997667000436195],[-118.06726200009302,41.997663000436205],[-118.067935000092,41.997663000436205],[-118.06811800009172,41.99766200043621],[-118.06866600009084,41.997659000436215],[-118.06885000009055,41.99765800043622],[-118.06899400009036,41.99765700043622],[-118.06942500008967,41.99765400043623],[-118.06957000008941,41.99765400043623],[-118.06967300008927,41.99765300043623],[-118.06998300008883,41.997651000436235],[-118.07008700008862,41.997651000436235],[-118.07111300008705,41.99764600043625],[-118.07139600008662,41.99764400043625],[-118.0734000000835,41.997633000436224],[-118.08334100006806,41.997581000436355],[-118.08665500006293,41.99756400043634],[-118.08851900006005,41.99755400043637],[-118.09411200005133,41.99752400043644],[-118.09597700004844,41.99751500043641],[-118.09624400004805,41.99751300043641],[-118.09704500004682,41.997508000436426],[-118.09731300004637,41.99750700043643],[-118.09768600004583,41.99750500043643],[-118.09880800004407,41.99749800043645],[-118.09918200004347,41.997497000436454],[-118.10030700004171,41.99749100043647],[-118.10368200003649,41.99747200043652],[-118.10480800003472,41.99746700043653],[-118.10499800003447,41.99746600043653],[-118.10557000003354,41.99746200043654],[-118.10576100003328,41.99746200043654],[-118.10674800003176,41.9974570004365],[-118.12381900000526,41.997368000436666],[-118.12400600000495,41.99736700043667],[-118.12404000000487,41.99736700043667],[-118.12584700000207,41.99735700043669],[-118.1272669999999,41.99735000043671],[-118.12954399999637,41.99733900043668],[-118.13521099998758,41.997310000436755],[-118.1431119999753,41.9972700004368],[-118.15080799996332,41.9972310004369],[-118.15778199995253,41.99719500043693],[-118.15823299995179,41.99719300043694],[-118.16078199994786,41.99718100043697],[-118.16843199993599,41.997146000437],[-118.17098199993205,41.99713500043703],[-118.17490399992596,41.99711400043708],[-118.17754299992185,41.99710000043706],[-118.1866379999077,41.99705000043713],[-118.18667099990768,41.99704900043713],[-118.19059399990158,41.99702900043718],[-118.19191299989956,41.9970220004372],[-118.19586899989338,41.99700100043725],[-118.19737099989106,41.997344000436726],[-118.20221399988355,41.99732300043672],[-118.20230599988344,41.99732300043672],[-118.20320399988202,41.99731900043673],[-118.20705999987604,41.99730500043677],[-118.20714599987588,41.99730500043677],[-118.21190099986853,41.99728800043681],[-118.21198299986838,41.99728700043681],[-118.21645499986147,41.9972710004368],[-118.21674299986103,41.9972700004368],[-118.22088999985453,41.997256000436835],[-118.22160099985348,41.99725400043684],[-118.223188999851,41.99724900043685],[-118.22573899984701,41.9972290004369],[-118.22646099984593,41.99722400043686],[-118.2305839998395,41.99719200043694],[-118.23131599983839,41.99718700043695],[-118.23542799983198,41.997155000436976],[-118.23617299983084,41.99715000043699],[-118.24027499982446,41.99711800043707],[-118.24112199982318,41.99711100043709],[-118.24224899982141,41.99710300043705],[-118.24512099981695,41.997085000437096],[-118.24607699981544,41.99708000043711],[-118.24922199981057,41.99706000043716],[-118.25298199980477,41.99703700043716],[-118.25738299979793,41.99701000043723],[-118.25977499979422,41.99699000043722],[-118.26472799978654,41.996965000437285],[-118.26596299978462,41.9969580004373],[-118.2776179997665,41.99688600043743],[-118.28242899975902,41.996857000437444],[-118.28570899975392,41.99683900043749],[-118.28799499975042,41.99682600043752],[-118.29545299973881,41.99678600043757],[-118.30370999972598,41.99672200043767],[-118.31994599970079,41.996554000437925],[-118.32455299969365,41.99654500043795],[-118.32555699969208,41.99654300043795],[-118.32719199968955,41.99654000043796],[-118.32790599968843,41.99653900043796],[-118.32932699968626,41.99653600043797],[-118.33284399968079,41.99652800043799],[-118.33426499967857,41.996526000437996],[-118.33759899967339,41.99651900043796],[-118.33914299967103,41.996516000437964],[-118.34235399966605,41.99648900043803],[-118.34398199966353,41.996476000438065],[-118.34710999965864,41.996450000438074],[-118.34775599965764,41.99644400043809],[-118.34821799965692,41.99644400043809],[-118.35049599965339,41.99642100043815],[-118.3553089996459,41.99638100043819],[-118.35683299964353,41.996368000438224],[-118.36049599963786,41.99634300043823],[-118.37058199962223,41.99628100043833],[-118.37410399961675,41.996259000438386],[-118.3760789996137,41.996247000438416],[-118.37666899961278,41.99624400043842],[-118.37741399961163,41.996239000438436],[-118.3809539996061,41.99617500043854],[-118.38163499960507,41.996163000438514],[-118.38182599960476,41.99616200043852],[-118.38223199960413,41.996155000438534],[-118.38291799960308,41.99614000043857],[-118.38529199959936,41.996097000438624],[-118.39080299959085,41.99599700043876],[-118.39098399959056,41.99599400043877],[-118.39118099959023,41.99599100043878],[-118.39145299958983,41.99598600043879],[-118.3919229995891,41.99597700043881],[-118.39235399958841,41.99597000043883],[-118.39248899958818,41.99596700043884],[-118.39448099958514,41.99593100043887],[-118.39485499958454,41.99592500043889],[-118.39686899958139,41.99588800043898],[-118.39750299958041,41.995887000438984],[-118.39922899957776,41.995887000438984],[-118.41224399955752,41.99591200043892],[-118.41249499955717,41.99591200043892],[-118.41268599955686,41.99591200043892],[-118.41311299955618,41.99591300043892],[-118.41402399955479,41.995914000438916],[-118.41529599955282,41.995910000438926],[-118.41625399955132,41.99590700043893],[-118.41648799955095,41.995906000438936],[-118.41816799954836,41.995902000438946],[-118.41865199954759,41.99590100043895],[-118.42118099954365,41.99589500043896],[-118.42373199953971,41.995887000438984],[-118.42454699953845,41.99588800043898],[-118.42619499953588,41.995883000438994],[-118.42650999953543,41.995882000438996],[-118.42681799953493,41.995882000438996],[-118.42963799953054,41.99587100043897],[-118.43185099952711,41.99586100043899],[-118.43305399952521,41.995856000439005],[-118.43337199952475,41.995857000439],[-118.43481599952253,41.995857000439],[-118.43527899952181,41.99585300043901],[-118.44036499951392,41.99580800043907],[-118.44125699951252,41.99580000043909],[-118.44150599951212,41.995798000439095],[-118.44188299951156,41.995794000439105],[-118.44237599951077,41.995790000439115],[-118.44258199951042,41.99578800043912],[-118.44306799950971,41.99578400043913],[-118.4445699995074,41.995770000439165],[-118.44627799950473,41.995755000439146],[-118.44783399950228,41.99574100043918],[-118.44922099950014,41.99572900043921],[-118.45037199949837,41.99571900043924],[-118.45159599949648,41.995708000439265],[-118.45239899949519,41.995701000439226],[-118.45525599949076,41.99567500043929],[-118.45713999948788,41.99565600043934],[-118.45869899948542,41.99564200043932],[-118.46060999948247,41.99562200043937],[-118.46350500051966,41.99559400043944],[-118.46784500051291,41.99555000043949],[-118.47007400050944,41.99552800043949],[-118.47407200050321,41.99548900043959],[-118.47737200049812,41.99545400043962],[-118.48076600049285,41.99541900043971],[-118.48179100049128,41.99540800043968],[-118.48336600048879,41.99539200043972],[-118.48681600048349,41.99535500043976],[-118.48808500048148,41.99534200043979],[-118.48823200048128,41.995340000439796],[-118.48839100048099,41.9953390004398],[-118.48872500048049,41.99533500043981],[-118.48935700047952,41.99532800043983],[-118.49060100047757,41.99531600043986],[-118.49188700047557,41.99530300043989],[-118.49424900047194,41.99527900043989],[-118.49728600046723,41.995247000439974],[-118.50100800046141,41.99520700044002],[-118.50440800045612,41.99516900044006],[-118.50689900045228,41.99514100044013],[-118.51427700044081,41.995062000440214],[-118.52078300043075,41.99498700044035],[-118.52787700041972,41.9949030004405],[-118.53283800041203,41.99484600044059],[-118.53307200041166,41.994844000440594],[-118.53430900040973,41.99483000044063],[-118.53713000040534,41.994797000440656],[-118.53799000040402,41.99478600044068],[-118.53850700040323,41.9947800004407],[-118.53886300040267,41.994777000440706],[-118.54075300039972,41.99475400044071],[-118.54141400039873,41.99474900044072],[-118.5420100003978,41.99474000044074],[-118.54270200039673,41.994731000440765],[-118.55103800038376,41.99463600044089],[-118.55640300037544,41.99458200044097],[-118.55985200037009,41.99454600044106],[-118.56972500035477,41.99445700044117],[-118.58382700033286,41.99421300044156],[-118.59974700030818,41.99392400044201],[-118.60046400030706,41.99391100044204],[-118.60079800030655,41.993905000442055],[-118.60131800030575,41.99389600044208],[-118.60166300030517,41.993890000442036],[-118.60181600030495,41.993887000442044],[-118.60632600029794,41.993805000442194],[-118.60747100029619,41.99378400044225],[-118.60846400029465,41.993766000442236],[-118.60930000029333,41.99375100044227],[-118.61227200028873,41.993696000442355],[-118.61499200028453,41.99364700044242],[-118.61856600027897,41.99358200044253],[-118.62113700027498,41.99353500044259],[-118.62333600027154,41.99349500044269],[-118.62450800026971,41.99347400044269],[-118.62467000026948,41.993471000442696],[-118.62600100026742,41.99344700044276],[-118.62860700026334,41.99339900044282],[-118.62881600026304,41.99339600044283],[-118.63047100026046,41.99336600044285],[-118.6312450002593,41.99334900044289],[-118.6320150002581,41.99333000044294],[-118.63353300025574,41.993282000443],[-118.63485800025364,41.99324000044305],[-118.63875500024761,41.993118000443246],[-118.63915100024701,41.99310800044327],[-118.64005200024559,41.99307700044335],[-118.64156700024324,41.99303900044339],[-118.64186300024278,41.99303100044341],[-118.64377300023983,41.99298300044347],[-118.6446990002384,41.99296200044353],[-118.64711900023462,41.992898000443574],[-118.65052400022932,41.992812000443735],[-118.6518440002273,41.99277900044376],[-118.65656900021997,41.99265900044395],[-118.66022900021431,41.992567000444126],[-118.66129400021265,41.99254000044414],[-118.66506400020677,41.99244400044432],[-118.66573900020575,41.99242700044431],[-118.66990000019928,41.99232100044452],[-118.67018500019884,41.99231400044448],[-118.67164800019657,41.992277000444574],[-118.67463300019193,41.99220100044471],[-118.67473700019178,41.99219900044466],[-118.67649900018904,41.99215400044477],[-118.67908100018502,41.99215300044477],[-118.67957600018428,41.992152000444776],[-118.68112400018185,41.992152000444776],[-118.68456500017652,41.99215000044478],[-118.69010500016793,41.9921420004448],[-118.69207400016484,41.99213500044476],[-118.69270000016388,41.99212900044478],[-118.69407000016179,41.99212800044478],[-118.69524600015995,41.99212500044479],[-118.6957230001592,41.99212300044479],[-118.69612400015859,41.9921210004448],[-118.69763700015625,41.99211700044481],[-118.70140000015039,41.99210400044484],[-118.70355500014705,41.99209600044486],[-118.70788800014031,41.99208200044484],[-118.70851000013937,41.99208900044488],[-118.71329900013194,41.99212700044478],[-118.71434200013027,41.99213200044477],[-118.71498500012927,41.99214000044475],[-118.72258900011747,41.9922050004447],[-118.72490900011388,41.99222100044466],[-118.72610700011205,41.99222900044464],[-118.72684400011087,41.99223500044462],[-118.72809100010898,41.9922450004446],[-118.73309300010118,41.99228700044455],[-118.73603700009664,41.99230900044449],[-118.73809600009344,41.99233200044449],[-118.74286100008601,41.992435000444345],[-118.74586200008139,41.99249900044424],[-118.74762700007864,41.9925160004442],[-118.75085000007363,41.99254600044412],[-118.75103000007334,41.99254800044412],[-118.75182900007212,41.992556000444154],[-118.7541010000686,41.992579000444096],[-118.75507000006706,41.99258500044408],[-118.75715900006384,41.992610000444074],[-118.75895000006108,41.99258900044407],[-118.76190200005647,41.99255400044416],[-118.76579200005045,41.992509000444215],[-118.76667500004908,41.992513000444205],[-118.7716050000414,41.99253600044415],[-118.77263300003983,41.992541000444135],[-118.77539100003554,41.99255400044416],[-118.77598000003462,41.99255700044415],[-118.77651200003379,41.99256000044414],[-118.77693900003311,41.99256200044414],[-118.77762900003205,41.99256500044413],[-118.78241800002462,41.99258800044407],[-118.78265800002424,41.99258900044407],[-118.78303900002368,41.992591000444065],[-118.78389100002232,41.992595000444055],[-118.78525600002024,41.99260100044404],[-118.78877400001477,41.99260400044403],[-118.79274500000861,41.992603000444035],[-118.79333800000768,41.99260500044403],[-118.79641300000293,41.992603000444035],[-118.79856599999954,41.992614000444064],[-118.79978899999765,41.99260500044403],[-118.80280699999298,41.992607000444025],[-118.806661999987,41.99261200044407],[-118.8083469999844,41.99261300044407],[-118.80933599998286,41.99261300044407],[-118.81404499997552,41.99261900044405],[-118.82558799995763,41.99264700044398],[-118.82962999995135,41.99265600044396],[-118.83530999994252,41.99266700044399],[-118.83746799993918,41.992672000443974],[-118.8379549999384,41.99267300044397],[-118.83973399993567,41.99267700044396],[-118.84104599993361,41.99267900044396],[-118.84281299993086,41.99268300044395],[-118.84549799992669,41.99268900044393],[-118.84954599992045,41.99269800044391],[-118.8573729999083,41.99271600044386],[-118.86228599990068,41.99272800044389],[-118.86831099989132,41.992742000443855],[-118.87028399988822,41.99274900044384],[-118.87093599988725,41.99274800044384],[-118.87365899988299,41.992754000443824],[-118.87626599987897,41.99275900044381],[-118.8838319998672,41.99277200044378],[-118.88784999986098,41.992762000443804],[-118.89242699985385,41.99275100044383],[-118.90324399983706,41.99272500044384],[-118.9065959998319,41.992769000443786],[-118.92903399979707,41.99308400044333],[-118.93146599979326,41.993119000443244],[-118.934233999789,41.9931580004432],[-118.9405889997791,41.99318400044314],[-118.94548299977151,41.993211000443125],[-118.94840299976698,41.99322800044308],[-118.95055299976366,41.99324000044305],[-118.95545699975605,41.99326300044305],[-118.96318499974404,41.99330200044295],[-118.96954799973417,41.99333800044292],[-118.97012299973329,41.99334100044291],[-118.97167199973086,41.99335000044289],[-118.97256099972947,41.99335200044288],[-118.97527299972529,41.993359000442865],[-118.97651899972334,41.99336100044286],[-118.9813749997158,41.99338300044286],[-118.98252499971403,41.993385000442856],[-118.98622599970827,41.99341600044278],[-118.99108199970073,41.99346100044272],[-118.99474999969505,41.993494000442695],[-118.99594499969317,41.993510000442654],[-119.00105999968525,41.99355100044261],[-119.00407399968054,41.993560000442585],[-119.00811399967432,41.993560000442585],[-119.01029299967092,41.993564000442575],[-119.01313099966649,41.99357000044256],[-119.01588499966226,41.99356900044256],[-119.01682999966079,41.99357000044256],[-119.02571699964699,41.99357500044255],[-119.0313619996382,41.99358300044253],[-119.03557299963165,41.99358600044252],[-119.03646199963032,41.99358500044252],[-119.04156799962237,41.993584000442524],[-119.0425969996208,41.993580000442535],[-119.04500899961704,41.99358200044253],[-119.05187199960636,41.99360800044252],[-119.05476199960191,41.99362900044247],[-119.06179699959097,41.993626000442475],[-119.07678899956773,41.99371400044231],[-119.08212499955943,41.99371500044231],[-119.08895699954883,41.993676000442406],[-119.10392599952559,41.99356200044258],[-119.10859099951836,41.99354500044262],[-119.11506899950831,41.9934920004427],[-119.1205949994997,41.993475000442686],[-119.1257039994918,41.993464000442714],[-119.13034899948457,41.99343400044279],[-119.13520800051867,41.99340300044281],[-119.13823400051399,41.993398000442824],[-119.14007300051117,41.99339600044283],[-119.1400990005111,41.99339600044283],[-119.14012500051103,41.99339600044283],[-119.1449360005036,41.99338400044286],[-119.14981000049602,41.9933690004429],[-119.15468400048849,41.99335400044288],[-119.1576270004839,41.99335400044288],[-119.15956500048088,41.99335400044288],[-119.1598700004804,41.99335400044288],[-119.16415300047379,41.993370000442894],[-119.1665120004701,41.99337600044288],[-119.17087400046336,41.99338700044285],[-119.17288500046021,41.99339200044284],[-119.17693500045391,41.9934060004428],[-119.17867100045123,41.99341400044278],[-119.18117600044735,41.993425000442755],[-119.18482200044167,41.99343800044278],[-119.19023900043328,41.993440000442774],[-119.19274800042939,41.99344500044276],[-119.20139800041596,41.99347800044268],[-119.20399500041191,41.993498000442685],[-119.20463200041092,41.99351100044265],[-119.20501400041036,41.993510000442654],[-119.20899300040418,41.99355100044261],[-119.21859700038925,41.993630000442465],[-119.22292200038254,41.993672000442416],[-119.22451000038006,41.99369900044235],[-119.23027200037114,41.993805000442194],[-119.23176700036879,41.99382600044214],[-119.2336540003659,41.99386100044211],[-119.23809600035901,41.99389800044207],[-119.24180200035323,41.993887000442044],[-119.24697900034522,41.9938650004421],[-119.2508520003392,41.99384800044214],[-119.25103300033891,41.993843000442155],[-119.25145000033825,41.99384500044215],[-119.25166900033793,41.99384600044215],[-119.25230100033696,41.99384100044216],[-119.25482000033304,41.99383000044213],[-119.25787200032829,41.993817000442164],[-119.2616070003225,41.993824000442146],[-119.26423100031843,41.99383100044213],[-119.26574300031609,41.99383600044217],[-119.26930800031056,41.99384600044215],[-119.27084100030817,41.993851000442135],[-119.27250600030555,41.993855000442124],[-119.27501100030167,41.99386200044211],[-119.27587400030035,41.9938640004421],[-119.28068200029287,41.99388000044206],[-119.28657900028372,41.99390000044207],[-119.28984700027866,41.99391100044204],[-119.29060800027747,41.99391400044203],[-119.29513300027048,41.99393400044198],[-119.29731500026708,41.993937000441974],[-119.29953000026364,41.99393600044198],[-119.30013500026269,41.99393500044198],[-119.30081500026165,41.99393400044198],[-119.3047800002555,41.993927000442],[-119.30624300025323,41.99391900044202],[-119.30815500025022,41.993921000442015],[-119.3143160002407,41.99391100044204],[-119.31697200023655,41.993905000442055],[-119.32104300023025,41.993926000442],[-119.32211700022856,41.993917000442025],[-119.32362200022624,41.993917000442025],[-119.32418400022539,41.99392300044201]]]]}}