{"type":"Feature","geometry":{"type":"MultiPolygon","coordinates":[[[[-114.62484942835295,41.65598503013329],[-114.62508731585257,41.65637362388269],[-114.62511053981086,41.65660583638228],[-114.6249932637694,41.656828690548615],[-114.62459514710332,41.65720412700636],[-114.62406272939587,41.65787913533866],[-114.6237411189797,41.65864102908753],[-114.62368198564644,41.65885091971219],[-114.62350217731336,41.65974223637745],[-114.62336170439694,41.660088971793584],[-114.62304490543909,41.66032755095992],[-114.62261158356478,41.660486162417975],[-114.62214066377378,41.66068962283425],[-114.6219304846075,41.660840809292424],[-114.62168270856618,41.66103684054211],[-114.6216338064829,41.66106698012537],[-114.6215460158581,41.66113815825026],[-114.62130157210845,41.66130154991669],[-114.62111187210877,41.661368569708245],[-114.62090892210904,41.66137521970825],[-114.62068736690104,41.661381312416545],[-114.62035540752659,41.661408569708215],[-114.61999399086051,41.66145543949978],[-114.61966792940268,41.66151576762471],[-114.61935345752812,41.66158651970789],[-114.61912884086182,41.66164838949943],[-114.61911025961182,41.66165351137448],[-114.61881419711231,41.661741482207674],[-114.61864069919591,41.66182212908253],[-114.61819223773828,41.662030583248935],[-114.61779711898892,41.66223203845693],[-114.6172164554481,41.66254643220643],[-114.61650078669926,41.662922308247495],[-114.61619935232473,41.66304298012231],[-114.61567475753384,41.66317105928882],[-114.6152130471179,41.663303749913595],[-114.61472912420197,41.66336340303851],[-114.61409725857794,41.66334077595518],[-114.6135658742038,41.66327792074698],[-114.61309735753785,41.66321968012203],[-114.61254069712203,41.663107356163906],[-114.61206910858112,41.66307268845564],[-114.6113842325405,41.66321276762202],[-114.6107209273332,41.66318780616376],[-114.61035290441716,41.66308934053889],[-114.60963905337654,41.66296544574743],[-114.6091674721273,41.66293076866417],[-114.60848814712836,41.662785600956035],[-114.60786554504595,41.66269220616457],[-114.60707650754723,41.66265797283129],[-114.60632227421502,41.6627215134562],[-114.60553999921625,41.662878193664284],[-114.60522683775838,41.662919268664254],[-114.60485695025899,41.66300006970574],[-114.60455369505111,41.66307169262225],[-114.6042536450516,41.663133392622164],[-114.60393126901039,41.663214672830364],[-114.6036735721358,41.663299922830284],[-114.60342506588621,41.66339493220514],[-114.60322568671985,41.66351047595491],[-114.60307990442838,41.663586058246466],[-114.60295442526194,41.66365111241306],[-114.60285926172041,41.66373084157961],[-114.60275306067895,41.66381981866278],[-114.60264101692911,41.6638691228294],[-114.60246456276268,41.66394679262095],[-114.60225896067972,41.6640472936624],[-114.60215459817984,41.66410483637062],[-114.60210818672157,41.66413043116229],[-114.6019121710969,41.664209981162145],[-114.60183999922204,41.66423296241209],[-114.60160153463904,41.6642612749121],[-114.60126382422288,41.664280828037114],[-114.60104629505656,41.66427628532875],[-114.60081216172357,41.6642713957454],[-114.60065540964052,41.66427956345378],[-114.60060835547391,41.6642856113704],[-114.60046480651579,41.664304037412066],[-114.60036032005763,41.66431855824537],[-114.60021521068285,41.6643387176203],[-114.59985705130839,41.664431928036834],[-114.59949839922564,41.66453654574504],[-114.59922632422604,41.66466449470317],[-114.59905674922629,41.6647610280363],[-114.59888105339327,41.66486628636949],[-114.59855803568541,41.665022286369265],[-114.59829996068584,41.66521548011896],[-114.59809408047785,41.6653903092853],[-114.59799067006128,41.66550619053517],[-114.59781669401991,41.66574501136813],[-114.59767644193681,41.66593026240949],[-114.59756997318699,41.666052454075995],[-114.59743066797881,41.666155413450866],[-114.59726013464575,41.666276946783995],[-114.59711946797934,41.6664234144921],[-114.59711686277097,41.666426130117124],[-114.5969687648546,41.666580343658495],[-114.59690507943799,41.66666344053336],[-114.59688049402139,41.666695515533306],[-114.5967092377716,41.666943040532956],[-114.59659364298011,41.66711230094928],[-114.596476009647,41.66728632907404],[-114.59643619923038,41.66734522594894],[-114.59631715443892,41.667537987407044],[-114.59616756693914,41.66784034365656],[-114.59603525027268,41.66803126448954],[-114.5954511398569,41.668657536363625],[-114.5948265294412,41.66906379052965],[-114.59392875340092,41.66961652594542],[-114.59343842736001,41.670031311361484],[-114.59312853152714,41.670265464486135],[-114.59299682736071,41.67042005823591],[-114.59289105652755,41.67056372073562],[-114.59277994819439,41.670714628027135],[-114.59261275131968,41.670940504068454],[-114.59237768986168,41.67124323948458],[-114.59205409194551,41.67163509365066],[-114.59176852632095,41.67195011552523],[-114.59167063882109,41.672039894691686],[-114.59154345757133,41.67215655198319],[-114.59153048986298,41.67216802802482],[-114.59143858465478,41.672249392608066],[-114.59124345444678,41.67247623114935],[-114.59102217007211,41.672702387399006],[-114.59088372007233,41.67286737906536],[-114.59042860444805,41.67319087906491],[-114.58956526903273,41.67372231760569],[-114.58901619299189,41.67407663739685],[-114.58885284924213,41.67416459885503],[-114.58874059507565,41.67423082906329],[-114.58866732632578,41.67427406656319],[-114.58850385132602,41.67437052177146],[-114.5883474096596,41.67444846656303],[-114.5882355377848,41.674501050937856],[-114.58807802111835,41.674622401979406],[-114.58798679820183,41.67469268531252],[-114.5878668179937,41.67479186552081],[-114.58777806382716,41.67490226864567],[-114.58762496799403,41.675092688436926],[-114.58749294716092,41.67530271447826],[-114.58735664611947,41.675500421769634],[-114.58721265653634,41.675682528019344],[-114.58716408257811,41.67578237697759],[-114.58709283466158,41.675928805102345],[-114.58707613570323,41.67600644260225],[-114.58703695341165,41.6761885946852],[-114.58700797007833,41.67640885614327],[-114.58696423153674,41.67684761135091],[-114.587019230495,41.677150131142106],[-114.58722941799465,41.67754798218316],[-114.58736829195277,41.6778107217661],[-114.58742833986935,41.67809597072398],[-114.58742458466105,41.67830239989034],[-114.58734969299451,41.67851236134838],[-114.58718228049474,41.67867115926476],[-114.58717295966142,41.67868000718148],[-114.58698203674504,41.67880493843116],[-114.58667961799553,41.67893247488936],[-114.58631395653778,41.67906007072247],[-114.58608186903814,41.679161193638954],[-114.5857980148719,41.67930088009713],[-114.58555667216393,41.67943566551356],[-114.58532774508097,41.679561857180026],[-114.5850911357063,41.67968339884656],[-114.58495771799818,41.67974610092974],[-114.58487269924831,41.67978605717966],[-114.58467469820698,41.67989014884618],[-114.58405207945793,41.680173405095736],[-114.58374324300007,41.680317805095505],[-114.58347037529218,41.68044535092864],[-114.58324449820918,41.68054692072015],[-114.58317944820931,41.68058140613681],[-114.58317226070932,41.68058521342839],[-114.58308565341775,41.680631120720015],[-114.58295608779298,41.680774696761496],[-114.58289693362639,41.68093304571955],[-114.58289235550143,41.68105531134435],[-114.58289167945975,41.68107332696933],[-114.58287803570977,41.68136764571884],[-114.58286521695976,41.68150861967699],[-114.58285233258482,41.68165030613515],[-114.58284728154314,41.68178518009323],[-114.58284287633484,41.68190280196802],[-114.5828308190432,41.68209780821771],[-114.58279941175152,41.68223259988426],[-114.58272923987664,41.682411909258924],[-114.5826210086268,41.68261632905028],[-114.58250284508534,41.68275767592511],[-114.58238225654384,41.68288269363316],[-114.5821081221693,41.68311072904953],[-114.58209648466931,41.683120415507815],[-114.58188601071129,41.68329245300755],[-114.58160680029505,41.68353347488223],[-114.58114020758745,41.683886014464974],[-114.58101342112934,41.68397191758984],[-114.58049408779681,41.684537355088914],[-114.58020391904722,41.68517138633798],[-114.58016778467231,41.68557572071231],[-114.5798924159227,41.68622187591967],[-114.57970421800634,41.68644601550272],[-114.57959268363152,41.68659634154409],[-114.57920388988212,41.687404444667855],[-114.57915378259054,41.68784708945887],[-114.5791449461322,41.68806727695846],[-114.57910511488228,41.68827985299976],[-114.57906083467401,41.68842108737458],[-114.57898189613246,41.68860044362427],[-114.57888550967431,41.68880863945734],[-114.57872136175786,41.68897894466532],[-114.57862852009134,41.68903036862367],[-114.57855666488314,41.68907017279023],[-114.57839568259169,41.689145256123474],[-114.57832633259181,41.689174490498395],[-114.57822973884197,41.68924292799835],[-114.57819776280036,41.6892671832066],[-114.5781783148837,41.689281935289976],[-114.57811663571715,41.689328713414874],[-114.57802225342562,41.68941088633139],[-114.57800185967568,41.689428644664645],[-114.57791220655082,41.68952354466459],[-114.57780133988433,41.68964714987266],[-114.57760478259297,41.68988071445565],[-114.57737751905167,41.690029854038755],[-114.57701608259384,41.690351214454914],[-114.5765984325945,41.6906298102878],[-114.57602040759542,41.69092037591242],[-114.57557748572113,41.691149497787],[-114.57491440551377,41.69136237070334],[-114.57419461801493,41.69152344049477],[-114.57303095551669,41.69170334466119],[-114.57270263572553,41.69174369257781],[-114.57262616176735,41.69176765924442],[-114.5724292409343,41.691829368619295],[-114.57214601385141,41.691918127994214],[-114.57178146697697,41.692020563410644],[-114.57159125864393,41.6920812727856],[-114.57134692635265,41.692175081118805],[-114.5713248336444,41.69218357174377],[-114.57114828260296,41.69225135716029],[-114.57090080447837,41.69236233320183],[-114.5706295263538,41.692537971743185],[-114.57046540343737,41.69266898945141],[-114.57028302843764,41.69278733320116],[-114.56998038781313,41.69290213111764],[-114.56954673573046,41.693060508200766],[-114.5692762419809,41.69317319257557],[-114.56903843468956,41.69324962070041],[-114.56872651385675,41.69328085403379],[-114.56849957323209,41.69328649361713],[-114.56831442114901,41.693255070700445],[-114.5677542992749,41.693047052992405],[-114.56711865135922,41.692809650909446],[-114.5665461482351,41.69274920090956],[-114.566185050319,41.69275857174283],[-114.56532954302867,41.69289160924272],[-114.56473294302958,41.69293192590926],[-114.56449238677999,41.6929747332008],[-114.56381349511435,41.69306384986735],[-114.56350219094816,41.69310928007566],[-114.56334435865676,41.69313230924229],[-114.56296606074068,41.69319884153387],[-114.56269552844941,41.693277873825394],[-114.56238523990822,41.693400847783536],[-114.5621249628253,41.69358519465821],[-114.56189002740899,41.69384348632451],[-114.56171239199261,41.69406757694918],[-114.56151748886793,41.694331419657104],[-114.56126045866,41.69467600090656],[-114.56094682636883,41.695185369655746],[-114.56080885136902,41.6953898342387],[-114.56022916491156,41.696079744654355],[-114.56008420762015,41.69626729986247],[-114.55982728366223,41.69653863111195],[-114.55954182741266,41.69673423007006],[-114.55929599199635,41.69688625819483],[-114.55895347949689,41.69701835923625],[-114.55864091699738,41.69707815923619],[-114.55821335970637,41.69712227798609],[-114.55771638158218,41.69712500506939],[-114.5574587649159,41.69712464777776],[-114.55710441179146,41.697139688402736],[-114.5566455097088,41.697150929027664],[-114.55639045762587,41.697171381111026],[-114.55610794095963,41.69724417486089],[-114.55603934929309,41.69726228736092],[-114.55589974200166,41.69729916027749],[-114.55563191179374,41.69740597069391],[-114.55547550971062,41.69748493111049],[-114.5553830253358,41.69755636444378],[-114.55533419096082,41.69759408111037],[-114.55530201700259,41.697618934235365],[-114.55504917221128,41.69790607694318],[-114.55480924721168,41.698142577984505],[-114.55445123367053,41.6984493081924],[-114.55404439408785,41.69874129360861],[-114.55374618679667,41.69890343110825],[-114.55356438367193,41.69896582902492],[-114.5532288722141,41.699049091524735],[-114.5527272347149,41.69907856756637],[-114.5522559482573,41.69907280714974],[-114.5521376045075,41.69907835714977],[-114.55195541804943,41.69910533006635],[-114.55191335763283,41.699111566524664],[-114.55174498367478,41.699136490482935],[-114.55143203888355,41.6992184800662],[-114.55135064825868,41.6992398019411],[-114.55095399617596,41.69940424569086],[-114.55055330034328,41.69967499569052],[-114.55022402742713,41.69993397485666],[-114.54991148471925,41.7002199019396],[-114.54975997951118,41.70043575610598],[-114.54963005451135,41.70062086756405],[-114.54944011597001,41.70094931548015],[-114.54929984617854,41.70131855089626],[-114.54925305867863,41.70166883839569],[-114.54924245659532,41.70194790402028],[-114.54925181076197,41.7021688863116],[-114.54931243576188,41.70244148943615],[-114.54940944097007,41.70269094047744],[-114.54951562638657,41.702911768602156],[-114.54959036701143,41.703067198810174],[-114.54978319096944,41.70334970610145],[-114.54980523263612,41.70338198735139],[-114.54985935346934,41.70346129151788],[-114.55008552846897,41.70382542797566],[-114.55020169201049,41.703942517558836],[-114.5506817743014,41.70456293839122],[-114.55069071284306,41.70457609464122],[-114.55070652325969,41.70459937380783],[-114.55075408784296,41.70466937901605],[-114.55080071909288,41.70484327901583],[-114.55077379409295,41.70492059984899],[-114.55074096700963,41.70501490193221],[-114.55071337221801,41.70517541130693],[-114.5506954013847,41.70527992276512],[-114.55068865867639,41.70532391859835],[-114.55068303680139,41.70536053422332],[-114.55063876909317,41.7059267185974],[-114.55062706284315,41.70649711651318],[-114.55062926596815,41.706560949846434],[-114.5506278326348,41.70693765609592],[-114.55058742534322,41.70712483526223],[-114.55054684617659,41.7073222717202],[-114.55050128992667,41.70758729671988],[-114.55047547013504,41.707799539427846],[-114.55044663992675,41.70809152171906],[-114.55045679513506,41.70829123838546],[-114.55050802638499,41.70854731546839],[-114.55054704721829,41.70871875817642],[-114.55062764721816,41.70893327171774],[-114.550742200343,41.70918841338404],[-114.55089120971775,41.709470882133594],[-114.55104425763415,41.709647050883284],[-114.55116336284232,41.70978258421641],[-114.55133515346705,41.70993254775789],[-114.55145525242523,41.71004150817436],[-114.55159259513334,41.71016413213245],[-114.55176692013305,41.71024765088236],[-114.55191880763283,41.71031518317397],[-114.55192400763279,41.71031749254892],[-114.55213278471581,41.710428340465434],[-114.55232434096553,41.7105255248403],[-114.55253413159022,41.710609794631765],[-114.55270896179827,41.710680023798396],[-114.55286504929802,41.710776446714874],[-114.55293905763125,41.710852097756494],[-114.55298464617283,41.71089869463142],[-114.55304802325605,41.711099544631026],[-114.55303986804773,41.71112133213103],[-114.55296901283953,41.711310655047384],[-114.5528674190897,41.711382575880634],[-114.55285958888135,41.71138812275561],[-114.55278438263144,41.71140208317224],[-114.5526566795067,41.711425794630586],[-114.55262857221504,41.71143101442222],[-114.55232753471552,41.71137678525567],[-114.55199207846601,41.71132973213068],[-114.55158619096665,41.71126788525579],[-114.55116357221732,41.711179072755975],[-114.55115946075897,41.71117844463094],[-114.55080995450955,41.71112458629766],[-114.55056175450996,41.71108622692275],[-114.54986658055265,41.71105853317277],[-114.54958345867811,41.71103756233949],[-114.54909820555383,41.7110230904645],[-114.54892464409579,41.711011618589524],[-114.5487123232628,41.71099378942294],[-114.54848126805484,41.71100215713121],[-114.54827046805514,41.711044029006146],[-114.54810580347208,41.71107393525609],[-114.54787322430576,41.71112216858939],[-114.54771400659769,41.71115518942266],[-114.54764063888945,41.711170401922644],[-114.54746229097304,41.71119319358926],[-114.54728342534833,41.711229270672504],[-114.54707009826535,41.711238017547565],[-114.54685727743237,41.711233470672546],[-114.54666168368266,41.71124259671411],[-114.54643265451631,41.71119780192261],[-114.5463568347248,41.71116734358929],[-114.54625782639158,41.71112757067273],[-114.54623616180828,41.711116055047675],[-114.54610124826684,41.71104442588114],[-114.5459451722254,41.71094799254797],[-114.54579112430902,41.71079839671489],[-114.54565430347589,41.71066247900676],[-114.54553558368441,41.71052735192364],[-114.54553522014272,41.71052693421529],[-114.54539890660129,41.71037772171555],[-114.54519114201827,41.71024027692405],[-114.54500011076857,41.71012979984089],[-114.54471751597731,41.71004054567442],[-114.54448011806102,41.70999476338281],[-114.54419780764482,41.709943159216245],[-114.54399733368678,41.709895566507974],[-114.5437683066038,41.70985076650807],[-114.54350431493752,41.70979192171641],[-114.54327933889624,41.70975530400808],[-114.54309647952152,41.70971783109154],[-114.54308764202153,41.70971601546655],[-114.54291666389679,41.70967143421663],[-114.54275184931373,41.70960894880006],[-114.54246911285583,41.70947717900856],[-114.54243221389754,41.70945437692529],[-114.54233245660602,41.70939273109207],[-114.54227464306446,41.70935700921713],[-114.54212514931471,41.70923169567565],[-114.54177041598189,41.70899907900934],[-114.54157863681553,41.70887331546779],[-114.54127451285768,41.70865470088483],[-114.54106940973298,41.708528198801694],[-114.54088304098326,41.70839019359365],[-114.54081049410837,41.708336462343716],[-114.54065240973364,41.70829317588547],[-114.54054151598382,41.70829834255207],[-114.54045682431729,41.70830228421877],[-114.54019030452599,41.70830987484372],[-114.53900502327787,41.70827781234378],[-114.53713391807241,41.70849605296843],[-114.53669077744814,41.70854949463502],[-114.53648351599008,41.70856737588497],[-114.53614678682396,41.708584224843335],[-114.53592650140763,41.70860417275994],[-114.5356574461997,41.708678197759795],[-114.53552766078326,41.708770035259725],[-114.53552161390826,41.70877431963468],[-114.53543939932507,41.70882826755126],[-114.5352571295337,41.70893560921774],[-114.53502252953405,41.70903697275924],[-114.5348509014093,41.70908224984248],[-114.53478943682609,41.709098466509175],[-114.5347130087012,41.709124591509166],[-114.53403770245222,41.70933192796714],[-114.53369384516111,41.7094749925503],[-114.53351201599475,41.70954983317513],[-114.53350704411974,41.709552709216794],[-114.53331235870337,41.70966524150828],[-114.53304228474548,41.709765840466424],[-114.53273469516262,41.709918831091265],[-114.53249913370462,41.71005755296608],[-114.53240784932979,41.71011130713268],[-114.53231914203826,41.710177543590795],[-114.53225372016334,41.710227251924124],[-114.5320048930804,41.710416374840456],[-114.53194023787216,41.71044271442378],[-114.53166549933094,41.71055464671526],[-114.53139436703971,41.71062151754848],[-114.5312170212066,41.7106177050485],[-114.53111213891509,41.71057555296524],[-114.5310260118319,41.7105071998403],[-114.53097654933198,41.71034421234052],[-114.53095158266535,41.7101332071326],[-114.53090649204046,41.70983097900805],[-114.53084193266551,41.709544836300154],[-114.53072624308237,41.709032109217645],[-114.53044263891616,41.708307810260415],[-114.53010309412502,41.707714383177986],[-114.52938863162615,41.70702685297071],[-114.52877770454376,41.70666030297129],[-114.52803079100323,41.7063564738051],[-114.52695798579659,41.706062575888886],[-114.52636009933917,41.705780136305954],[-114.52547914934053,41.705476668598095],[-114.52484574204982,41.7052416935985],[-114.5245583003836,41.70514115922368],[-114.52453736288368,41.705127293598665],[-114.52445445871712,41.70507241859875],[-114.52431362017569,41.70504278318212],[-114.52417277642587,41.70501314359883],[-114.52402938267613,41.70504995505712],[-114.52391941392625,41.70514068422369],[-114.52378609517649,41.7053772029733],[-114.52364646913503,41.705540732139674],[-114.52345859934366,41.70576442693108],[-114.52345248371864,41.705771718597646],[-114.523232158719,41.70593715297239],[-114.52317964309407,41.70599229672231],[-114.52317367226078,41.70605702588889],[-114.52317006392748,41.706064418597244],[-114.52315510142745,41.70609508526385],[-114.52316772851077,41.70622835922197],[-114.52321480663568,41.706388969638404],[-114.52326035038561,41.70658944984631],[-114.52325575663565,41.70670904880457],[-114.52322655455237,41.70681240297107],[-114.52321467642736,41.70685446130432],[-114.5230788951776,41.70715081338721],[-114.52331931080221,41.70762083734479],[-114.52356493163519,41.70795539671928],[-114.52364742434338,41.70849948942679],[-114.52302890351099,41.70912530505085],[-114.52228272955381,41.70970963004987],[-114.52151145663834,41.710274037340675],[-114.52094752747257,41.710823549839766],[-114.5204344514317,41.71130842171411],[-114.52034219830682,41.71139953317226],[-114.520233229557,41.71146367692207],[-114.52008254518222,41.71152221442203],[-114.52007107122392,41.71152667171373],[-114.5199772201824,41.71154787588035],[-114.5196950587245,41.71161165296359],[-114.51960764934961,41.711618524838634],[-114.51950434518314,41.711626645671956],[-114.51927663268351,41.7116361321303],[-114.51924139935022,41.71163975088027],[-114.51904483164219,41.71167995296352],[-114.51889561393409,41.711741477963365],[-114.51876232122595,41.71179919567161],[-114.51870360872601,41.71182462587999],[-114.51863845143447,41.711874895671535],[-114.51859941393451,41.7119050144215],[-114.51855189622626,41.71194167483812],[-114.51852794101796,41.71196016858806],[-114.51841784518484,41.71208393108784],[-114.51827391081002,41.71223666754602],[-114.51817125351852,41.71232274462915],[-114.51805053581039,41.712437179003956],[-114.51795823893553,41.71251176025385],[-114.5177392816442,41.71266662900362],[-114.51755733268614,41.71278239671176],[-114.51739413372809,41.71287196546165],[-114.51715692747842,41.71303973421138],[-114.51690147122883,41.71322040296111],[-114.51665471706258,41.71338618421084],[-114.51652860664609,41.713463616502374],[-114.51577436602224,41.71412159358474],[-114.51520860977314,41.71455556754238],[-114.51491324727357,41.714866832125196],[-114.51476544727382,41.7149875227501],[-114.51460887956574,41.71513726962475],[-114.51454539831582,41.71520676129135],[-114.51445089310766,41.71532598420784],[-114.51435612019111,41.715451937332666],[-114.5142526264413,41.71557096441582],[-114.5141671024831,41.715690380040584],[-114.51409107539985,41.71579651962376],[-114.51399578373332,41.71593593524854],[-114.51389202123352,41.7160616935817],[-114.51378909519201,41.71623323316477],[-114.51373508060874,41.71632635816459],[-114.51369832748378,41.71642129774774],[-114.51356086185906,41.7167214873307],[-114.51342082435923,41.716958353996986],[-114.51321173373458,41.717380892537925],[-114.51304626706815,41.717707420662485],[-114.5128550274851,41.71809336232852],[-114.51284149519347,41.718120682120166],[-114.51273504519361,41.71841488420306],[-114.51252648269394,41.71897373628552],[-114.51226318373604,41.72000145399226],[-114.5121598587362,41.72054122794974],[-114.51202529206972,41.721316702948506],[-114.51203821706974,41.721698503989586],[-114.51203153165307,41.7221541591973],[-114.5120126649864,41.72246340294676],[-114.51194799623653,41.72263583940484],[-114.51179993790346,41.722792226904595],[-114.51166962019529,41.72294900294599],[-114.51146783165393,41.72311752377911],[-114.51137905457074,41.723205170653976],[-114.5112832754042,41.72329972690382],[-114.51110906082118,41.72344838836185],[-114.51078483165497,41.723723663361454],[-114.51063491290523,41.72388327898623],[-114.5105296399887,41.723966997736106],[-114.5104018774889,41.724057328986],[-114.51030754415575,41.724201573777464],[-114.51024919415585,41.72433330711049],[-114.5102425201975,41.7245060623186],[-114.51024571707251,41.72469436231831],[-114.51024595561415,41.72470813835989],[-114.51024794311417,41.72482537377638],[-114.51027370353081,41.72502022273442],[-114.51033956811405,41.725404309192164],[-114.51032264415574,41.72550180398371],[-114.51028873269748,41.72565378106678],[-114.51028657540576,41.72570960502498],[-114.51027750144743,41.72594452481637],[-114.51028804936408,41.72613095189935],[-114.51040210665559,41.726337028982414],[-114.51045516915553,41.72640056544066],[-114.51057501186364,41.726579808148735],[-114.5106395139469,41.72668385919016],[-114.51072359207178,41.7268053768984],[-114.51075392853005,41.72693903627319],[-114.51074674415503,41.72712507377288],[-114.51065898582186,41.72732168314759],[-114.51061076915528,41.7274280175224],[-114.51027702019746,41.727935249813214],[-114.51001288790621,41.72833666439596],[-114.50987428165644,41.72854731335401],[-114.50986848894809,41.72855611543728],[-114.50979972123986,41.728660617520475],[-114.5097214826983,41.72886681439513],[-114.50959425353187,41.72908494876977],[-114.50926909519899,41.72964242481061],[-114.50881981707471,41.73039446647609],[-114.50859683686673,41.73087772376704],[-114.50855704520012,41.73109540814169],[-114.5084996045752,41.73152111855765],[-114.50847979520024,41.731613848765875],[-114.50843456811697,41.731825599807244],[-114.50838931915871,41.73207731647354],[-114.50832787957545,41.73228878001486],[-114.50822992540894,41.732526045639446],[-114.50809597645082,41.732775837305724],[-114.50804737645092,41.73295214251379],[-114.50803403270095,41.73300058626375],[-114.50797309936769,41.73319876230508],[-114.50792990353442,41.73339732063811],[-114.50792219415945,41.733596651887794],[-114.50787788374282,41.73386314772073],[-114.50787591811786,41.733874940429025],[-114.50780877540961,41.73423390501184],[-114.50771080978478,41.73447117271983],[-114.50761695457659,41.734602137302986],[-114.50752312541005,41.73473309771937],[-114.50742065249358,41.73484128938587],[-114.50737502853531,41.73488947584411],[-114.50725667020214,41.734991012302274],[-114.50673500145297,41.7358090643844],[-114.50634995874522,41.73630156021693],[-114.50623038999537,41.7364544945917],[-114.50617451812047,41.73654524667485],[-114.50611938582892,41.73664039250807],[-114.50602655978736,41.736744769591276],[-114.50591702437089,41.736822192507816],[-114.5058181983294,41.73685141125777],[-114.50564884103795,41.73686956854945],[-114.50552516916314,41.736853580007704],[-114.50540200353834,41.73682430813281],[-114.50516113374704,41.73679849146611],[-114.50504151603889,41.736815521674465],[-114.50490370249746,41.73685338000769],[-114.50477694208098,41.736917121674274],[-114.50465068270621,41.73696757688264],[-114.5044562410398,41.73696173000752],[-114.50436836916498,41.736921540424305],[-114.50424624104016,41.73686569250776],[-114.50414236499864,41.736796938341115],[-114.50411370666535,41.73676960396615],[-114.5040567452071,41.73671527479965],[-114.50389913895737,41.736658649799686],[-114.50377545562424,41.736642664383055],[-114.5036512691661,41.73663996438308],[-114.50337884104147,41.73664389459142],[-114.50327767124998,41.73665844146629],[-114.50315221604183,41.736641178966366],[-114.50309565562526,41.73663339667478],[-114.50295526187546,41.73663236438307],[-114.50280611083406,41.73661748938314],[-114.50272020770916,41.73660891334142],[-114.50256342541775,41.73659327271649],[-114.50208506291852,41.73654248417488],[-114.50170990562744,41.73651794771659],[-114.50149700875272,41.73651331334167],[-114.50130185146139,41.73650906854995],[-114.50110824625335,41.73646495396672],[-114.50095115458691,41.73639503938349],[-114.50086450667038,41.73633994980019],[-114.5007439285456,41.7362442300087],[-114.50065787229573,41.73616060813386],[-114.50058992646251,41.73609458313394],[-114.50037094625452,41.735889451884226],[-114.50024080667134,41.73577753000946],[-114.4996522004223,41.735424226884966],[-114.49890956396507,41.73527366542686],[-114.49817914729954,41.735387609176726],[-114.49775682438354,41.73543439875995],[-114.49764894730038,41.73544153105156],[-114.49745419834238,41.73545439771831],[-114.49718756500943,41.7354618935516],[-114.497025317093,41.73552485084314],[-114.49685931813497,41.73563559042635],[-114.49671338896849,41.73578405396772],[-114.49663808063531,41.7358806695926],[-114.496601984802,41.73592697480082],[-114.496601269177,41.73592790084251],[-114.49644952334393,41.73617729042546],[-114.49635359521909,41.736361390425195],[-114.4962426837609,41.736479802925004],[-114.49607765563616,41.73660807167485],[-114.49589611709479,41.7367105060496],[-114.49569579313675,41.736839136257835],[-114.49537379209556,41.73701186959087],[-114.49480754730479,41.737207675840544],[-114.4942129629307,41.73737754875698],[-114.49409226397256,41.73740466750693],[-114.49321430043227,41.73753522584001],[-114.49316256709903,41.737539040423364],[-114.4930113879326,41.7375717018816],[-114.49293311397435,41.7376482341732],[-114.4929286264744,41.737684151881524],[-114.4928998858494,41.737870038339494],[-114.49290354418277,41.73790195604782],[-114.4929154295994,41.73800547479764],[-114.49292530147437,41.73809152688081],[-114.4929283733494,41.73811826958911],[-114.49293966293271,41.73821669667228],[-114.49290951814106,41.73833951646373],[-114.49289125043276,41.73854813000512],[-114.4928678223078,41.738693917504925],[-114.49283298584953,41.73888414562956],[-114.49278391918295,41.739024577921064],[-114.49270726814137,41.73916920292081],[-114.49262768272484,41.739352014378916],[-114.49260200043324,41.73943069771211],[-114.49250601710003,41.7396592987534],[-114.49249229835004,41.73969197375336],[-114.49242084939186,41.739862168544725],[-114.4922512493921,41.74042077791887],[-114.49214756189224,41.74072248208508],[-114.49206908064241,41.74107366125123],[-114.4917923910595,41.741481473750596],[-114.4915662264765,41.74222628312441],[-114.49161060043474,41.7428484602068],[-114.49173342855954,41.743475366455854],[-114.49178027230948,41.743657234163805],[-114.49178587126784,41.74367896124719],[-114.49188695564266,41.7438667195802],[-114.49190179105932,41.74389428937183],[-114.49198430251751,41.744055677913245],[-114.49198654001755,41.74406228416324],[-114.49198854835083,41.7440681820799],[-114.49201940772578,41.744159019579776],[-114.49204131501745,41.74427773520458],[-114.49200409001747,41.7443874935377],[-114.4919319400176,41.74448810916252],[-114.49182702647606,41.744552921662496],[-114.49173084314293,41.74459867374571],[-114.49162006605974,41.74463985707899],[-114.49155826918485,41.744662838328985],[-114.49140529939342,41.7447279831205],[-114.4912202368937,41.74481451957869],[-114.49103864522732,41.74490081957859],[-114.49072651814447,41.745040627911735],[-114.49059987856134,41.74510467478663],[-114.49039476293666,41.74520840916146],[-114.49020012127028,41.74534205811958],[-114.49003708064555,41.74548614874439],[-114.49000228793729,41.74550979874433],[-114.48991872022907,41.74556661853593],[-114.48979425356261,41.74569797166066],[-114.48965735981278,41.74589339666043],[-114.48961424731289,41.746088209160106],[-114.48961024939621,41.74628486020149],[-114.48961862231283,41.74654721853435],[-114.48961422439618,41.746751349784034],[-114.4896112577295,41.746888546658816],[-114.4897016014794,41.7473774070748],[-114.48976618168763,41.74778307894907],[-114.48977450877094,41.747835387282315],[-114.48980407439592,41.74805248624045],[-114.48979602439591,41.74825895811508],[-114.48977626397925,41.748374903948225],[-114.48969973272938,41.74849356957303],[-114.48960498793787,41.74858078936462],[-114.48954810981297,41.74860456853118],[-114.4894552223131,41.748643402906126],[-114.48933220356332,41.74867630082277],[-114.489103640022,41.74874055082259],[-114.48891128481392,41.74881033832252],[-114.48877773898084,41.74886792061408],[-114.48867093689768,41.7489484904057],[-114.48859023898109,41.74907708415544],[-114.48851196710626,41.749336078946676],[-114.48846161293966,41.74948487165483],[-114.48837268273144,41.74974763311277],[-114.48818093377344,41.750233179987],[-114.48802369002368,41.75045947061162],[-114.48767770356585,41.75090969769423],[-114.48729612231648,41.7512691976937],[-114.48696581502531,41.75160157790146],[-114.48637117856788,41.752009442484194],[-114.48580486606875,41.752397863316936],[-114.48556371502747,41.75258661539997],[-114.4854169212777,41.75270580602486],[-114.48525666502798,41.75278115289972],[-114.4851032181532,41.75282923935793],[-114.4849473035701,41.75285823935793],[-114.4846805952372,41.75287452789963],[-114.48466433794556,41.75287552269128],[-114.48466216815387,41.75287578102459],[-114.48428960565445,41.752920516441144],[-114.48406354002981,41.75297149144108],[-114.48386273586345,41.753037064357635],[-114.48369863273872,41.75313115602417],[-114.48369792753039,41.753131762274165],[-114.48345618065576,41.75335385706542],[-114.48331271919761,41.75349486539854],[-114.48320269315616,41.7538436903981],[-114.48318183690617,41.75400030706444],[-114.4831479910729,41.75425310914746],[-114.48318194628115,41.754449641438754],[-114.48325217232275,41.75462427581352],[-114.48329920565601,41.75475996018826],[-114.48334241711427,41.75491292997968],[-114.48338875461417,41.7550630758128],[-114.48345402128076,41.75521368414599],[-114.48353369211395,41.755340407062405],[-114.48361872544719,41.75549333206218],[-114.48380386711352,41.755633926853605],[-114.48393446086334,41.75574428102012],[-114.48399884523828,41.755816128936694],[-114.48402966294651,41.75593650810315],[-114.4839757608633,41.756099763311205],[-114.48388658482172,41.7562818924776],[-114.48383437961348,41.75642070810241],[-114.48377413378023,41.756550735185456],[-114.48376319628028,41.756574325810554],[-114.48369583169706,41.75667384351865],[-114.48364252648878,41.75675260497691],[-114.48361609940548,41.7568307914351],[-114.48361491815552,41.75700468622654],[-114.48366669836378,41.75709454560132],[-114.4837313525303,41.75720673101784],[-114.4837989962802,41.75734369143428],[-114.48382120878017,41.75737271539258],[-114.48387869315508,41.7576047601839],[-114.48389698482174,41.75775640705861],[-114.48389789003005,41.757774671641926],[-114.4838813921134,41.75799919768327],[-114.4838185931552,41.75816800289138],[-114.48375501190526,41.7583243924744],[-114.48372252544698,41.75841233934936],[-114.48370821503033,41.75845108205758],[-114.48365748586377,41.758613285182285],[-114.48363516503048,41.75871128309879],[-114.48359488794722,41.758888137265195],[-114.48356923482226,41.75908326018161],[-114.4835354244056,41.75926154872292],[-114.4834517598224,41.75954267580586],[-114.48335201711427,41.75983770393045],[-114.48324797961442,41.76008518830502],[-114.48315731711455,41.760217603929874],[-114.48287144211497,41.760635121637506],[-114.4826598264903,41.760876194553795],[-114.48255192544883,41.760985575803645],[-114.4825213556572,41.761077663303446],[-114.48253707440716,41.76119610392831],[-114.48257278169876,41.76132375601143],[-114.4826169358654,41.76145225496962],[-114.48270080461526,41.76165601330255],[-114.4827058056569,41.7616681778859],[-114.48279369107343,41.7618357435106],[-114.48290908586495,41.76206436851028],[-114.48298951503149,41.762278925801624],[-114.48307119523969,41.76244582059297],[-114.48317222753121,41.76259506017615],[-114.48331539003095,41.76279867684253],[-114.48351048586397,41.76308327371705],[-114.48363849732215,41.76327233413346],[-114.4837323150303,41.76338775288326],[-114.48385264419682,41.763544718507994],[-114.48388420253008,41.76359564454962],[-114.4839800379466,41.76375029454938],[-114.48405371086318,41.76392392267403],[-114.48416390148799,41.764202167465335],[-114.48419418482126,41.76428406225678],[-114.4842346973212,41.76439364142333],[-114.48431967648776,41.76460492683972],[-114.48435673377934,41.764781248714435],[-114.48436010148765,41.76493404142254],[-114.4843552608627,41.76505789454728],[-114.48431182752944,41.76522303204705],[-114.48423035461286,41.76548854663],[-114.48422570357121,41.765503688296604],[-114.48412749627973,41.76584262996281],[-114.48400585252989,41.76619058933721],[-114.4834772223224,41.76681758725289],[-114.48331990357264,41.767043859127526],[-114.48323764315609,41.76717385496067],[-114.48311658273963,41.76734536016877],[-114.48307003690633,41.76748750079356],[-114.48304392232308,41.76770108204326],[-114.48303595044808,41.767904939334564],[-114.48306336503134,41.768112433084234],[-114.4831803389895,41.76830119558394],[-114.48326788898936,41.76835342370888],[-114.48347584940569,41.76846727370868],[-114.4836698441971,41.768520450791904],[-114.48386268794678,41.768575164333555],[-114.48416376502968,41.76867395704173],[-114.48449452336246,41.768802258083156],[-114.48462837648725,41.76884771745806],[-114.48477896919537,41.76891584766636],[-114.4848570775286,41.76895117683297],[-114.48490005044516,41.76897062058288],[-114.48501866398664,41.76903025495779],[-114.4851359098198,41.76912872787434],[-114.48517314836141,41.76919941641584],[-114.4851791639864,41.76925366016579],[-114.48516361502811,41.769328827873984],[-114.4851063389865,41.769399017457225],[-114.48504431606995,41.76945632579051],[-114.48496057544509,41.76952387787376],[-114.48483165252861,41.76964075391519],[-114.48481670877862,41.769654205998535],[-114.48456905461234,41.769877212248176],[-114.4843848931543,41.77002731745626],[-114.48423641086288,41.77013853828946],[-114.48401592961324,41.7702712664142],[-114.48375503794693,41.77045166745565],[-114.48362155148885,41.77054376016377],[-114.48342087336414,41.7706617237053],[-114.48323341190611,41.770762457038444],[-114.4829540744065,41.77091669141326],[-114.48253110878221,41.77116016328781],[-114.4820514566996,41.77144512578743],[-114.48166108899187,41.7716556716204],[-114.4813187525341,41.77180418828684],[-114.48107344732614,41.7719071851617],[-114.48088650670138,41.77195726953658],[-114.48072343899332,41.77201389557821],[-114.48058306086854,41.77210714349465],[-114.48043619211876,41.77221930286958],[-114.48018037961918,41.77243664557745],[-114.480086602536,41.772535546619075],[-114.48005231191104,41.772566017452334],[-114.47981972857804,41.77292267057679],[-114.47973290149486,41.7730854528682],[-114.47963523587002,41.773231968492965],[-114.4794630858703,41.77347661640926],[-114.47933838587045,41.77361052370069],[-114.4791038306625,41.773904727866935],[-114.47903236295429,41.77401169661676],[-114.47897380982936,41.774099322658266],[-114.47894237441278,41.774145036199805],[-114.47887210462119,41.77424720911635],[-114.47883479316295,41.77430145911627],[-114.47882689003792,41.77431295286625],[-114.47878490982964,41.77437400182451],[-114.47876506503803,41.774439065366074],[-114.4787759598297,41.77451473203267],[-114.47881305253793,41.77457457994923],[-114.4788615712879,41.77459784453252],[-114.4789002504545,41.774616396615805],[-114.47894874628776,41.774667876824104],[-114.47898222024605,41.7747034101573],[-114.47906334003756,41.774789523698864],[-114.47906711191258,41.77479396224054],[-114.47915237649579,41.774894390365375],[-114.47921450670401,41.77501223515686],[-114.47928412337059,41.775216654948295],[-114.47939833482873,41.775678455989166],[-114.47940345878703,41.7758303351556],[-114.47938280045372,41.776126075780134],[-114.47935180462048,41.77631856952985],[-114.47930872337054,41.776559701821114],[-114.4792534212873,41.77676987682077],[-114.47916224316242,41.77698905494545],[-114.47904665982924,41.777227666403355],[-114.4789506108711,41.77741175806976],[-114.47894653795443,41.7774314434864],[-114.4789226994128,41.77754662577792],[-114.4789306171211,41.77766988827771],[-114.47901767024598,41.77778645702759],[-114.47912518795414,41.77788971223574],[-114.47932595253718,41.77798737681889],[-114.47947285357861,41.77801515181884],[-114.47971119628659,41.77801511640217],[-114.47991471399456,41.778039158068864],[-114.4806961129517,41.77819088723529],[-114.48101520253454,41.77822844140191],[-114.48120944420089,41.77825930806847],[-114.48134403378401,41.77830025598512],[-114.48144535982556,41.77835201119337],[-114.48154044003371,41.778427491401494],[-114.48156912128366,41.778516362234726],[-114.48158698065868,41.778600447651286],[-114.48158430357535,41.77866883098451],[-114.4815821035753,41.778725032026095],[-114.48158783690866,41.778850427859254],[-114.48159714315864,41.77899625077567],[-114.48161393690862,41.77914339556715],[-114.4816557567002,41.77933968827517],[-114.48169351607515,41.77950618619157],[-114.48177194836671,41.77977582889946],[-114.48182059940831,41.7799904091075],[-114.48185519419991,41.78019977056547],[-114.48188445044985,41.78040216952352],[-114.48192165878311,41.780727063272955],[-114.48192732649147,41.78089732889771],[-114.48193193899147,41.781036153897475],[-114.48195092232476,41.78137081223035],[-114.48207384940787,41.78187984452123],[-114.48215895044945,41.782195646604066],[-114.4822975983659,41.7825868413951],[-114.48234722128245,41.782684289311554],[-114.48243420253233,41.78302337889442],[-114.48249924628226,41.78343852993542],[-114.48252539211552,41.78367849868507],[-114.4825805431571,41.783996530976275],[-114.48263621607367,41.78424072472583],[-114.48269117544862,41.78458197889204],[-114.48272409940688,41.78480002576668],[-114.48268230149029,41.78498669972466],[-114.48259117544876,41.785393696599144],[-114.48245598482397,41.78616909555616],[-114.48221369732438,41.78679366326358],[-114.48187378482487,41.78743475388757],[-114.48159049315865,41.78788964347019],[-114.48132576503406,41.788217269511335],[-114.48119386503424,41.78834766951117],[-114.48104639420114,41.78845207471929],[-114.4810068817012,41.788480052844335],[-114.48076013170163,41.78861597055242],[-114.48071178691004,41.78863872680233],[-114.48055118378528,41.788714312218985],[-114.48026681399404,41.78880759242714],[-114.47998386711947,41.78887358409366],[-114.47966959628661,41.788942802843565],[-114.47931480982885,41.78897444763525],[-114.47876984107967,41.78898908409351],[-114.47830553378873,41.78899193201018],[-114.47816645462228,41.788996875760176],[-114.47806984420578,41.78900031013516],[-114.47778807128952,41.78908345180167],[-114.47759809420648,41.789180847634846],[-114.47746379733172,41.78931168513469],[-114.47732245045695,41.78950653096767],[-114.47717219316553,41.78968546638409],[-114.47701426816576,41.7898958299254],[-114.47688767962427,41.790045150758495],[-114.47686712858263,41.790067457008504],[-114.47676175358282,41.79018183096666],[-114.47651414420818,41.790301375758126],[-114.47629950983355,41.7903630778414],[-114.47603668691727,41.79040171221628],[-114.47581078691763,41.79041361846631],[-114.47556012025132,41.79046130596622],[-114.47532773066837,41.79049609242451],[-114.47496333066891,41.79059822575768],[-114.47466685462774,41.79071590700753],[-114.4744446410864,41.790809159090614],[-114.47424306608674,41.79096432263201],[-114.4741369567119,41.79105576429866],[-114.47406039837864,41.79116700700683],[-114.47404200879538,41.791229688256664],[-114.47400029108707,41.79137191221487],[-114.47397779004548,41.79149939138126],[-114.47393995567052,41.79171361429761],[-114.47389169525394,41.79204533304713],[-114.47385108900397,41.79229912992168],[-114.47380369212908,41.792519782004696],[-114.47371729004584,41.792798566379275],[-114.47365370254596,41.79304458825385],[-114.47352328171286,41.79353649554475],[-114.47339774525472,41.79388281533586],[-114.47329032442157,41.79411816429389],[-114.47320972650499,41.79436672158514],[-114.47318650671339,41.794510289293264],[-114.47320044317166,41.79468025283467],[-114.47321362129662,41.794796292417814],[-114.47321524004667,41.794810508042815],[-114.47323070358829,41.79490394970928],[-114.47325942754657,41.79507749241738],[-114.47331501608818,41.795272740333786],[-114.47335904525477,41.795416188250165],[-114.47340296817134,41.795609999708255],[-114.4734851556712,41.79588393929115],[-114.4735378577545,41.796037670540834],[-114.47371115046252,41.796883719497856],[-114.47376791504581,41.797649653871716],[-114.4738964744206,41.798354305954014],[-114.47393433483724,41.79902361428623],[-114.47390923379555,41.79992624657658],[-114.47414548796189,41.80053898928387],[-114.47437860879485,41.801175277824576],[-114.47482591921079,41.80187520803181],[-114.47523229212686,41.80264348094733],[-114.47543708483488,41.80325385802964],[-114.47551589316805,41.803854821570475],[-114.47567030879283,41.80460425177762],[-114.4756920442095,41.804851966360566],[-114.47569302337615,41.8050899621935],[-114.47563802129287,41.8053792538597],[-114.47560520150127,41.80554826427612],[-114.47558509108461,41.805711545525895],[-114.47557619316797,41.805938054900544],[-114.4755958848346,41.806341788233254],[-114.47560215983458,41.806634516357825],[-114.47569572962612,41.80695303927391],[-114.47580453275093,41.80721264448189],[-114.47582626816757,41.80726452469017],[-114.47591926400077,41.807495652814815],[-114.47605143170892,41.807769234064374],[-114.47620278483367,41.808114590313856],[-114.47627764629192,41.80844481218824],[-114.47629726608352,41.808611708021395],[-114.47628419941691,41.8087917986461],[-114.4762369660836,41.80900766947913],[-114.4761764952504,41.809175605937185],[-114.47615805150042,41.8092268507288],[-114.47606264837556,41.80940433302012],[-114.47590876295914,41.80964529343646],[-114.47561001504296,41.81004022676912],[-114.47536170566832,41.810425886143584],[-114.4751830869186,41.81073393405971],[-114.47507904004374,41.81099480489267],[-114.47501370150218,41.81128833718386],[-114.47500614837719,41.8113523611421],[-114.47498775150223,41.811508034058534],[-114.47499481504389,41.811725138224915],[-114.47500023275222,41.81200094447442],[-114.47500702650223,41.81209536739097],[-114.47501424733554,41.81219572259916],[-114.47501745358551,41.81224037259908],[-114.47503263796051,41.81237748509886],[-114.47505196608546,41.812494174682],[-114.4751015942104,41.812588359056875],[-114.47518778796024,41.81265675176504],[-114.47529696400177,41.81272612572331],[-114.47536123275165,41.81276696218162],[-114.47549129316809,41.81278379551491],[-114.4756088504596,41.812799016348244],[-114.47575225150104,41.81280216843154],[-114.47579743587596,41.81280557155646],[-114.47589110462582,41.81281263822318],[-114.47601140566731,41.812828202806486],[-114.47621422129197,41.8128466705148],[-114.47642436295831,41.812872611139746],[-114.47666644733295,41.81289466530636],[-114.47707653691566,41.812941993431316],[-114.47737068899852,41.81300286113959],[-114.47749233691502,41.813023562181186],[-114.4776681421231,41.813089950722784],[-114.47784741295612,41.81323107572252],[-114.47789305878939,41.81334264968066],[-114.47788221816438,41.81354396113867],[-114.47791330566434,41.81403746009632],[-114.47792926712265,41.814132400721135],[-114.4782128994139,41.815105716344625],[-114.47843589837184,41.815588296552214],[-114.47857320149666,41.815894669468335],[-114.47866596191318,41.8161113455097],[-114.47867624003818,41.816133988218056],[-114.47878250878802,41.81636812571767],[-114.4788972056628,41.8165797632174],[-114.47903405357926,41.816808877800284],[-114.47920221295404,41.817080078841535],[-114.47921345253735,41.8170983392582],[-114.4793143389955,41.81726214342457],[-114.47945117441198,41.81749571946593],[-114.47954882337012,41.81770512154887],[-114.47967731503661,41.8178472507154],[-114.47984603482803,41.81793786321524],[-114.48006100253605,41.81800054446511],[-114.48032560045226,41.818060199673376],[-114.48061669316013,41.818130696548195],[-114.48085749211812,41.81819066633984],[-114.4810927931594,41.8182499288397],[-114.48131742024242,41.81832449029797],[-114.48147697857547,41.81838144654788],[-114.48166037024185,41.818446902797746],[-114.48187610565822,41.81853736425595],[-114.48214723274111,41.81864652883914],[-114.48230181294923,41.81870203196406],[-114.48249346607389,41.81878962988061],[-114.48272321294856,41.818921885088734],[-114.48288681398999,41.81903576217183],[-114.48295429419818,41.81908662467179],[-114.4830566087814,41.81916374967169],[-114.48320447128113,41.81929252883812],[-114.48363853273878,41.81974802467072],[-114.48382417544686,41.82004233300362],[-114.48411110148805,41.82044271112799],[-114.48428729627943,41.820736127794284],[-114.4842999379461,41.82075719029416],[-114.48437815773764,41.820887452794],[-114.48454354732075,41.821066953835434],[-114.48470161398717,41.82127599654338],[-114.48484302023697,41.82150723508474],[-114.4849498879451,41.821724553834414],[-114.48498637127835,41.82187300070907],[-114.48500921086168,41.822053030917154],[-114.48501580044501,41.822122902792],[-114.48502792648664,41.82225153091686],[-114.48504202127828,41.82240110383333],[-114.48507691815327,41.822859876749256],[-114.48517367127806,41.823742569456236],[-114.48510761294484,41.8242374986221],[-114.48507655461157,41.824295313205404],[-114.48494677857008,41.824560438205026],[-114.48485971294525,41.824698987163025],[-114.4848176598203,41.82476588924632],[-114.48472273794545,41.82494042153766],[-114.48467911294551,41.82506671945422],[-114.48468209315382,41.82517457257901],[-114.48468480148716,41.825272351745504],[-114.48472810252878,41.82541122778695],[-114.48479594523701,41.825545596536756],[-114.48493637232013,41.82570214861981],[-114.485001137945,41.82578871424472],[-114.48516069419475,41.82600195591107],[-114.48531219836121,41.82622913924404],[-114.48538778794445,41.826357154868866],[-114.48544157023599,41.8264482694521],[-114.48553915773584,41.826674807993335],[-114.48560146086078,41.82687257465975],[-114.48563651086067,41.82702702570108],[-114.48562846606904,41.82722093195082],[-114.48556944836082,41.827420198617176],[-114.48548021606928,41.827643378825165],[-114.48539369627775,41.82784305069992],[-114.4853111139862,41.82798327049132],[-114.48521521606966,41.82811680486612],[-114.4850785066949,41.828224559032634],[-114.48490330044518,41.82836266528242],[-114.48489749732016,41.828365785074],[-114.4846951619038,41.828474638198905],[-114.48450464315414,41.828558657990456],[-114.48414409419632,41.82867851944855],[-114.48374854419694,41.828789538198414],[-114.48339377232253,41.82885670903163],[-114.48307628065635,41.828904972573184],[-114.48301849419812,41.82891499132322],[-114.48272512753186,41.82896587153144],[-114.48232907857414,41.82905200903134],[-114.48204384211631,41.829183059031074],[-114.48174518378342,41.829381965280795],[-114.48151245565879,41.82958369444713],[-114.48117723378431,41.82987384757171],[-114.48089226190972,41.83010638194632],[-114.48057016086858,41.83035387152926],[-114.48038094003552,41.83053691527906],[-114.48021468795247,41.83074975590372],[-114.48013354732757,41.8308629402785],[-114.47995097649455,41.83111762361138],[-114.47977053795313,41.83131766527781],[-114.47949643170358,41.83170182673547],[-114.47943212337032,41.831813894443705],[-114.47917154316241,41.83216359548481],[-114.47911460774583,41.83225399548467],[-114.47902075462099,41.83240302673445],[-114.47890805670448,41.83259569131744],[-114.47876241503805,41.832782956942204],[-114.47863744837156,41.832930475691974],[-114.47858428795496,41.83299324131685],[-114.47837783691364,41.833251625691474],[-114.47802740045586,41.83362855798253],[-114.47765638795642,41.83403981006519],[-114.47692884420752,41.83518414652175],[-114.47664914212464,41.83549784964628],[-114.47632983066683,41.83580234131248],[-114.47610091295884,41.83601648610388],[-114.47595271400075,41.83614137881201],[-114.47579665879266,41.83626284131177],[-114.47565626191783,41.83639405589492],[-114.47542940150151,41.836649962144485],[-114.47522953587685,41.836892501727434],[-114.47509210983537,41.83711646943548],[-114.4749740181689,41.83727095381022],[-114.47484700671077,41.83747016735153],[-114.47482943066916,41.83750564651822],[-114.47471171296098,41.83774331839284],[-114.47461817337779,41.83799307464247],[-114.47456001712789,41.83821852360036],[-114.47451749525294,41.83837966526683],[-114.4744386921281,41.838554442349945],[-114.4743471296282,41.83866982047473],[-114.47426551504503,41.838718953807984],[-114.47417155879515,41.83874774026627],[-114.47410282962858,41.838754477766265],[-114.47401163275373,41.83874562672455],[-114.47382209837906,41.838713488182954],[-114.47364846504598,41.838682197558036],[-114.47334843796312,41.83863550901649],[-114.47303276713023,41.838600597558205],[-114.47281086921396,41.83859571109986],[-114.47262224213091,41.83860436005814],[-114.47241890150622,41.83861367984983],[-114.47235203379796,41.838617755891484],[-114.4722406108815,41.83862453818314],[-114.47209800984007,41.838633214224814],[-114.47159540359081,41.838745497557866],[-114.47110412754995,41.8388178860995],[-114.47104179734168,41.83882678922447],[-114.47074054421716,41.8388825756827],[-114.4705325035925,41.838925619432636],[-114.47030632442613,41.83894449130769],[-114.47017152130138,41.83893836005759],[-114.46981289838527,41.838904085057635],[-114.46907550359474,41.838706080891285],[-114.4684074431791,41.83846566943338],[-114.46808325567963,41.838375818391796],[-114.46765631713863,41.83826461526702],[-114.46751914213883,41.838228884017006],[-114.4670670202645,41.83815544339214],[-114.46656934630698,41.83810753089226],[-114.46623078380748,41.838070717350654],[-114.46591064734963,41.83801443714242],[-114.46554881193356,41.83793115901755],[-114.4651416494342,41.837808090267714],[-114.46492568693452,41.83772218714283],[-114.46469378693484,41.837616742351365],[-114.46450872964351,41.83753995485145],[-114.46435474526874,41.83750486110159],[-114.4642318452689,41.8375474683931],[-114.46408416818582,41.83761171526803],[-114.46391074631111,41.83771449547614],[-114.46377432026964,41.83781066943436],[-114.46374194006137,41.837836349642664],[-114.46364672547816,41.83791186005923],[-114.46352474110336,41.83802347151738],[-114.46351585777006,41.83803161526737],[-114.46334394110363,41.83816379755881],[-114.4631841692289,41.83829492776703],[-114.46303243485414,41.83840800172507],[-114.46286805256274,41.83851741526662],[-114.46281598797947,41.83855206214155],[-114.46254954006321,41.838755827766235],[-114.46219388798045,41.83908548089076],[-114.46209583902225,41.839364180890314],[-114.4621014306889,41.83951094859836],[-114.46211347235555,41.83981067568135],[-114.46217509423047,41.840051424639285],[-114.46225816402199,41.840199552764034],[-114.46236452548015,41.84031241109719],[-114.46258369943814,41.84051263922183],[-114.46272060881296,41.840648661096566],[-114.46283973485443,41.84078429130475],[-114.4628605161044,41.84087597672131],[-114.46287002860436,41.8409179496379],[-114.46285342443775,41.840993860054425],[-114.46280784422947,41.84116254234584],[-114.46277735047956,41.841220460054124],[-114.46272357027124,41.84132261838727],[-114.46263577443807,41.84144475797041],[-114.46256146297986,41.84159638609517],[-114.462479841105,41.8417629173449],[-114.46236231402185,41.84189972151134],[-114.46220553589706,41.84202917359447],[-114.46204171402235,41.84212337359434],[-114.46186568693929,41.84218922880259],[-114.46166372339792,41.84225006421921],[-114.46148530985653,41.84233314234402],[-114.46126971610687,41.84252237776046],[-114.46117367444032,41.84263850067693],[-114.46109253798215,41.84274346317665],[-114.46107019735717,41.842772372551686],[-114.4609380275657,41.84302038921798],[-114.46089654527412,41.84309474442616],[-114.4606141338162,41.84344235171732],[-114.46036656298327,41.843684750675294],[-114.46015625881694,41.843878249633256],[-114.45997118590056,41.84406035275802],[-114.45978822860917,41.844189292341085],[-114.45954197756788,41.844326016299235],[-114.45923747756837,41.84450094338234],[-114.45877587131908,41.844695397548755],[-114.45845992756955,41.84482621317348],[-114.45819139006994,41.844910018381746],[-114.45816030465336,41.84491971942335],[-114.45784979527883,41.84501470900651],[-114.45763831611248,41.84507796421483],[-114.45746153277942,41.84511728296477],[-114.45721462236315,41.84515170483965],[-114.4571208806966,41.84516477254793],[-114.45676368590551,41.8451839204646],[-114.45643468486435,41.84518077671461],[-114.45604904215664,41.845164417339596],[-114.45578602549035,41.845165510048005],[-114.45558051507402,41.84517191421464],[-114.45551367028247,41.84517399442301],[-114.45529437340781,41.845184641297905],[-114.4550432379915,41.84519845483958],[-114.45487506403346,41.845218856922884],[-114.45464008695046,41.84524736421451],[-114.45425569111774,41.84530314129775],[-114.45406449632641,41.84534622775601],[-114.45371793695195,41.84542433608924],[-114.45317964320276,41.84555903192234],[-114.45228068070412,41.84578397567204],[-114.45182448278821,41.84592927879681],[-114.4505208494569,41.846492686087586],[-114.45024122549898,41.84663181629572],[-114.44970623070816,41.84701371421177],[-114.44939316300031,41.847210499628105],[-114.44919345779226,41.84737974441949],[-114.44906636195913,41.84748745379435],[-114.44899804008423,41.847536360044266],[-114.44885301508447,41.84764016837739],[-114.44862397966813,41.847859914210474],[-114.44832333591864,41.848170876709915],[-114.44808386091898,41.848378346501285],[-114.44776853071113,41.848703819417494],[-114.44762991821136,41.848888839208875],[-114.44747762862823,41.84905458920863],[-114.44710319737885,41.84951100795793],[-114.4470374421706,41.84963139441602],[-114.447010506754,41.84966735066592],[-114.44689856508751,41.849816766290765],[-114.44678788487931,41.849984687123815],[-114.44670052342116,41.85014191524856],[-114.44667803175452,41.85018240587349],[-114.44664195258788,41.850383817331505],[-114.44654454946307,41.850785737122564],[-114.44710152862883,41.851353569413334],[-114.44738689112842,41.85184840899595],[-114.44754686091983,41.85226356837026],[-114.44754075466984,41.85252392878652],[-114.4475056255032,41.852800487119445],[-114.44749075466991,41.852880558994315],[-114.44737354008674,41.85314394441063],[-114.44727145571193,41.85347416003507],[-114.44704919737893,41.853695305868065],[-114.44680301717096,41.85387052461776],[-114.44664441092125,41.853967329825984],[-114.44648448800478,41.8540285287842],[-114.44621154217191,41.85418205065895],[-114.4458852807141,41.85433438503369],[-114.44578890154753,41.85437474857533],[-114.44554454738125,41.85456656211668],[-114.44534748488155,41.854708994408114],[-114.44507839217364,41.85494149961616],[-114.44482110363236,41.855148564199126],[-114.44470758384092,41.8553189329489],[-114.44460918071606,41.85555612774019],[-114.44460315363273,41.85557046419848],[-114.4445058900912,41.85601411315611],[-114.44447132654962,41.856103992322616],[-114.44436785050812,41.856255626697425],[-114.44424850571659,41.85657215169691],[-114.44410435155015,41.856782555863305],[-114.44378403800897,41.8570671871128],[-114.44352462030105,41.85732739857079],[-114.44337448384294,41.85752354961209],[-114.44320604217654,41.85773258919509],[-114.44292249009368,41.85815184961114],[-114.44273732342731,41.85833391836088],[-114.4426222130108,41.85854414336054],[-114.44256825467755,41.85864343398537],[-114.44236574738619,41.85885189023506],[-114.44222442342806,41.858938258984935],[-114.44185133488702,41.85909284127631],[-114.44144559113761,41.85923681315115],[-114.44103330051325,41.85938078815094],[-114.44075843384701,41.85958366523387],[-114.4404181317642,41.85993050690009],[-114.44012364009802,41.86034280273276],[-114.43987665155676,41.86064959231555],[-114.4393997588491,41.861023942314965],[-114.43923289009939,41.861121037106514],[-114.4390049578081,41.861216469398094],[-114.43846861197557,41.86143059335607],[-114.43814649843442,41.861561789189174],[-114.43798072864303,41.86161919335577],[-114.43760691614358,41.86175704960558],[-114.43707817343608,41.861944828771904],[-114.4367728130199,41.86201781106342],[-114.43640367968715,41.862083266271725],[-114.4360209463544,41.8621340068966],[-114.43549962031352,41.86226865168813],[-114.43510219114746,41.862419369396214],[-114.43463472552321,41.86254191106261],[-114.43427390677374,41.862666849604096],[-114.43389531302432,41.86279137460393],[-114.43349893802497,41.86291550377038],[-114.43324476510867,41.86304281731184],[-114.4329539786508,41.86319590272829],[-114.43271278490118,41.86344320064464],[-114.43260078906803,41.86362346939435],[-114.43244328385993,41.8638769579356],[-114.43234792761007,41.86411330689355],[-114.43225734948521,41.86437476105983],[-114.43212738906874,41.864733443351],[-114.4320512421939,41.86491554126731],[-114.43154879011132,41.86603505793222],[-114.4313013619867,41.86643109751497],[-114.43112800677864,41.86664158397296],[-114.43101133698718,41.86677646105605],[-114.43088147657068,41.86696646105571],[-114.43080025261249,41.867217328763694],[-114.43078960573752,41.86748308397165],[-114.4308338880291,41.86771016313795],[-114.43089328177899,41.868004080845836],[-114.43089906927901,41.86813716313728],[-114.43090253802899,41.868217077720495],[-114.43089348698733,41.868442963136815],[-114.43088772240401,41.86858683292827],[-114.4308839859457,41.86868010376149],[-114.43088124427902,41.868748572511336],[-114.43092277552898,41.868920591261066],[-114.43106934636207,41.86952752667689],[-114.43111398907035,41.8697898412598],[-114.43111853386199,41.869842127718016],[-114.4311474703203,41.87009777355092],[-114.43126999115344,41.87059258917518],[-114.43138817761155,41.870805008966485],[-114.43173983802768,41.87141500167389],[-114.43248481927652,41.87215485479771],[-114.43290733073422,41.87249548813051],[-114.43303851302568,41.87264036833868],[-114.4332250307337,41.87287062667164],[-114.43336325365016,41.87299134437983],[-114.43348858594163,41.873102622504625],[-114.4335724640665,41.873216490212755],[-114.43357970469152,41.873226312087795],[-114.43365247656641,41.87337049125421],[-114.43366232031639,41.873503873545665],[-114.43363741614974,41.873683851670314],[-114.43359810364979,41.87380879125347],[-114.43359423073315,41.87382108187843],[-114.4335915578165,41.87382957771188],[-114.4334665359417,41.87403174750319],[-114.4333802359418,41.8742322089612],[-114.4332315182337,41.87465704125222],[-114.43316463802546,41.87487007354356],[-114.43302940781734,41.875188347501336],[-114.43284183594267,41.875774626667145],[-114.4327625286511,41.87594327979187],[-114.43262383073466,41.87622347354145],[-114.43245539115155,41.876537346457624],[-114.43233807240176,41.876800705832196],[-114.43231903490181,41.87682849437378],[-114.43212105781879,41.87744442978958],[-114.43196447031903,41.87758758395598],[-114.43155625677798,41.87767905583079],[-114.43113004427863,41.877638138122585],[-114.43071486511263,41.87756066520601],[-114.43030968698827,41.87747054020614],[-114.42993386198884,41.87738224749793],[-114.42955993386443,41.877297094373084],[-114.42930392969816,41.877215534998264],[-114.42910599428177,41.877143251665],[-114.42893360053205,41.87705636520682],[-114.42878275782397,41.876966336040255],[-114.42857303699094,41.87679008499895],[-114.42837179844958,41.87663902770743],[-114.4281167786583,41.8764535006244],[-114.4279946838668,41.87634034541622],[-114.42787509845033,41.87624738083304],[-114.42774216095059,41.87618226104147],[-114.42760758386744,41.876143590208265],[-114.42716674740979,41.87607985479162],[-114.42696491720176,41.87614889854155],[-114.42685869532694,41.87627105895801],[-114.4268443567853,41.87632491104125],[-114.42683211824362,41.87637092458291],[-114.42688241511854,41.87687558187367],[-114.42691990470183,41.87701184333186],[-114.42703064220166,41.87720944645662],[-114.42713436407651,41.877492792289395],[-114.42715847761815,41.87771837458071],[-114.42715192970151,41.87788150895551],[-114.42708367136822,41.87804587978861],[-114.42696351616013,41.878243571454966],[-114.42688381720188,41.87835427666312],[-114.42656462657737,41.87862915999604],[-114.42636678074439,41.878821457912395],[-114.4262148932446,41.87902225791208],[-114.42607922553645,41.8791207339536],[-114.4260489536615,41.87913456416193],[-114.42588868282843,41.87920777249512],[-114.4256639192871,41.87928220686997],[-114.42524058803775,41.879345468328275],[-114.42487709637169,41.879375983953224],[-114.42454759116384,41.87938988082819],[-114.42392366095646,41.8793917193699],[-114.42347790887385,41.879426724578124],[-114.42307800158278,41.87945911728636],[-114.42291851824974,41.87948926936963],[-114.42178267450146,41.879503487078004],[-114.42133170575215,41.87960045270286],[-114.4209858349194,41.879650867286095],[-114.42063843908659,41.87970988707773],[-114.4204918057535,41.879750122494265],[-114.42040127346195,41.879804676660875],[-114.42028978700381,41.87992186728572],[-114.4202773630455,41.88001313291057],[-114.4202645161705,41.88010748603543],[-114.42029827554546,41.88021231103524],[-114.4203372661704,41.88033539853508],[-114.42037427137865,41.88043771207657],[-114.42040007033694,41.88050904540983],[-114.42048693492018,41.88069957770113],[-114.42055019012838,41.88088313186751],[-114.42057732554503,41.88109883915891],[-114.42059500575334,41.88135589332506],[-114.42059148492001,41.88136485061676],[-114.42076676721138,41.882341268323586],[-114.42084997971125,41.882768363114636],[-114.4212395047107,41.883534140196794],[-114.42125518700233,41.88358618603006],[-114.42128341512728,41.88367994957146],[-114.42126451825226,41.88376744019634],[-114.42122733491902,41.88384179436294],[-114.421021967211,41.883902588112825],[-114.42061886616995,41.88396085894607],[-114.41994959742101,41.88422609748732],[-114.41937106513024,41.88434035790391],[-114.418862215131,41.88445985373695],[-114.41793526200746,41.88454786936182],[-114.41677116825923,41.88482843394468],[-114.4156978151359,41.884958006861225],[-114.41437035680462,41.88531334748565],[-114.41394314951368,41.88532880165225],[-114.41325812659807,41.88520569019415],[-114.41261383597407,41.8852140276941],[-114.41193452139174,41.88547454644377],[-114.41151563910074,41.885695015193406],[-114.41132008701771,41.88578955581823],[-114.4107739463936,41.885798475609924],[-114.41038664118582,41.88571513498509],[-114.40950183389556,41.885490626652015],[-114.40860298493863,41.885370279777256],[-114.40749477869032,41.88549714644371],[-114.4068184151497,41.8858143787349],[-114.40568175994315,41.88641251935895],[-114.40479632661118,41.88671396727513],[-114.40345827140493,41.8867182631085],[-114.40253831307302,41.88675406831673],[-114.40118618703343,41.886862479774834],[-114.40027326724322,41.88684620269165],[-114.39884442557879,41.88700139019136],[-114.39812221620485,41.887032730816316],[-114.3976200953723,41.88707330477455],[-114.39738151099768,41.88709139539959],[-114.39716507141469,41.88712665373285],[-114.39689515058177,41.88717613810776],[-114.39665308495717,41.887225803732726],[-114.39644545162412,41.887256643316],[-114.39546374120897,41.88753525269056],[-114.39321127558748,41.88857505373062],[-114.39157963184005,41.88918826206295],[-114.38982894121773,41.89016068810319],[-114.38913836621884,41.89058194226914],[-114.3877642328876,41.89137236622622],[-114.38526097768317,41.892182630808264],[-114.384953117267,41.89221176622494],[-114.38467566310072,41.89227124330819],[-114.38446808810107,41.892312659974785],[-114.38438743080953,41.89232875476636],[-114.38430118601796,41.89240444539135],[-114.38416589851818,41.892523194349394],[-114.38404919643506,41.89267727455754],[-114.3839777641435,41.89277158914076],[-114.38394345997689,41.893056017265266],[-114.38380410997712,41.89331358601498],[-114.38367608289394,41.893612216222785],[-114.38352793497751,41.89393642038891],[-114.38345897039432,41.89414289122191],[-114.38323308914465,41.89444362247148],[-114.38286602872853,41.89471454434607],[-114.38264154852055,41.894842040179185],[-114.38237784852099,41.894977147470655],[-114.38185769748014,41.895197839137005],[-114.3813885308142,41.895397490178304],[-114.38131874435595,41.895435376636605],[-114.38095804123151,41.89563115371959],[-114.38062560998202,41.89582182351098],[-114.38043694644068,41.89597313392751],[-114.38026214956591,41.89614464642713],[-114.3800456828996,41.89632354017685],[-114.37989450685818,41.89646775684332],[-114.37979720998335,41.89658262142653],[-114.37970580998348,41.89669051621799],[-114.37959865581695,41.896914979759295],[-114.37951076831712,41.897135703717346],[-114.37914463706767,41.89809564746585],[-114.37893207248464,41.9001837026709],[-114.37915351519263,41.90114731829444],[-114.37959110581698,41.90207467870963],[-114.37959729227532,41.90254857870896],[-114.3790035547762,41.90329271620773],[-114.37842595998546,41.90378910579029],[-114.37822305477744,41.90399682037336],[-114.37806237144434,41.90413780995644],[-114.37777821206976,41.90425965474795],[-114.37748673394526,41.90433426620617],[-114.3771834526957,41.90438921412267],[-114.3767395620714,41.90445160058098],[-114.37656504852998,41.90443839224766],[-114.37630048290544,41.904388079747726],[-114.37607351728076,41.90430689120609],[-114.37579148290621,41.904186104748035],[-114.37553937978157,41.9040781318315],[-114.37534906728189,41.903941976623415],[-114.3751012631156,41.903718768290375],[-114.3749455141575,41.90356384641562],[-114.37487678603264,41.90347640891576],[-114.37457736832476,41.9032207995412],[-114.37430106936682,41.90277159641683],[-114.3741825735337,41.902560095375485],[-114.37411173082548,41.902463792250686],[-114.3741087339505,41.90245971204235],[-114.37407079020056,41.90240812766743],[-114.37402323290894,41.90235112662592],[-114.37385845582588,41.90236269745917],[-114.3738232745759,41.90236516933416],[-114.37375837040935,41.90242883287577],[-114.37370784228443,41.90247231204232],[-114.3736603339512,41.90251318808401],[-114.37362597145125,41.90253464225058],[-114.37339060270159,41.90269048079199],[-114.37237441624484,41.903369654749284],[-114.37089477666382,41.90441489537264],[-114.3698284370821,41.905047433913346],[-114.36953665791589,41.90521873078804],[-114.36909766208329,41.90547644849599],[-114.36881202145872,41.90569821620408],[-114.3687653079171,41.90591238912031],[-114.36872330583384,41.906104973495005],[-114.36872235895885,41.90610931099502],[-114.36872554437548,41.90611242974501],[-114.36890424645856,41.906287438078095],[-114.36919978083307,41.90653340578603],[-114.36951681833261,41.90696469432705],[-114.36978934229052,41.907416707867974],[-114.37044020270618,41.90820370370015],[-114.37055442874765,41.90828323807499],[-114.37072589853904,41.90854430786623],[-114.37074530166406,41.90862392765785],[-114.37083658812226,41.90881672557414],[-114.37086205270549,41.90893077349065],[-114.37085380791386,41.909131557865344],[-114.37085270583054,41.909158409948624],[-114.37084927458056,41.90924194015683],[-114.37080120895564,41.909316488073394],[-114.37078412145564,41.909342976614994],[-114.37071685583072,41.90943046411496],[-114.37062327458091,41.909514869323104],[-114.37047994541444,41.90960290786467],[-114.37020685374819,41.90971131515616],[-114.36992732874864,41.909820751614355],[-114.3691546047915,41.91019734223871],[-114.36889021729189,41.91036507348842],[-114.36730628291934,41.91113935473724],[-114.3659950652131,41.91146083077845],[-114.36537893396405,41.91157440786157],[-114.3650725933395,41.91171086306963],[-114.36486978500648,41.91176881306959],[-114.36476563292331,41.911780371402955],[-114.36461262979856,41.911724033903006],[-114.36451943500703,41.911646965153146],[-114.3643946391739,41.91138755577848],[-114.36400296938285,41.910573430779785],[-114.36329282355058,41.91009878494721],[-114.36237358501035,41.909608282864575],[-114.36145436105346,41.909117770365405],[-114.36098160688755,41.90889400161572],[-114.36041690272174,41.90878275161593],[-114.35957953605634,41.90892302869896],[-114.35881752772423,41.90895950161565],[-114.35834484959997,41.90902934536552],[-114.35816396835025,41.909039021407224],[-114.35797619647553,41.90902387244888],[-114.35787870064235,41.90900442661553],[-114.35787830585065,41.90900435161554],[-114.35779345480915,41.908987424532306],[-114.35725193501833,41.90869763807433],[-114.35721760897674,41.90867926828274],[-114.35686576210225,41.90837966724152],[-114.35608347043677,41.90810901411689],[-114.35508644648002,41.907998589117035],[-114.35403303502329,41.907993737033784],[-114.35357499335737,41.90806090682534],[-114.35329607564944,41.908200223491775],[-114.35306512460812,41.908437812033064],[-114.35298033085826,41.9086010370328],[-114.35289910065006,41.90882557140751],[-114.35277261835859,41.90930616724009],[-114.35261822148385,41.90962587557286],[-114.35258711210889,41.9096903068228],[-114.35253073502565,41.90989951098909],[-114.35250988294234,41.91006402036394],[-114.35251451106734,41.91019841203033],[-114.35259561835886,41.91038609953005],[-114.35264427044211,41.91052511202982],[-114.35272537773369,41.910689624529624],[-114.352732314192,41.91085645265432],[-114.35270914440036,41.91093291827923],[-114.35264321835882,41.91099546411244],[-114.35239954335918,41.911202373487086],[-114.35228031210937,41.91128207036198],[-114.35210410585961,41.911346768278634],[-114.35206914960969,41.91135005682024],[-114.35131779336088,41.91142089744506],[-114.35053872773705,41.91167460681976],[-114.3495936787802,41.91225619536049],[-114.34934171940557,41.91233433077701],[-114.34897054440614,41.912377289110275],[-114.34860646628175,41.91240174744356],[-114.3483901121154,41.91241628598527],[-114.34757889649165,41.91249864119348],[-114.34700733815919,41.9125659432767],[-114.34621319232713,41.9126686047348],[-114.34557707253646,41.912793528692994],[-114.34522381107865,41.91289706931779],[-114.34446676316315,41.91309884640084],[-114.34366129545606,41.913307760983884],[-114.34280377462409,41.91354857452516],[-114.34214702462509,41.913756787024866],[-114.34172191316742,41.913863320357976],[-114.34160416420929,41.91390569223298],[-114.34127398400142,41.91402449014941],[-114.3410975527517,41.914074440149314],[-114.33987717358696,41.91424469952411],[-114.33852445796407,41.91435230056553],[-114.33758942984049,41.91432248285731],[-114.33709115067461,41.91416569327417],[-114.33655278817544,41.91383418285807],[-114.33572472151008,41.91319258806732],[-114.33531656942733,41.91291961515113],[-114.33475866005324,41.91273619327645],[-114.33454902151186,41.91275126202639],[-114.33403861422103,41.91258634327665],[-114.33353109130513,41.91223672348554],[-114.33259762359826,41.91187194848609],[-114.33246841839014,41.91179641411124],[-114.33208409234902,41.911621708903205],[-114.33181895589108,41.91153578181995],[-114.33134885172518,41.91147671307],[-114.3310097111007,41.911489772444995],[-114.3306943798512,41.91153262661164],[-114.330382231935,41.911625312028136],[-114.32996101735233,41.91175884223628],[-114.32946047776977,41.911926239111],[-114.32912974652032,41.912035592235895],[-114.32882913818742,41.91212559536069],[-114.32867196839601,41.9123081297354],[-114.32856381943782,41.91251042036007],[-114.32856509131285,41.912516322443395],[-114.3285632402712,41.912518106818396],[-114.32847472152133,41.91316710160905],[-114.32852180693789,41.913854516191364],[-114.32870829131265,41.91455254744025],[-114.32886636110402,41.9154588276471],[-114.32902315693713,41.91608630056288],[-114.32891213610395,41.91676396722854],[-114.32869460693763,41.917234257852776],[-114.32735339443973,41.91828944222615],[-114.3263206975663,41.918631660975606],[-114.32537192569282,41.918875046391896],[-114.32467204340219,41.91899202868333],[-114.32444256944422,41.919167057849734],[-114.32426505173618,41.919643388057295],[-114.32446881631921,41.92033176722296],[-114.32510767152655,41.92132726617969],[-114.32571237048393,41.92205713909523],[-114.32637968298292,41.92284438701073],[-114.326315739233,41.92331294013503],[-114.3259587381919,41.9238643974258],[-114.32577187985885,41.92408441825881],[-114.32552427881757,41.92424888596689],[-114.3253250913179,41.92440824117491],[-114.32501915173503,41.924698195341186],[-114.32488349131853,41.924824840132636],[-114.32474863402712,41.924993499507394],[-114.32452426527743,41.92527980992358],[-114.32437347673601,41.92549467763161],[-114.32427302256951,41.925616685964734],[-114.32347932673741,41.92628997971375],[-114.32245794340565,41.927579867211676],[-114.32182202569828,41.92811007137754],[-114.3207038121584,41.92907695366776],[-114.31996259132622,41.92986213699981],[-114.31943761007699,41.93061117866532],[-114.31918436841073,41.93143353178907],[-114.31909567674421,41.932082629704766],[-114.31903023924428,41.932406819287586],[-114.31876848820303,41.93259717657888],[-114.31750376737165,41.93280960366197],[-114.31715117466388,41.932909292203426],[-114.31574114133275,41.933433060952574],[-114.31477787362593,41.93378045157711],[-114.3141005746686,41.93409704532667],[-114.31294236946206,41.934324356784636],[-114.31139254758949,41.934718156784],[-114.3109971736318,41.9348535547004],[-114.31093500800688,41.934874843242035],[-114.31062187884066,41.934964836991874],[-114.31029373092451,41.93502200261688],[-114.31004461321658,41.93501616303347],[-114.30975914967536,41.93497885053364],[-114.30947045800912,41.934941119283664],[-114.30918931113456,41.93485638595041],[-114.30909484863474,41.93482842032543],[-114.30884613926014,41.93471489011727],[-114.30844162780238,41.934572120325846],[-114.30803712363638,41.93452453699255],[-114.30757999134539,41.93467381095075],[-114.30701835280462,41.93503264636685],[-114.30682399342993,41.935277952616424],[-114.3062219736392,41.936073655740174],[-114.30571102780664,41.936718501572514],[-114.30536089134887,41.937217807821746],[-114.30477307780808,41.93790939115395],[-114.30458374135009,41.93826316198679],[-114.304410786142,41.93859799115294],[-114.30397870593436,41.939148790110416],[-114.30395846843436,41.9391594765688],[-114.30382137780958,41.93926758594361],[-114.30363428822653,41.93936797344342],[-114.30341850281019,41.93946819635988],[-114.30335973614365,41.9394847984432],[-114.30283602572781,41.93970783906784],[-114.30215862052052,41.94002434323412],[-114.30211166010389,41.94005701198407],[-114.30181275385434,41.940173928650474],[-114.30161393822965,41.94024350365037],[-114.30146879968822,41.94028870885864],[-114.30133795385512,41.94043457552507],[-114.3012771382302,41.940693809899706],[-114.30126693510522,41.94093561406601],[-114.30130383614683,41.94108734219076],[-114.30133068927177,41.941197779690604],[-114.30143059447994,41.94131767239874],[-114.3015205694798,41.94142566927353],[-114.30153673406312,41.94143696823184],[-114.30179016322938,41.94161414844],[-114.30199307052072,41.94174759739802],[-114.3027656059362,41.942280004688854],[-114.3029952038525,41.94278920572973],[-114.3029930913525,41.94279715677142],[-114.30295960489424,41.942965923437846],[-114.30296325176926,41.9430662182293],[-114.30300298406087,41.94319023697917],[-114.30307878926908,41.9433318661456],[-114.30318685281054,41.94353522864523],[-114.30323235906047,41.94363260156179],[-114.30330843718536,41.94368815364501],[-114.30350848510176,41.943768803644865],[-114.30366191114314,41.94384871093646],[-114.30373942572636,41.943891526561444],[-114.30374899760136,41.94389681822799],[-114.30385778301786,41.94395691093629],[-114.30394693718438,41.944058660936186],[-114.30401491426761,41.94420035989426],[-114.3039722392677,41.94437755781066],[-114.30388095072612,41.94459049114362],[-114.30373581010139,41.94480179010161],[-114.30364182468486,41.944938628643186],[-114.30349905281008,41.945056830726266],[-114.30332696531036,41.94522484426763],[-114.30316982260223,41.94548609426728],[-114.30304248510248,41.94568073489195],[-114.30299434447755,41.94575432239185],[-114.3029298976026,41.94585282968336],[-114.30282714864444,41.94601945989143],[-114.30252514864492,41.94636546718255],[-114.30202721635403,41.9466422744738],[-114.30165195697964,41.94691606093168],[-114.30145281010495,41.94712057968138],[-114.30135055489679,41.94735200988935],[-114.30129321114686,41.94763453384723],[-114.30133979031342,41.94782025468023],[-114.30139586948002,41.94792510468013],[-114.30146357781325,41.94805168488817],[-114.30171115385451,41.94826159009626],[-114.30199751114577,41.94852885363754],[-114.30216325072882,41.948756744262155],[-114.30215787156216,41.94899894426182],[-114.30205560906234,41.94931109738631],[-114.30188031010425,41.94977206821895],[-114.30187112885426,41.94983913488551],[-114.30173719760451,41.95030233696807],[-114.30140120385501,41.95069750675916],[-114.30119040698031,41.951207439050016],[-114.3010208069806,41.95193093175725],[-114.3004222830232,41.95278404946421],[-114.30018821635691,41.95341208696327],[-114.30026656427346,41.953835426545965],[-114.30061365698123,41.95438795987845],[-114.30065485906448,41.95460152133646],[-114.3009182111474,41.95536805987685],[-114.30103581843889,41.9556727869598],[-114.3010545361472,41.955837900501194],[-114.30100422156397,41.956100264042455],[-114.30095659656405,41.95633867445873],[-114.3009121403141,41.956492333833516],[-114.30081965281425,41.956680527583245],[-114.30069291427276,41.956896987999535],[-114.30058445073128,41.95702275570769],[-114.30049937052308,41.957104821332585],[-114.30030579135672,41.95724048174904],[-114.3000737653154,41.95738644216542],[-114.29989449760734,41.95749261924858],[-114.29965508198273,41.95758738799852],[-114.2994047632331,41.957686475498306],[-114.29935270802486,41.95770148278998],[-114.2987819871924,41.957982883831136],[-114.29771995802736,41.958532995288685],[-114.2968457163621,41.95925525882917],[-114.29656662990419,41.95963540362026],[-114.29655671011251,41.95994085674486],[-114.29685272677875,41.960434464035714],[-114.29713404761162,41.96075016507685],[-114.29820550698497,41.96167366820047],[-114.29834335490142,41.962210224449635],[-114.29818081948504,41.96288164944859],[-114.2967452413622,41.964613082779216],[-114.29653037052925,41.964906262987135],[-114.29619515907143,41.965337057778086],[-114.29603419136333,41.965570089027764],[-114.29592940490517,41.96572178694421],[-114.29586704136358,41.96596620673544],[-114.29580446740533,41.96622783173508],[-114.2957247851138,41.96657705569281],[-114.29569592886384,41.96678543381752],[-114.29569515073888,41.966792129650834],[-114.29566058719725,41.967087757775396],[-114.29562796844732,41.967312610899995],[-114.29556184448904,41.96751509839973],[-114.29548314240583,41.96768001402449],[-114.2953368767811,41.96785776819088],[-114.29530164865616,41.9678917848575],[-114.29493990386504,41.96807201819052],[-114.2946906205321,41.96823501506524],[-114.29446588824078,41.9683841473567],[-114.29371474136695,41.96885844943931],[-114.293667888242,41.96889980048095],[-114.29359082782548,41.969003037980755],[-114.29353496845056,41.96923187860543],[-114.29357570074217,41.969352558813505],[-114.29364299970035,41.969469279646695],[-114.29378283824184,41.96958082652149],[-114.2938347392834,41.96960978485482],[-114.29402069761647,41.9696753504797],[-114.2946951226154,41.96979564006284],[-114.29484123928188,41.96981736714612],[-114.29509589136478,41.96984714214606],[-114.2952545924062,41.96987646297937],[-114.29538758303102,41.96998195464589],[-114.29544332261423,41.97005657756246],[-114.29545900073924,41.97008231193742],[-114.29546529136422,41.970124679645636],[-114.29548729032251,41.97027294006212],[-114.29544884761424,41.97041007027026],[-114.29539914136434,41.97058737756163],[-114.29538814032264,41.970635141103244],[-114.29541654136432,41.971023143185946],[-114.29555863928074,41.97144818172693],[-114.29568256428053,41.97163679526831],[-114.29590284657189,41.971781647351385],[-114.29652899344593,41.97235552339219],[-114.29674755802887,41.97278671609985],[-114.29676235907057,41.97353269214042],[-114.29647400490433,41.97429764005584],[-114.29584998094697,41.975249416096055],[-114.29580563198869,41.975301544221004],[-114.29561902053064,41.97553873172058],[-114.29543013928094,41.97580414526185],[-114.29536553094772,41.97596070776158],[-114.2953323819894,41.976121965053],[-114.29530829761444,41.97662830671893],[-114.29537776011438,41.97698132442665],[-114.2955266163641,41.97729122755127],[-114.29558023615573,41.977564367134114],[-114.2955564226141,41.97787468067531],[-114.29556258615571,41.97807183900837],[-114.29564883823895,41.978262831716386],[-114.29567348407221,41.97839221296619],[-114.29569196532219,41.978540078590896],[-114.29564884344728,41.97867562338238],[-114.29565500282223,41.978761880673886],[-114.29570587053053,41.97886802754878],[-114.29582135386369,41.97897751921525],[-114.29603083303,41.97902065046523],[-114.29645898407102,41.97903078171522],[-114.2966314226124,41.979043944215135],[-114.29696115698687,41.97900216713193],[-114.29720143615322,41.979051456715155],[-114.29750949552772,41.97919931713157],[-114.29782090698558,41.9793984567146],[-114.29821051740163,41.979529599422726],[-114.29845637260956,41.97968975879754],[-114.29860310281765,41.979824441088944],[-114.29890149656723,41.98004748588029],[-114.29911945594188,41.98018583379671],[-114.29929896635826,41.98026248171327],[-114.29956114344117,41.9803432296298],[-114.29976722677418,41.980420454629666],[-114.29981252573248,41.98044309317132],[-114.29991678719063,41.9804951952546],[-114.3000151923988,41.98068834212924],[-114.30010531844034,41.98092137962896],[-114.30022946427351,41.981378855669846],[-114.30032354448167,41.98169313796105],[-114.30069931218941,41.982037457752156],[-114.3013058048968,41.98224158483523],[-114.30170136010452,41.98295563379247],[-114.30162996114632,41.98347621712495],[-114.30133177989677,41.98396945983256],[-114.30116317885535,41.98415250254056],[-114.30103235385559,41.98429571504035],[-114.30093545281403,41.98447962233165],[-114.30088041948079,41.98477657962291],[-114.30086181948082,41.98495665253934],[-114.30091957052241,41.98527719524709],[-114.30101686948058,41.98550556295521],[-114.30109631323046,41.9857144046215],[-114.30112916427208,41.98580078274633],[-114.30127373718852,41.9859904712877],[-114.30133667052178,41.98606010253764],[-114.3014349778133,41.986168875454126],[-114.30165879864626,41.98640592649542],[-114.30179277989606,41.986547842120146],[-114.30197373406247,41.98668135982832],[-114.30197867052078,41.98668693274498],[-114.30208365697895,41.98680547128644],[-114.30215562781217,41.98693479732791],[-114.30220422156208,41.987154726494246],[-114.30224328197869,41.98727658691069],[-114.30218273614548,41.98742680670215],[-114.30209737156224,41.98754350149363],[-114.3019327976042,41.987691850451675],[-114.30177506635442,41.987810828576514],[-114.30159554864639,41.9878687754515],[-114.30098723302228,41.98816143482602],[-114.30070598823107,41.98833229628409],[-114.30057128510629,41.98837887753401],[-114.3004534382315,41.988437797325524],[-114.30041718510654,41.98850125357539],[-114.3004035861482,41.988610022325275],[-114.30052142468969,41.98877318690838],[-114.30066362781446,41.988978375449754],[-114.30072537885604,41.98913123899117],[-114.30074804343936,41.98932612753253],[-114.30071031739772,41.98966578899034],[-114.30075702156432,41.99035319732262],[-114.3007965705226,41.991092668154856],[-114.3008524403142,41.99131004002946],[-114.30080161635595,41.99193537127845],[-114.30075793614765,41.99203603482],[-114.30069986427276,41.99216091398647],[-114.30038643510659,41.99240622231941],[-114.30025221427343,41.99262914940245],[-114.30020614760684,41.992869218152045],[-114.30018362469025,41.99298660565186],[-114.30022580594017,41.99325357648476],[-114.30029205073174,41.99347083690109],[-114.30029599031509,41.99348043898441],[-114.3002855423984,41.99378901398394],[-114.30038937989826,41.9940599608585],[-114.30040139239821,41.99432171814977],[-114.30038986948159,41.99434011919142],[-114.30029854239837,41.9946138306493],[-114.29992581739896,41.994948045232114],[-114.29950522677463,41.99537244939812],[-114.29901339344208,41.99605825043876],[-114.29867750281755,41.99651845668805],[-114.29857074552604,41.99692404210403],[-114.29899580073373,41.99745431814502],[-114.29966266635768,41.99805602751899],[-114.30000283094051,41.99848746814329],[-114.30016197677361,41.99895538689255],[-114.30005609239873,41.99955011085006],[-114.29979236323248,41.99995610772438],[-114.29939617989976,42.00044349834861],[-114.2991082465669,42.000840534806365],[-114.29906239031698,42.00136303272217],[-114.29906471115032,42.001858404596476],[-114.29914083510852,42.00264177334519],[-114.29926510385833,42.003389012927336],[-114.29905846427533,42.00386397126004],[-114.29902077156703,42.00395408688488],[-114.29902667781705,42.00398312959307],[-114.29904677781701,42.00408194313466],[-114.2990497705253,42.00409321188459],[-114.29916799448347,42.0042362181344],[-114.29926819969165,42.0043620493842],[-114.29957295385782,42.004973703549915],[-114.29992631531564,42.00564828063224],[-114.300133763232,42.00610706708977],[-114.30023235698184,42.006530118130854],[-114.30027162885678,42.00717850875481],[-114.3001581694819,42.00744224625442],[-114.29993563719063,42.00763309312917],[-114.29925139239998,42.007862297295496],[-114.29848557781786,42.00807820354512],[-114.29793417261038,42.00831042854472],[-114.29717571844493,42.0088167493773],[-114.2965260340709,42.00934082750146],[-114.29616494136313,42.009602950417765],[-114.29581562053033,42.00979637125078],[-114.29541771115595,42.00992799104222],[-114.29511629865641,42.01003683479208],[-114.29492371949004,42.01017919833354],[-114.29479735594856,42.010275216041684],[-114.29475557469863,42.01038114624987],[-114.29468422782378,42.010617766041186],[-114.29460689240722,42.01087125666578],[-114.29443293824086,42.01112277020706],[-114.29414704449124,42.01132503583167],[-114.29379517782515,42.01162427541455],[-114.29344595282568,42.01184245874758],[-114.2930483278263,42.012046120205575],[-114.2925690976187,42.012225228538675],[-114.29214756428604,42.01248072332991],[-114.29196392782796,42.01259603478809],[-114.2918829476198,42.01271558270454],[-114.29191681741139,42.01285847020433],[-114.29200283303624,42.013180236870504],[-114.29210964449442,42.01342990145347],[-114.29205340178618,42.01367548791147],[-114.29193639449471,42.013840145202884],[-114.29182538616152,42.01399129936929],[-114.29163635699518,42.014254089993884],[-114.29158634137025,42.01454130874341],[-114.29164462782848,42.01474380040975],[-114.29169686220344,42.014937311867754],[-114.29201230595292,42.01525174207566],[-114.29234010178573,42.01562018790839],[-114.29243731741059,42.01575165874158],[-114.29251355386879,42.01591470978298],[-114.29254179866041,42.01615105665756],[-114.29251546220212,42.016331259782284],[-114.29239315178563,42.01665581082344],[-114.29210558720274,42.01716091811432],[-114.29191422366142,42.01757570978036],[-114.2917962674116,42.01818846082106],[-114.291723369495,42.01846510873732],[-114.29147478824541,42.01888209727833],[-114.29144091220377,42.01893887436157],[-114.29126488616244,42.01930848061103],[-114.29116261428754,42.01961310873559],[-114.2909107413713,42.02000102852657],[-114.29048988095525,42.02041640040101],[-114.29008071324756,42.02075069102538],[-114.28975532991473,42.02090911498357],[-114.2896604038732,42.02093962540012],[-114.28956018199835,42.02099982748337],[-114.28936660179033,42.02113546185812],[-114.28931503408212,42.02118386081645],[-114.28930235179047,42.02124181289971],[-114.28930257158214,42.021290081649546],[-114.28930840908208,42.02130723998288],[-114.2895672340817,42.02138581185776],[-114.289791416373,42.02154061498257],[-114.28987072053957,42.021719428523916],[-114.28984492678961,42.02202120664845],[-114.28982411220632,42.02275980352229],[-114.28989876637286,42.023236968104904],[-114.28996676637274,42.02358467643769],[-114.2899039611645,42.023716554562476],[-114.2896960715815,42.02382290456232],[-114.2893012153321,42.02398264102039],[-114.2889786590826,42.024111797270265],[-114.28880410491621,42.02424285247833],[-114.28870850283306,42.02446938060298],[-114.28870316220804,42.02462249310272],[-114.28883111116619,42.024869858727406],[-114.28900170387425,42.025195913935185],[-114.28901787679087,42.02543455872649],[-114.28893161741604,42.025725238934406],[-114.28877601429127,42.02603861393392],[-114.28859640491652,42.02639257435],[-114.28843121116682,42.026593382683046],[-114.28842278408348,42.02664842018293],[-114.28848652054171,42.02692011289081],[-114.28851190387502,42.02710610143223],[-114.28862530074987,42.02743725768168],[-114.2886357288748,42.02766191080638],[-114.28865863095815,42.02775953059796],[-114.28878911116622,42.02798123163922],[-114.28886771429114,42.028183758722236],[-114.28892072366602,42.028453924346785],[-114.28884413512453,42.028695452471446],[-114.28872856741634,42.02890811809606],[-114.28871449866637,42.0289250233044],[-114.28865081116646,42.02907189101251],[-114.2886939184581,42.02925642122055],[-114.288953986166,42.029332318095456],[-114.28933764241538,42.02935612642881],[-114.28965782991492,42.029366586845356],[-114.2903313903305,42.029388513928716],[-114.29076077782987,42.02950677226185],[-114.2910817330377,42.029684969136525],[-114.29135462157893,42.02992294413613],[-114.29178784241157,42.030123941010835],[-114.29194607470299,42.0303190399689],[-114.29209053199446,42.030762729551576],[-114.29213745386937,42.0310405451761],[-114.29217038720265,42.03123554830076],[-114.29236704345239,42.03176598892496],[-114.2924105715773,42.03208476392448],[-114.29244454657726,42.032333518090745],[-114.29245379761892,42.032530946215466],[-114.29253671532712,42.032829075381684],[-114.29268631428522,42.03317545246447],[-114.29276021220176,42.0334882451723],[-114.29270977053517,42.03368314100534],[-114.29266212366025,42.0338533472551],[-114.29265678199357,42.033911888921644],[-114.29264918407694,42.03399521912989],[-114.2926825861602,42.034113544129696],[-114.2927281622018,42.03427496808773],[-114.29278053407671,42.03440033162921],[-114.29280740074336,42.03461263787896],[-114.29280850907668,42.03485397121186],[-114.29279220907671,42.035200827461324],[-114.29280518407667,42.035388519127686],[-114.29287254865989,42.03558648891907],[-114.29292769761815,42.03575746391877],[-114.29301351324301,42.03602857954339],[-114.29304848824296,42.03640902120948],[-114.29302255803469,42.03668377433403],[-114.29302006220134,42.036711352458994],[-114.29306469553461,42.03706395766676],[-114.29318323824276,42.03749806391611],[-114.29318443511778,42.03775870349902],[-114.29312084136785,42.03800985349866],[-114.29305808824296,42.03844442328957],[-114.29299252365975,42.038631649331016],[-114.29290032990986,42.039005548288756],[-114.2927895101184,42.03920735141346],[-114.29253390803541,42.039459065996326],[-114.29223294449423,42.0396951201627],[-114.29194385386967,42.03988949516235],[-114.29164245387017,42.040033253495515],[-114.29119352262086,42.04028432953677],[-114.29095556428786,42.04042790557817],[-114.29074773928818,42.04055902641134],[-114.29044682991368,42.04081085036931],[-114.29019119970576,42.04105805349387],[-114.29006483408091,42.04116870141039],[-114.28991149449787,42.041326704535116],[-114.28973098095645,42.04150863265993],[-114.28973209762313,42.041754345159454],[-114.28982331428966,42.04187960974264],[-114.28989157158122,42.04194457224253],[-114.29005049970597,42.04200409307575],[-114.29046788824695,42.04212125349223],[-114.29102735595444,42.042262808700315],[-114.2912694517874,42.042356765991904],[-114.29153264762033,42.04244391495006],[-114.29178103616158,42.04259414515822],[-114.29190874136975,42.04277621703288],[-114.2920003851196,42.04300000244925],[-114.29222647366089,42.043558969114976],[-114.29225164657754,42.04377619098967],[-114.29227702886914,42.04404519619761],[-114.29226920282753,42.04431316911384],[-114.29225560178588,42.04463968682167],[-114.2922869142858,42.044885027446355],[-114.29236644136904,42.04509873994596],[-114.29253663199376,42.045322343070566],[-114.29267341532687,42.04550663265366],[-114.29272267470179,42.04570915244506],[-114.29273877366012,42.04592302015305],[-114.2927098726185,42.046209058694174],[-114.29260229136867,42.04646714098553],[-114.29251239345211,42.04662498890198],[-114.2924224924106,42.0467828357767],[-114.29228751949415,42.04699257119299],[-114.292182533036,42.04715270452612],[-114.29212309449441,42.04736901702584],[-114.29205173616117,42.047621385775344],[-114.29229453199412,42.0478639347334],[-114.29254313616042,42.048056944108],[-114.2926947330352,42.048178148274495],[-114.29289503824322,42.04837690244085],[-114.29300775386804,42.04857927639889],[-114.29297567574311,42.04883042119019],[-114.29298888720137,42.04907805348145],[-114.29302692470134,42.04946523785584],[-114.29310962261786,42.049711589938774],[-114.29324621011767,42.049851979521925],[-114.29382808199176,42.05024677222963],[-114.2941210288663,42.050885492020285],[-114.29420703303282,42.051191483686516],[-114.29464427261547,42.05166771181073],[-114.29491226949007,42.05212636910174],[-114.2950717736565,42.05264833264257],[-114.2951720694897,42.05343164201638],[-114.29522976115624,42.05414302534863],[-114.29523125282293,42.05446500659814],[-114.2952174007396,42.05473860451433],[-114.29518819865632,42.05495371805571],[-114.29512311740645,42.055255596180146],[-114.29506089553149,42.0555180899298],[-114.29511039553144,42.055767878471016],[-114.29517504240636,42.0560300451373],[-114.2953365038644,42.056315588886875],[-114.29549184865584,42.056585376386465],[-114.29560901115565,42.05679393680279],[-114.29567327053059,42.057107354510684],[-114.2957227455305,42.05734867326027],[-114.29572377365548,42.05757069826],[-114.2957355194888,42.05765526492645],[-114.2957505778221,42.05776369825962],[-114.29591969240516,42.057917719092785],[-114.29610162261321,42.058042740967565],[-114.29611016427987,42.058050328467544],[-114.2963617674045,42.05827375242551],[-114.29643273719603,42.05844784617526],[-114.29655831948753,42.058755917008085],[-114.29662944969571,42.05893386075779],[-114.29681969240382,42.05949782638198],[-114.29731849761134,42.06019904721423],[-114.29747686531942,42.06035670138062],[-114.29752468719437,42.06042345763053],[-114.29759008823589,42.060558433671986],[-114.29755262365262,42.06085778679645],[-114.29751525073601,42.06117644617103],[-114.29746876531942,42.06128158367085],[-114.29740839656955,42.0613347565874],[-114.29721609552814,42.06156831387873],[-114.29701448823681,42.06175007950345],[-114.29677076323719,42.061965748253094],[-114.29664808407074,42.0622261274194],[-114.29651941740423,42.06249779200232],[-114.2965600851125,42.06279489825176],[-114.2965945830291,42.06306499512638],[-114.29677852052885,42.063631937833854],[-114.29696237365357,42.06418086283299],[-114.2972796038614,42.064819506582],[-114.29739041636122,42.06525154303969],[-114.2973619538613,42.0656287680391],[-114.29721239448651,42.06595451699698],[-114.29674278407055,42.066339635746274],[-114.29650494344594,42.066531640954345],[-114.29642379136271,42.06662641803756],[-114.29648792782099,42.06676922324565],[-114.29668142365398,42.06679237012066],[-114.29692632886196,42.066819884703946],[-114.29734972156962,42.06689083887039],[-114.29759164969425,42.066932979495405],[-114.29778544865229,42.067016925328595],[-114.2979461163604,42.067124580536706],[-114.29808859761017,42.067222156578275],[-114.2982801424015,42.06747497011956],[-114.29850212156782,42.0677704930358],[-114.2989520038588,42.06819087741013],[-114.29993511739895,42.068883222200704],[-114.30015605177363,42.069027447200504],[-114.3002731955234,42.06914297949198],[-114.30035225177329,42.06942272115822],[-114.30034806843999,42.069489735741485],[-114.3003018819817,42.0702301982402],[-114.30023179448182,42.07135372011358],[-114.30019456219021,42.07170133573796],[-114.3002340236485,42.0718267274045],[-114.30028666219005,42.07200035032091],[-114.30031316739837,42.0721257763623],[-114.3001583767736,42.07227098157043],[-114.29989960802403,42.07234888469532],[-114.29961333614943,42.0723864315703],[-114.29920876635839,42.07243948677857],[-114.29914858615018,42.07244738157014],[-114.2984721590679,42.07255721907002],[-114.29824231427659,42.07259453886163],[-114.29812588615175,42.07263345552819],[-114.29806164552684,42.07274946490304],[-114.2980606090685,42.0727705857364],[-114.29804510698523,42.07278494094462],[-114.29803610594354,42.07282989406956],[-114.29803871011023,42.073386649277055],[-114.29804038094359,42.073743816984866],[-114.29800263823529,42.07398525031779],[-114.29788725073547,42.0742461951091],[-114.29775871948567,42.0744685544837],[-114.29744883719445,42.074701039899985],[-114.29729989761137,42.07475549823333],[-114.29712701219495,42.074861082608074],[-114.29679237157046,42.07503981594115],[-114.29645471740434,42.07521969927423],[-114.2960898486549,42.07539965656557],[-114.29568578511385,42.07559546385701],[-114.2951641944897,42.075865868023236],[-114.29457293303227,42.07610606906452],[-114.2937430351169,42.07637050864744],[-114.2928947069932,42.07657531802208],[-114.29187782366142,42.076839961771704],[-114.2911107434543,42.07708237218792],[-114.29091651741294,42.07711182635463],[-114.2908836569963,42.07710968468796],[-114.29077393928816,42.07710253364626],[-114.29055353303852,42.077074131562995],[-114.29045004762202,42.07711300760464],[-114.29037252262214,42.077161468021195],[-114.29026292470564,42.07741848677081],[-114.29025714137231,42.07743205968744],[-114.29016784449743,42.07774118781197],[-114.29009438303922,42.077949256561624],[-114.29011060699753,42.078191445102995],[-114.29016176428911,42.07839595656096],[-114.29010291116418,42.078743985727094],[-114.28979043095639,42.0791500596848],[-114.28952557470677,42.07939841176776],[-114.28907945387414,42.07966185135062],[-114.28880847470788,42.07988881593364],[-114.28868288824975,42.080188612808165],[-114.28864796845812,42.08048703676606],[-114.2885896601249,42.08096341176531],[-114.2884646601251,42.08139265030629],[-114.28828800908371,42.081762371139035],[-114.28808691533402,42.08207245863854],[-114.28786150387602,42.082360110721474],[-114.2877507601262,42.08259794613779],[-114.28775178304284,42.08282422947075],[-114.28795023512589,42.08306579197034],[-114.28824941845875,42.083316027386644],[-114.28853542783332,42.083518029469644],[-114.28875655908297,42.08370089092777],[-114.28912098408239,42.084047491968825],[-114.28927753929048,42.084278780510154],[-114.2895135674151,42.08488634300917],[-114.28965393303992,42.08520384092538],[-114.28975837678973,42.08539166175839],[-114.29023500178903,42.08650726696503],[-114.29058920803845,42.087289932588824],[-114.29071479137161,42.08764988883828],[-114.29073752887155,42.08799206592109],[-114.29071767470492,42.08828144821225],[-114.29065572470499,42.08861485758677],[-114.29051193095523,42.088902303419594],[-114.29035605178882,42.08918640654417],[-114.28998426533103,42.08985833570985],[-114.28978280803972,42.090759493000036],[-114.28951965283176,42.0913905992491],[-114.28898037262428,42.0924637419558],[-114.28876994554128,42.09272545862207],[-114.28851098408336,42.09295127424663],[-114.28766711429301,42.093520808620816],[-114.28733137262685,42.094152089869866],[-114.28717631533546,42.0946298273691],[-114.2871193559605,42.09540454195119],[-114.28708857887722,42.09595626278375],[-114.28712402679383,42.09644027111624],[-114.28723500387702,42.096917341948895],[-114.28733592366848,42.09716814819847],[-114.28737038200177,42.0974393763231],[-114.28732385700188,42.09784816486409],[-114.28719594971041,42.098312309655064],[-114.28696808304409,42.09873281382107],[-114.28682152054432,42.0990889471538],[-114.28672056637777,42.099493353403204],[-114.28669191012784,42.09984580340271],[-114.28670803512779,42.10006529923571],[-114.28680255075268,42.100241828402034],[-114.28701527783568,42.100482213818395],[-114.28740954450171,42.10075367735961],[-114.28785838408436,42.101058761734144],[-114.28852506533332,42.10139033881693],[-114.28893738824934,42.10164147006654],[-114.28914687679071,42.101832327357926],[-114.28921411220729,42.10198752735766],[-114.28926366949884,42.10224858256562],[-114.28924692470719,42.10255935756514],[-114.28919996220726,42.10286907735632],[-114.289170988249,42.10314271381421],[-114.28918724970731,42.10339710756378],[-114.28930025179045,42.10364338152173],[-114.28945232366522,42.10384226172973],[-114.28960747470666,42.10404790339607],[-114.28968704137321,42.1042615929791],[-114.28975163408143,42.104500120062085],[-114.2897862549147,42.10479723776998],[-114.28981772262296,42.10507186276954],[-114.28993145178947,42.105476857560596],[-114.290014993456,42.10589319610156],[-114.29009556637254,42.10632193568427],[-114.29009790178922,42.106834170058434],[-114.29009942158086,42.10716740130799],[-114.2899462882478,42.10806956276486],[-114.28959963928997,42.108971084638476],[-114.28946949762354,42.109610871095796],[-114.2894565611652,42.11009387422002],[-114.2894446465819,42.11079641588563],[-114.2894804132485,42.111344606509775],[-114.28949764033183,42.111809513800765],[-114.28949920699847,42.11215401692523],[-114.28953425595677,42.11254570338295],[-114.28960088824834,42.11323566484021],[-114.28966669241487,42.113736470047726],[-114.28974743616476,42.11420123567204],[-114.28992910908113,42.11491565858768],[-114.28998007158106,42.11548181692007],[-114.29015693824743,42.11580335441956],[-114.29021240595569,42.11603062108589],[-114.29018931116406,42.116268220043814],[-114.2900632174143,42.116471197126835],[-114.2900026819977,42.116594898168294],[-114.28981458095632,42.11684782941794],[-114.28967315178988,42.117108825250824],[-114.28967367887323,42.11722466691737],[-114.28981699970632,42.11737875545882],[-114.28984015283129,42.1173961752504],[-114.29055859762184,42.117936772124516],[-114.29091092470463,42.11842819816547],[-114.2911462132459,42.118842693998175],[-114.29118865595422,42.11907368462282],[-114.29122536116246,42.119273436705875],[-114.29122599762083,42.119276889830765],[-114.29122479345415,42.1192846064975],[-114.29121414657914,42.119494447122236],[-114.29114624866257,42.119853752329924],[-114.2910309788711,42.120441724203985],[-114.2909736809545,42.12113535545301],[-114.29092489032962,42.12171526899371],[-114.29090767157965,42.12191459295167],[-114.29089046845468,42.122118403368034],[-114.29082468616309,42.12228630961784],[-114.29069836116327,42.12244086482594],[-114.29064169762171,42.12261325440898],[-114.2905880257468,42.12278677628375],[-114.29058889553846,42.12297703461672],[-114.29058679970512,42.123179682533085],[-114.29058485178848,42.1234149887827],[-114.29053265803857,42.12390596690697],[-114.29048332053863,42.124359789823],[-114.29037300491377,42.12471132419738],[-114.29024752783067,42.125051640863596],[-114.29020027470574,42.12530167315476],[-114.29015922991414,42.12558660961269],[-114.29014850283079,42.12588498877893],[-114.29013771428913,42.12617097211178],[-114.29012404658084,42.126494115861306],[-114.290007484081,42.126797240860824],[-114.28982407991464,42.127042011693796],[-114.28977144762308,42.12743617002653],[-114.28972177783146,42.12782132315094],[-114.28956997991503,42.129028575232375],[-114.28940362887363,42.12969547627306],[-114.2889968965826,42.130714216896386],[-114.28889589033274,42.13112201689576],[-114.28889146637442,42.13148003356193],[-114.28898118616593,42.13192000022783],[-114.28913719449906,42.132299007519],[-114.28935830908205,42.13302797730953],[-114.28958163824836,42.13424328459927],[-114.28982806220631,42.135215349181045],[-114.28991658616451,42.1360527210548],[-114.28988585283122,42.137268668969554],[-114.28963604241494,42.13821498563474],[-114.28930230074877,42.13933260854973],[-114.2890025330409,42.13993905021548],[-114.28897466324929,42.140004176257],[-114.28888311116611,42.140133946048444],[-114.28870288304138,42.14043365125636],[-114.28858702991658,42.14062700750603],[-114.28858795283323,42.14082972417238],[-114.28860140491656,42.140935897088816],[-114.2886283101248,42.141148180421894],[-114.28868088929143,42.141302499171644],[-114.28868176637474,42.14149556583798],[-114.28856573616662,42.141650307504484],[-114.28841074450014,42.14179549812927],[-114.28830046845866,42.14185869812907],[-114.2881908142922,42.14192154187899],[-114.28806150179236,42.142008747087175],[-114.28799703929246,42.14209579083706],[-114.28801171741748,42.14247222729482],[-114.28824869762542,42.14324389916862],[-114.28834157054195,42.14350523875158],[-114.28842787158347,42.14397312625088],[-114.28855253199993,42.14477438562464],[-114.28872405179135,42.145233292915506],[-114.28880352574953,42.145410961665306],[-114.2890038903326,42.14556244499831],[-114.2892584747072,42.14565749395657],[-114.28963081220661,42.145697080414855],[-114.29002733928934,42.14573887103976],[-114.29032424866386,42.14582367208129],[-114.29070276220494,42.14589138249786],[-114.2909544955379,42.14602923666427],[-114.29137627991224,42.14629496895556],[-114.2916954028284,42.14660376270508],[-114.29198741220296,42.14694524707958],[-114.2924379538689,42.147538534578636],[-114.29259771741033,42.14806951374454],[-114.292398050744,42.148581312702014],[-114.29223070178591,42.14886168353495],[-114.29207610386948,42.149093754367826],[-114.29196010803633,42.14925815645096],[-114.29193469345302,42.1493740595758],[-114.29193540282802,42.149528510617195],[-114.29197547470295,42.149779393950155],[-114.291968618453,42.14982862103342],[-114.29172556532838,42.15053949082397],[-114.29151092157866,42.15123914707288],[-114.29145193095378,42.15157591998899],[-114.29140201845388,42.151907026238526],[-114.29143549553716,42.152607192904064],[-114.29153708407866,42.15298633352846],[-114.29161701532854,42.153259706444764],[-114.29179526949491,42.153858165818775],[-114.29200679866125,42.154453185609576],[-114.29263244241024,42.15560891373276],[-114.29284562574327,42.15590219914898],[-114.29301011949305,42.15613820852364],[-114.29326547886764,42.156389722064844],[-114.29363384345038,42.156864992897454],[-114.29392312886661,42.157257172063595],[-114.29414260803293,42.15760333977134],[-114.29435895282427,42.157923637687574],[-114.29450830490737,42.15815181060385],[-114.29469373719877,42.158332574145206],[-114.29488524240679,42.15852009289489],[-114.2951010903231,42.15873232206125],[-114.29515365698973,42.15896971997759],[-114.29511833823977,42.1591848460189],[-114.2950711830315,42.15945627831012],[-114.29512127365643,42.15981641685128],[-114.29520726428126,42.16008637935078],[-114.29532038094777,42.16033602101705],[-114.29547637782254,42.16068912205827],[-114.29558934865571,42.160901610599595],[-114.29584893094695,42.16140416372376],[-114.29605977261332,42.16184380955645],[-114.29628216740463,42.16215396372258],[-114.296683829904,42.162622368930215],[-114.29684817782038,42.1628189783049],[-114.29693089448693,42.16303265226295],[-114.29689887990368,42.163307436637496],[-114.29675510386221,42.16362978976193],[-114.29656587261252,42.16393535330317],[-114.2962956694879,42.16439989705242],[-114.29597657573845,42.16476997101019],[-114.29580249448867,42.165081148093016],[-114.29565905490557,42.165474417884084],[-114.29554805386408,42.16568748038382],[-114.29557910282239,42.165852892883564],[-114.29561329657231,42.16604644392486],[-114.29559601844733,42.16623900017462],[-114.29557562990573,42.166407917882665],[-114.29554600282245,42.16654647829911],[-114.29550445490582,42.16672332725715],[-114.29536322782269,42.16694097517356],[-114.29507391011481,42.16720852517306],[-114.29480569657358,42.16745689600606],[-114.29455815907397,42.16759601892247],[-114.29432571740767,42.16773170746395],[-114.29410247574134,42.16788764079706],[-114.29384620490839,42.1681021855884],[-114.29360871428378,42.168448419962864],[-114.29343737470072,42.16870441267074],[-114.29332062470087,42.168985039753714],[-114.2933245028259,42.16916966579507],[-114.29332521011753,42.169322760586425],[-114.2933410319925,42.169473582461286],[-114.29335107365915,42.169677317877586],[-114.29348689345062,42.17025000537671],[-114.29361835490874,42.17053337308463],[-114.29373139032526,42.17076273975088],[-114.29396261844988,42.17101770745886],[-114.29418167157456,42.171259199125146],[-114.29438836219924,42.171445553291534],[-114.29464401324049,42.171751105374376],[-114.29479447469856,42.17221118037364],[-114.29478117469857,42.17260411266468],[-114.2947200871987,42.173140154330575],[-114.29468915699044,42.173651348079765],[-114.29465513199045,42.17414678141237],[-114.29456040490732,42.17460634078659],[-114.29455021844899,42.17501841266099],[-114.29478233199029,42.175361076202044],[-114.29542738615595,42.17586468453464],[-114.29563395490561,42.176026266826035],[-114.29574411636378,42.17627816370066],[-114.29575768928044,42.176593355366855],[-114.29551912157245,42.176923281407966],[-114.29541288198931,42.17714699703263],[-114.29539387573931,42.17767373557353],[-114.2954283413643,42.17867467307194],[-114.29543152678093,42.1793591449459],[-114.29535162678106,42.18040409806929],[-114.29541348303098,42.18068313765217],[-114.29560905907232,42.18107890848486],[-114.29567052469724,42.181267888693014],[-114.29588000178025,42.18205991160836],[-114.2959053486552,42.18229400848299],[-114.29585794553026,42.18251028556604],[-114.2956299299056,42.182961208482006],[-114.29554659032243,42.183267631398216],[-114.29551179344747,42.18359194598102],[-114.29551577782246,42.18444751160465],[-114.2955772392807,42.18464552722933],[-114.2957840736554,42.184852128270755],[-114.29611219657151,42.185103462645266],[-114.29657342365415,42.18532743035332],[-114.29678028302885,42.18554305431133],[-114.29693924448691,42.185857868894146],[-114.29703748407012,42.18615481889369],[-114.29712590386163,42.18692913035076],[-114.29711438406997,42.187064255350585],[-114.29706653198673,42.187190466808666],[-114.2969219746953,42.18783640639107],[-114.29662406636243,42.188379819931896],[-114.2962181028214,42.18876391159795],[-114.29546793928085,42.18897332722262],[-114.29545027261423,42.1889935313892],[-114.29537526948936,42.189049701180835],[-114.29537181219769,42.189083266805845],[-114.29535043303105,42.189291094930475],[-114.29543283407259,42.18953264805508],[-114.29557725594736,42.189851189721246],[-114.2959674413634,42.190417590762095],[-114.29672295802891,42.19140634076052],[-114.29694276323693,42.19179304284323],[-114.29700432052852,42.19200904075961],[-114.29694457782023,42.19218030846762],[-114.2965951715708,42.19256848555043],[-114.29624655907135,42.19312779388288],[-114.29613905802984,42.193452310549056],[-114.29612922677985,42.19393865846494],[-114.29604545490498,42.19415503138129],[-114.29575667782211,42.19457007096395],[-114.29526777469783,42.1951235022131],[-114.29589266011357,42.1951551261714],[-114.29650561532095,42.19517913762976],[-114.29687131427869,42.195353758462666],[-114.29713028719499,42.19565633033725],[-114.29725482886141,42.196358443877806],[-114.297304501778,42.19661951366913],[-114.29730762781969,42.197285960543034],[-114.29718961948652,42.197952739708704],[-114.29732542573635,42.19850177304118],[-114.29735181740296,42.198961037623825],[-114.29730488927805,42.19928538762331],[-114.29729816740303,42.19931462512325],[-114.29759577469423,42.20095224282905],[-114.29773918615236,42.20120474491198],[-114.29799332156864,42.201445090744976],[-114.29813954136006,42.20162486782803],[-114.29841985385963,42.20199340532739],[-114.29856676115105,42.202317246993594],[-114.2986895205259,42.202668174076365],[-114.29872722260916,42.2029562824093],[-114.29870420177588,42.203208519908856],[-114.29858598719272,42.20383025636626],[-114.29859958094266,42.20414544594908],[-114.2986734549009,42.20439743344874],[-114.29878364969238,42.20464933032334],[-114.29890572677556,42.204847149072954],[-114.2990884007336,42.2050538053227],[-114.29931959344157,42.20526938032238],[-114.29956274135789,42.20545785844706],[-114.2996131371911,42.205486188655364],[-114.2998178080241,42.20560128553016],[-114.30008481114874,42.20570867615498],[-114.30024247260677,42.20574428657159],[-114.30043640802319,42.20577079698826],[-114.30168446531292,42.205830569904805],[-114.30206011635397,42.20586560219642],[-114.30225416531204,42.20591011573796],[-114.30243620906174,42.205981684487845],[-114.30286126635276,42.206205739695946],[-114.3033231017687,42.206519721987085],[-114.30362702780985,42.206744079278394],[-114.30388251947613,42.20697759594466],[-114.30413816322573,42.207238079277616],[-114.30436979864207,42.20753466781879],[-114.3045529726001,42.20784040427668],[-114.30466329864163,42.208119299067874],[-114.30473746947484,42.20842532406746],[-114.3048107663497,42.208551215733905],[-114.30498136114113,42.20875790323358],[-114.30528575176567,42.20908131989978],[-114.30600162988952,42.2093135855244],[-114.3067410705134,42.20940167927428],[-114.30701964238796,42.20939191364927],[-114.30726163301256,42.209328221982695],[-114.30833744134424,42.20883901573347],[-114.30868774342701,42.20863091885878],[-114.30915826425962,42.20823335948447],[-114.30996823925837,42.20788894490169],[-114.31048729654923,42.207509277193914],[-114.31070481634055,42.20740059698569],[-114.31092255279857,42.2073369657358],[-114.31144314446443,42.2072725063609],[-114.3123266902964,42.20711700948608],[-114.31318562362839,42.206880490736474],[-114.31359728300276,42.20683432511156],[-114.31400923508545,42.206842214694895],[-114.31450675487635,42.20684591469483],[-114.31489307883407,42.20682889386155],[-114.31543031008323,42.2069391417781],[-114.31634895591515,42.207187035527696],[-114.31753661945497,42.20729184490255],[-114.31832460695375,42.20740672927732],[-114.3188213371613,42.20741436781897],[-114.3192934173689,42.20734099073582],[-114.31977715382646,42.20717753031938],[-114.32001889132613,42.20706878761123],[-114.32051393403368,42.206743178236664],[-114.32090057674141,42.20654394177869],[-114.32115996632433,42.20652423969538],[-114.32156791007372,42.20653905636203],[-114.32186804548991,42.20645841365381],[-114.32214918611447,42.20637141990395],[-114.32217186944774,42.20641431157061],[-114.32219771111437,42.20672943969508],[-114.32204287153132,42.20725225740264],[-114.32206914653123,42.207657457402036],[-114.3223644684058,42.20855727406724],[-114.32251182569723,42.20894413239997],[-114.32274801007185,42.20938130219103],[-114.32305356319638,42.21031224698115],[-114.32308926632135,42.21052760948088],[-114.3230085434048,42.211211311563154],[-114.32299016423815,42.21181784697885],[-114.32305725486306,42.212344334478004],[-114.32325380694607,42.212998146977014],[-114.32353698090395,42.21379535530911],[-114.32392160486171,42.21456909697457],[-114.32405634444484,42.21485691259916],[-114.32405975173651,42.21526220426512],[-114.32393386632003,42.21583711988929],[-114.32393623402834,42.216299957388514],[-114.32402309236153,42.21649123342993],[-114.32466842256889,42.216728807387895],[-114.32555017881754,42.217013589679176],[-114.32608849756667,42.21731530113695],[-114.3263612340246,42.217626920928154],[-114.32653190589934,42.21798409696928],[-114.32670394964907,42.218451942801906],[-114.32682817881556,42.21904599384263],[-114.32689237256545,42.219748304258125],[-114.32687075069049,42.220252721965736],[-114.32672352985736,42.22127317925585],[-114.32672895173238,42.22131011050579],[-114.32683838714883,42.221524520922095],[-114.32718987464831,42.22200391154639],[-114.32749922568951,42.22228636154596],[-114.32804816839695,42.22300526779481],[-114.32845018506299,42.22341843029418],[-114.32909482777035,42.223884916751764],[-114.32947268610309,42.22431612508444],[-114.3302379996436,42.22468319070894],[-114.33043672776824,42.22480387404205],[-114.33063156526794,42.22506326779157],[-114.33072766735114,42.225191217791426],[-114.33077992151772,42.22524898654129],[-114.33083252672601,42.22537432404114],[-114.33072912880948,42.22547115529101],[-114.33036825693506,42.225724024040574],[-114.33035153922674,42.225746852165564],[-114.3301107590188,42.22584536466543],[-114.32951756631138,42.22595513966527],[-114.3293725850616,42.22603661883177],[-114.32924004547846,42.2261811115399],[-114.32909574443704,42.22639766258121],[-114.32900383714548,42.22672276674737],[-114.32897205172891,42.22683520945554],[-114.32881324027078,42.22738842403798],[-114.32876112152087,42.22756997820437],[-114.32850517360458,42.22790587091219],[-114.32816274860512,42.22813028966192],[-114.32799869443869,42.22831471361988],[-114.32790654235555,42.22841830528642],[-114.32788655589725,42.228705636536006],[-114.32803770381366,42.228864810494045],[-114.3296442558945,42.22934114486832],[-114.32997446943564,42.22964129486791],[-114.3300618611022,42.22992832299239],[-114.3302400673519,42.23115673028222],[-114.33024356214355,42.2318270386145],[-114.33013310172709,42.23245592715513],[-114.33005014651889,42.23281643444625],[-114.33008833297714,42.233167549029005],[-114.33022365589359,42.23355443132012],[-114.33037015485172,42.23376112506982],[-114.33061357985133,42.233958575069515],[-114.33082022151768,42.234075068819344],[-114.33123286839202,42.23419096673579],[-114.33143941526669,42.23428944069393],[-114.33247317984844,42.234979936526294],[-114.33285062984783,42.23531206673401],[-114.33300939755594,42.23554576152535],[-114.3331582069307,42.236184777149326],[-114.33321347151394,42.23710121881461],[-114.33333636109711,42.23779639589685],[-114.33344666318027,42.23803023547983],[-114.33372832463817,42.238578795895656],[-114.33381456317971,42.238848722978545],[-114.33384066630464,42.23919987401971],[-114.33381764963805,42.23943413547765],[-114.33375786630478,42.239587399019044],[-114.33354117568014,42.23986722610197],[-114.33351789651346,42.24005643026831],[-114.33367789026323,42.24050627818433],[-114.3339105642212,42.240964933391886],[-114.33402217463771,42.2414419250579],[-114.33397858817943,42.24236970318143],[-114.33390680588786,42.24255004276447],[-114.33361780276334,42.24291114588892],[-114.33351461213852,42.24316003130521],[-114.3334457652636,42.24332607713825],[-114.3335274142218,42.243500790679704],[-114.33355177984674,42.24355293234622],[-114.33359090693007,42.24358177713792],[-114.33432026109557,42.243927165679004],[-114.33524352359416,42.24408857297044],[-114.33643930484226,42.24419125630361],[-114.33766153713208,42.24438072713663],[-114.33810355379802,42.24443734380323],[-114.33837663608928,42.24448480421982],[-114.33846793608916,42.244552103177995],[-114.33850701421409,42.2445712958863],[-114.33858532671394,42.24463863651122],[-114.3387676235887,42.24471532296955],[-114.33898878921332,42.24477258859434],[-114.33928862775453,42.24496476463566],[-114.33978464546209,42.24539768234338],[-114.34017781941981,42.246033622967374],[-114.3403033194196,42.246351220883604],[-114.34041288921111,42.24662851879984],[-114.34063882046077,42.24720028025725],[-114.34103722775183,42.24854903963016],[-114.34103183816848,42.248923530254615],[-114.34111785796001,42.249139429212605],[-114.34123997462649,42.24931017608727],[-114.34136168920963,42.24939986462888],[-114.34154402358433,42.249489386503704],[-114.34245443191628,42.249720846920056],[-114.34295244962385,42.249908494836426],[-114.3431222558736,42.24992598754473],[-114.34349780378966,42.249879840669735],[-114.34381306628916,42.24989689691975],[-114.34415292045531,42.24997694379463],[-114.34435964233,42.250093409419414],[-114.34440867045492,42.25019233025261],[-114.34443363399652,42.250327344835775],[-114.3443998360799,42.25079577712665],[-114.34439112670492,42.25142623233405],[-114.34456442149633,42.25208317608302],[-114.34443509024652,42.25282207399854],[-114.34447577670484,42.25361450941394],[-114.34445504857985,42.25426301670464],[-114.34443194441322,42.25447022087091],[-114.34432463920507,42.25480378337048],[-114.3443019267051,42.25508303128672],[-114.3443272339967,42.25528111045304],[-114.34443704128819,42.255406870869514],[-114.34463143607957,42.255487333369366],[-114.34528718607856,42.25568349378573],[-114.34593040586925,42.25580764691061],[-114.34640333711849,42.255833237535505],[-114.34836665586545,42.255710204202416],[-114.34873078815657,42.25579016461892],[-114.34970260065501,42.25613846566003],[-114.35020023086258,42.25624499378491],[-114.35067333711187,42.25629759378484],[-114.3513157694025,42.25627761045147],[-114.35170371731859,42.2562764208682],[-114.35237096106755,42.25635543440973],[-114.35269868085874,42.25642647920125],[-114.35294160065001,42.256506790659486],[-114.35367137252388,42.25692783232552],[-114.3543032600229,42.25718706253343],[-114.35453389648086,42.25724039378331],[-114.35558023502091,42.25778201149088],[-114.35639815793633,42.25805079169876],[-114.35706543085195,42.258272157323375],[-114.35747543605964,42.25859007919791],[-114.35775752772588,42.25908395628052],[-114.3579058933506,42.259670607321254],[-114.35823679230845,42.26030001773699],[-114.35832492668335,42.26087614065271],[-114.35842331314149,42.26111899065234],[-114.35907085689047,42.261990582317615],[-114.35944889334826,42.26237666773366],[-114.35970447772286,42.26254697606679],[-114.35999634126404,42.26269916981646],[-114.36084706938772,42.2630477396077],[-114.36102949647079,42.263146232315776],[-114.36113921938727,42.26325395627405],[-114.36131045792865,42.26351459689861],[-114.36139666522018,42.263748500023276],[-114.36139743605355,42.26388358648137],[-114.3613018860537,42.26413606252266],[-114.36127829438703,42.26425320418911],[-114.36132800063702,42.26446020210545],[-114.36143813917846,42.26463998648017],[-114.36169384334477,42.2648282958549],[-114.36203406209421,42.26495330939641],[-114.36255600376006,42.26505072710457],[-114.36259020584333,42.26505269064621],[-114.36347890480035,42.26522970106262],[-114.36363231417505,42.26527661043755],[-114.36379135688316,42.26532524377082],[-114.36409137042438,42.26551735210381],[-114.36461259646524,42.26575702189509],[-114.36479559438158,42.26593984585314],[-114.36483586104822,42.266161740644534],[-114.36480645479827,42.26631735626926],[-114.36469713813176,42.26689581356007],[-114.36466114438178,42.2669886323099],[-114.36454471834031,42.26718790730956],[-114.3645102558404,42.267521259392325],[-114.36454762354867,42.267692254183785],[-114.36464555375682,42.26785405105852],[-114.364767646465,42.267997768766605],[-114.36486199021482,42.26804985626652],[-114.36491360583977,42.268078356266514],[-114.36575179438013,42.26833686355776],[-114.36589739333823,42.26835442084943],[-114.36610342979623,42.26833574272441],[-114.3662849464626,42.268272117724585],[-114.36636877875418,42.268091737516464],[-114.36638281521249,42.26807911043317],[-114.36689784646165,42.2680883937665],[-114.36717654021122,42.2679757823083],[-114.3674334631275,42.26781536251696],[-114.36771196208544,42.26767082814222],[-114.36788265271015,42.26746280418415],[-114.36790303187678,42.26727121876782],[-114.36820457875132,42.26683399585186],[-114.36864960062566,42.26632718543591],[-114.36903477562505,42.266054630227956],[-114.36919844958311,42.265739084395136],[-114.3693747506245,42.26539917814566],[-114.36956748083253,42.265286839604144],[-114.37010981937335,42.26502660002124],[-114.37053150687268,42.264565929188656],[-114.37074785374739,42.264241007314105],[-114.37101205895527,42.26380784377307],[-114.37139756520469,42.263383309398826],[-114.37172237457918,42.26294996669115],[-114.37179399124574,42.2627516010665],[-114.37188732145393,42.26218334169235],[-114.37205063395368,42.26185314065121],[-114.37255070999457,42.26154230315165],[-114.37269590061936,42.26148778856842],[-114.3729482797856,42.261108701069],[-114.373141268327,42.26094596565258],[-114.37334667041002,42.26081920523621],[-114.37355230582637,42.26073749169458],[-114.37373406103438,42.26071889794459],[-114.37453513811647,42.260869373986075],[-114.3751294391572,42.26090345523603],[-114.37575995790627,42.26091039169431],[-114.37874140477663,42.260720471902935],[-114.37905629748445,42.26066538961138],[-114.37940722352556,42.260556160444835],[-114.38103770893974,42.25993559273753],[-114.3813285016476,42.25976602711274],[-114.38181236623018,42.25937208128005],[-114.38207852352144,42.25915538648873],[-114.38211444227137,42.259126776072044],[-114.38311311622817,42.25833142503166],[-114.38377260685212,42.25779830003249],[-114.38434218810126,42.25743922919963],[-114.38463925268411,42.25723045628336],[-114.38487137560043,42.25706733336694],[-114.38537731101633,42.25671177086752],[-114.3857319193491,42.256381036493025],[-114.38580709747401,42.25628385836813],[-114.38592699226547,42.2560673031602],[-114.3859986412237,42.25588696566043],[-114.38600380580704,42.25578347920226],[-114.38600830372366,42.25577330316061],[-114.3861885693484,42.25550241149435],[-114.38626359122327,42.255422967744494],[-114.38640804643137,42.25526999482812],[-114.38674299330587,42.2547958656621],[-114.38692337143061,42.2545442781625],[-114.38694143184722,42.25452716774587],[-114.38713089643028,42.25434770941281],[-114.3871688308052,42.254311777121266],[-114.38749195267968,42.25403074691334],[-114.38768490788772,42.25371154170554],[-114.38775160788765,42.25356059691403],[-114.38778743809593,42.25347952295581],[-114.38782381830418,42.25320608128959],[-114.38778377142927,42.25288104379009],[-114.38776002663764,42.25278928649854],[-114.387743844346,42.25272672712365],[-114.38767587663773,42.252552998998965],[-114.38779410163755,42.252446617749165],[-114.38784007247085,42.25243198441579],[-114.38786854851247,42.25240422191583],[-114.38819523601194,42.25230406566601],[-114.38829190163682,42.252249676082826],[-114.38843653392826,42.2521140958746],[-114.38859258601133,42.25186139275006],[-114.38868894851117,42.251761997958475],[-114.38912435684387,42.25159840629208],[-114.38959137246809,42.251000271918045],[-114.39008760371735,42.250532403168776],[-114.3903047485087,42.25036055316898],[-114.39065533600814,42.250206250044265],[-114.39080018079954,42.25010668962775],[-114.39167880163154,42.249085982337704],[-114.39209939017258,42.24849012296358],[-114.39256644121349,42.24756990109004],[-114.39273290579655,42.24704695213251],[-114.39271810683829,42.24661471671649],[-114.39276556308818,42.2464524375501],[-114.39331889433733,42.24576605421783],[-114.3934995610037,42.24557630421812],[-114.39374100996169,42.245422385468395],[-114.39400683183624,42.24528636359358],[-114.39458770371039,42.24513127192714],[-114.3950113787097,42.24503974588557],[-114.39528998391762,42.24501176151067],[-114.39590820683333,42.245018636510665],[-114.39639290058255,42.244989938594024],[-114.39718095787299,42.24502325421895],[-114.3973748182894,42.24500455838574],[-114.39755623287243,42.24494089171917],[-114.3977737318304,42.244832047969304],[-114.3980753484966,42.244605864636284],[-114.39867912141233,42.24424350526184],[-114.39902902974512,42.24399012609561],[-114.3995124162027,42.243763268804294],[-114.39999564224365,42.24350041047136],[-114.40110616411694,42.242776037555856],[-114.40154132869958,42.242585384431095],[-114.40261759432293,42.242194344848365],[-114.4030523828639,42.24194963755712],[-114.40382475786271,42.241424563599516],[-114.40392090786253,42.24129813651647],[-114.40393733494585,42.24115996360001],[-114.4039669214041,42.240910704225364],[-114.40416992348713,42.24043265839281],[-114.4041541359872,42.23985631151863],[-114.4041881339038,42.23966649276894],[-114.40418770786215,42.2395996688107],[-114.4041862901538,42.23937765422774],[-114.40414639432055,42.23923299589462],[-114.4040800880706,42.23902086256161],[-114.40394882765418,42.23880895735361],[-114.40388246515425,42.238587166728934],[-114.40392026723754,42.238403625062574],[-114.40408796723727,42.23821962714614],[-114.40455290161157,42.237793249021856],[-114.40475925994457,42.23756084693889],[-114.40511989327736,42.23707692089796],[-114.40518494536059,42.236896300064934],[-114.40520051515222,42.23670043339853],[-114.40531917556872,42.236303750065815],[-114.40547454431845,42.2359609490247],[-114.40594182973439,42.235121681317686],[-114.40627955160886,42.23486832819305],[-114.40659249952506,42.23453399069358],[-114.40690608181626,42.23429872194399],[-114.40721997869076,42.23410847715259],[-114.40734039535721,42.23399095944438],[-114.40749621306531,42.233720229236496],[-114.40755360994024,42.23322466882067],[-114.40762499014846,42.23301727611264],[-114.40763408598178,42.23299822715432],[-114.40812091931434,42.23285318861287],[-114.40869972348014,42.23269152923819],[-114.40968122556194,42.23239752611357],[-114.40994724639484,42.232306490697034],[-114.41074492139359,42.23197041361429],[-114.41096223805995,42.23184356361438],[-114.41123931514284,42.2315903938232],[-114.41140710576758,42.231301591740255],[-114.41145358701749,42.23099520528245],[-114.4114355224342,42.23067078653294],[-114.41121706410121,42.23011275320046],[-114.41112979743468,42.22988984486745],[-114.41110646201804,42.22960264695127],[-114.41125470785113,42.22928291674338],[-114.41160820472562,42.22868003861934],[-114.41178440889199,42.228179775078445],[-114.41176034222536,42.2277808625791],[-114.4116074338923,42.22738240945469],[-114.41141209951758,42.22706391049684],[-114.4112820182678,42.226872855288775],[-114.41131706410107,42.226620515705875],[-114.41184623389188,42.226148418831585],[-114.41225513076625,42.225669612582365],[-114.4126024568074,42.22504693966664],[-114.41287887555694,42.22480835841701],[-114.41313398909826,42.22479284904211],[-114.4134016765978,42.2249629959168],[-114.41363239013913,42.22503421258335],[-114.41392350263868,42.225078202166586],[-114.41433553076303,42.22508571779163],[-114.4148685005539,42.22505676883333],[-114.41563045055267,42.22522926258303],[-114.41608285055202,42.22545106049942],[-114.41638525263488,42.22572128445723],[-114.41655976200957,42.226135610498325],[-114.41662869638446,42.22682164383049],[-114.41662706825946,42.227130846955156],[-114.4165475224263,42.22754013445445],[-114.41661362242615,42.22779525528739],[-114.41692500471737,42.228210522995084],[-114.41712095784204,42.228525034452915],[-114.41716313075864,42.22874675632752],[-114.41711166200872,42.229456243826455],[-114.41710601200873,42.22970552507613],[-114.41697349430063,42.230171078200385],[-114.416923890134,42.230528418824825],[-114.41704535888385,42.231223005282],[-114.41709839430041,42.23138691465685],[-114.41722923909185,42.23153123757327],[-114.41776190367439,42.23154860528157],[-114.41856679533981,42.23155706361491],[-114.41935916513023,42.23163304278143],[-114.4202436797122,42.23161176361483],[-114.42109245262753,42.23168073548971],[-114.42162547658508,42.23165175215635],[-114.42181902658473,42.23159699798978],[-114.42207285679268,42.23149699798998],[-114.42219395991754,42.231487545906624],[-114.42235180991725,42.23153199382323],[-114.42257071512523,42.231648275073056],[-114.42303453491621,42.23214190215571],[-114.42332677033244,42.23234797715531],[-114.42352119845715,42.232428309446846],[-114.42407890262291,42.2324622719468],[-114.42455146199717,42.232451519863524],[-114.4250235453298,42.232368745905305],[-114.42513887241296,42.23233667923862],[-114.42578946824528,42.232285889655394],[-114.42584605574518,42.23228147194711],[-114.42586977866183,42.232287650072074],[-114.42738148490946,42.232681191738116],[-114.42739390990943,42.232685276113116],[-114.42775901303389,42.232805274029545],[-114.42786481095038,42.23308481986251],[-114.42786278803374,42.23309672194582],[-114.42790124636696,42.23318658757069],[-114.4279266901169,42.23336662715373],[-114.4277722651172,42.233826517778084],[-114.4277619557422,42.23409673340257],[-114.42792072553362,42.23427627506895],[-114.42834653803294,42.234517860485255],[-114.42855362240766,42.234670196943426],[-114.4286513349075,42.23478690423486],[-114.4287253994907,42.23498477715126],[-114.42868037553247,42.23549830527542],[-114.428736523449,42.235826340691574],[-114.42886635157384,42.235969495899674],[-114.42910312969843,42.2360484125662],[-114.42933928698977,42.2361532875661],[-114.4295581067811,42.23625153652427],[-114.42994660053046,42.23634916464907],[-114.43004409636364,42.23642984694066],[-114.4300932421969,42.23652873131553],[-114.43013162448852,42.2368257896484],[-114.43006183594696,42.237258357356026],[-114.43013743594685,42.23768134693868],[-114.43013908594685,42.23792453652164],[-114.43003234532199,42.23826716256284],[-114.42974391094748,42.23862850943724],[-114.42963981303097,42.238855661520226],[-114.42961878594764,42.238889434436814],[-114.42958243282271,42.23927569693624],[-114.429618100531,42.239622156310716],[-114.42965196928095,42.23995115214354],[-114.42959032865606,42.240205635476464],[-114.42963283594764,42.24034750735129],[-114.42966784219755,42.240375829226224],[-114.42980450469736,42.24039898755951],[-114.4304481953214,42.24050804589258],[-114.43090405365399,42.240524157350954],[-114.43117109219526,42.24053359485088],[-114.43143574219482,42.24054294797593],[-114.43200700261059,42.24049253130936],[-114.4323047296935,42.24033696151795],[-114.43238102656835,42.240095347976634],[-114.43236625677673,42.239834769852],[-114.43232635677681,42.239674265685636],[-114.43233222552675,42.23961847401902],[-114.43225681511024,42.23922247401969],[-114.43227864115187,42.238871127145245],[-114.43242256198499,42.23864544693719],[-114.4327838651094,42.238310859437725],[-114.43289071198423,42.23798623027159],[-114.43295065573413,42.23788693860508],[-114.43320405573377,42.23772387298034],[-114.43350636510827,42.23762365943881],[-114.43376081823288,42.23761367923051],[-114.43404192135745,42.2376701729804],[-114.43414418489897,42.237675409438694],[-114.43419534635723,42.23767385735538],[-114.43450783594005,42.23766438027208],[-114.43470222760641,42.237596075063834],[-114.43485710989785,42.23745068860578],[-114.43482967135623,42.23723842506438],[-114.43480069843963,42.23709300631459],[-114.43477585364798,42.236968343814794],[-114.43487791927282,42.2366976698569],[-114.43509669427249,42.23639759381574],[-114.43525955468891,42.23614417923279],[-114.43535748593877,42.2355498854837],[-114.43522095573066,42.23492429694299],[-114.43519543593897,42.23473525735994],[-114.43522987343891,42.23445592715206],[-114.43533620677209,42.23405925319434],[-114.43529656927217,42.23358206986172],[-114.435415406772,42.233239376112245],[-114.43561932656331,42.23293238027941],[-114.43573872239648,42.232670745904876],[-114.43580931510473,42.232364274030324],[-114.43581859218801,42.23194994903094],[-114.4358660994796,42.23180567923942],[-114.43595009739614,42.23168827298967],[-114.43621393177074,42.231490167781644],[-114.43641330885379,42.23141158549005],[-114.43685412864477,42.23129407299033],[-114.4371657213526,42.23127357819867],[-114.4373858015606,42.231166552157156],[-114.43748890676875,42.23105032090737],[-114.4378600317682,42.230448189658276],[-114.43788658489314,42.230405108408384],[-114.43798985989298,42.23023754903357],[-114.43806989218456,42.22996769382572],[-114.43807871093452,42.22993796257573],[-114.43810195155947,42.22954209799304],[-114.43803420572624,42.22913692507694],[-114.43803570260127,42.229028306327116],[-114.43804285572622,42.22850943861963],[-114.43806662655953,42.228461579244694],[-114.43821649635095,42.228212203203405],[-114.43858885051708,42.22773344799582],[-114.43874231405852,42.2271474552884],[-114.43890546509988,42.22621020008151],[-114.43890172343322,42.225669815707384],[-114.43898236405812,42.225066085499975],[-114.4389789338498,42.224570759459006],[-114.43903288072471,42.22360688341888],[-114.43908738176629,42.22341572612751],[-114.43909679739124,42.223157578211286],[-114.43906921926629,42.22292601050327],[-114.43896384947482,42.222714041753626],[-114.43896298176645,42.2225885573788],[-114.43898701509977,42.22230852300426],[-114.43898547864143,42.22208650946285],[-114.43886592655832,42.221700838630206],[-114.43874690572517,42.22139239383901],[-114.43875748489182,42.221044839672885],[-114.43881160989173,42.220499494882084],[-114.43875368905844,42.22005455738271],[-114.43874684947514,42.220045420924414],[-114.43849105468388,42.21970389384162],[-114.43829307239253,42.21961795321674],[-114.43788929947645,42.21944573863369],[-114.4376157213519,42.21932129175887],[-114.43729040051909,42.21922600217563],[-114.43725064322746,42.21911031467583],[-114.43732762239404,42.21897488030103],[-114.43750883176875,42.21888730946786],[-114.43787771197651,42.218642478218335],[-114.43806470468456,42.21851836676012],[-114.43829651405918,42.21823754071885],[-114.43829518385088,42.218044979260945],[-114.4382941109342,42.2178900365528],[-114.43820074114268,42.21753323030335],[-114.43789912968481,42.217109642804004],[-114.43724530051912,42.21679449592947],[-114.43692709010298,42.21672056572125],[-114.43690929218633,42.21671568030453],[-114.43685747343642,42.21670818030457],[-114.4365195807286,42.21667085738804],[-114.43632399531225,42.21655576259651],[-114.4362966942706,42.21636280530514],[-114.43634396093722,42.21616996051375],[-114.43633933385388,42.21606088030552],[-114.4365788630202,42.215654676139586],[-114.43672125676996,42.21522182509856],[-114.43688863906135,42.21489696155743],[-114.43693548176964,42.21466264280778],[-114.4368857859364,42.21448267718302],[-114.43667787343668,42.214204290725135],[-114.43659122864518,42.21393442301728],[-114.43653997864521,42.21352934176787],[-114.4365973401035,42.213060789685265],[-114.43658391093686,42.212871707393916],[-114.43652210677027,42.21269179281082],[-114.43635119322887,42.21250334697773],[-114.43634061406222,42.21243211781125],[-114.43629243697893,42.211970639686946],[-114.43623631093739,42.21136270427118],[-114.43626835052066,42.21109828447998],[-114.43639143281212,42.2108567053137],[-114.43650419531195,42.210749884480485],[-114.43682206510312,42.21051114177253],[-114.43712281718597,42.210203790731356],[-114.43730411510239,42.21014007510644],[-114.43759446510194,42.21008490739818],[-114.43788459218484,42.209993732398345],[-114.43813830885108,42.20989369489854],[-114.43830722655919,42.209793982398686],[-114.43831883385081,42.20972189385707],[-114.43825758697591,42.20962306052397],[-114.43787980364317,42.209300277191105],[-114.43784450780987,42.209226061566184],[-114.43781855572661,42.20920402719115],[-114.4377132786434,42.209001708441576],[-114.43775116718501,42.20884711469183],[-114.43794412968475,42.20858574385882],[-114.43805790780954,42.20825586365105],[-114.43806511405955,42.20806569490136],[-114.43824301926759,42.207515632402135],[-114.43845807864227,42.207082498027866],[-114.43871016718356,42.20674830948675],[-114.43963568176542,42.20570002198833],[-114.43988835468173,42.20545589698871],[-114.44008723697306,42.20531146678059],[-114.44016613905626,42.20522597928076],[-114.4402382973895,42.20513726469758],[-114.44030349947275,42.20504561573939],[-114.44036150572265,42.20495133448953],[-114.44041214530591,42.20485473136471],[-114.4404552421808,42.204756134489806],[-114.44048867238911,42.20466210844832],[-114.44051524843076,42.20456687824008],[-114.44053488801404,42.20447072303197],[-114.44054783801403,42.2043636157404],[-114.440550925514,42.20425609594886],[-114.44054413488902,42.20414867199076],[-114.4405292078057,42.20405042511589],[-114.4405060213474,42.20395306782444],[-114.44047467238914,42.20385698865789],[-114.44043527030584,42.203762560533036],[-114.4403879796809,42.20367015428318],[-114.44033298280601,42.203580134491666],[-114.44027050468111,42.20349285845006],[-114.4402415442645,42.203448384491814],[-114.4402211723895,42.203401349075236],[-114.44020978072285,42.203352668866984],[-114.44020759530622,42.20330328449204],[-114.44021465155618,42.20325414803386],[-114.44023081301452,42.20320621678387],[-114.44025577655611,42.203160420950645],[-114.4402890473894,42.20311764699235],[-114.44029646405608,42.20310971678407],[-114.44043728176422,42.20295710949256],[-114.44056982655565,42.202800464701156],[-114.4406938984305,42.20264003345139],[-114.44076150676369,42.20254842720156],[-114.44097743593,42.20225589699373],[-114.44106107655489,42.20193637303583],[-114.44097344113834,42.20168134907791],[-114.44071202030545,42.20112907407875],[-114.44059458384726,42.200703919912755],[-114.44063963384718,42.20025637303848],[-114.44067245988884,42.19955449908122],[-114.44074410780536,42.199336606373215],[-114.4408966755135,42.198872671998984],[-114.44109815467982,42.19836742929143],[-114.44130124009621,42.1978581449172],[-114.44152921717917,42.19754204283441],[-114.44150276926253,42.197226920959864],[-114.44157393697077,42.19701048866852],[-114.44171744842885,42.1967487532522],[-114.44193345155355,42.19645970012766],[-114.44218635259483,42.19625160741969],[-114.44252429217761,42.1960791730449],[-114.44292296301035,42.19593354075355],[-114.44332203175969,42.19584193554529],[-114.44349817967613,42.195765187628744],[-114.44367673071747,42.195350735546064],[-114.4439593223837,42.19483891575521],[-114.44404115050861,42.19426403658941],[-114.44418110363335,42.193816610548495],[-114.44417767655005,42.19332718242426],[-114.44440316613304,42.192838636591624],[-114.44462949842438,42.19229739492585],[-114.4446875817576,42.19194592305137],[-114.4446851192576,42.191594685551905],[-114.44486418384065,42.19122472305248],[-114.44489647550728,42.190648189720065],[-114.44507510050698,42.19021520117905],[-114.445303124465,42.18991709388787],[-114.4455558421729,42.189690956388176],[-114.44567632133942,42.189600418888375],[-114.44592918175567,42.18939228243033],[-114.44610962863038,42.18922048347222],[-114.44649335779644,42.188678610556465],[-114.44661294217128,42.18846196576511],[-114.44662988383789,42.18840253139017],[-114.44669085258785,42.18763359909974],[-114.4467766775877,42.18691892826751],[-114.4468651567542,42.18658072410137],[-114.4469804077957,42.18635824806007],[-114.44718637758707,42.18611611681039],[-114.44724195154532,42.18603025847722],[-114.44747111612828,42.18556841056128],[-114.44807438591903,42.18447548972959],[-114.44822791612711,42.18392550327212],[-114.44834525779356,42.18339366160634],[-114.44843527550177,42.182420634524476],[-114.44854233800163,42.18215001264995],[-114.44881785675119,42.18172564077557],[-114.44891173070937,42.18130198035953],[-114.4489711827926,42.18114861785981],[-114.44911503695903,42.180940914735146],[-114.44951136300013,42.180480043902506],[-114.44982283799965,42.18001048973657],[-114.45011117237419,42.17968513036202],[-114.45026685883226,42.17944135848742],[-114.45040716508203,42.179265701196],[-114.45055068904014,42.17916230432117],[-114.45071896403988,42.179088960571384],[-114.45108722237268,42.179014838696425],[-114.45126871820571,42.17899610744646],[-114.45165644112177,42.1790306043214],[-114.45192262757968,42.179002533488145],[-114.45216416299598,42.17891151577992],[-114.45234488174572,42.17878472932171],[-114.45260875570364,42.17843244182237],[-114.45312284736951,42.17751175849041],[-114.45337506403575,42.177222556407564],[-114.45356809424379,42.17712272411607],[-114.45393042340993,42.1769952189079],[-114.454316393201,42.17678651474154],[-114.45455791820058,42.176695513700054],[-114.45487239320012,42.17664922307516],[-114.45524906403284,42.17670891578333],[-114.45588745569853,42.176365992867154],[-114.45614036194814,42.17617587099247],[-114.45635668798946,42.175949833492844],[-114.45651251715589,42.17573307203484],[-114.45663899423903,42.175253960577216],[-114.45660609632245,42.17465824703655],[-114.45671731298893,42.17421091787056],[-114.45731208694633,42.173561192871574],[-114.45751237027935,42.173342397038624],[-114.45794641298698,42.17308848453895],[-114.45807887444516,42.17298888766409],[-114.45821107652824,42.17285326995604],[-114.45831883381976,42.17268171995625],[-114.45846161819452,42.172338885581794],[-114.45864988173595,42.171581608499665],[-114.45884806402728,42.1705270699596],[-114.45902634319367,42.170018802252066],[-114.45979651923415,42.16881472517056],[-114.46049612652473,42.16739526683947],[-114.46061519214953,42.16711558558989],[-114.46075507131599,42.16637650225771],[-114.46093522444073,42.16582784184191],[-114.46165706298126,42.165040658509795],[-114.46179728798103,42.16465704809375],[-114.46191068381422,42.163805040803396],[-114.4619448223558,42.16350769705383],[-114.46193549631414,42.16342421788732],[-114.46178599110607,42.163103637679484],[-114.46161020464797,42.16252977518033],[-114.46169244943951,42.16204000018107],[-114.46211312027219,42.16167872518166],[-114.46240006818846,42.161436564765445],[-114.46240634214678,42.16143258976541],[-114.46261217547976,42.161190430390775],[-114.46259800568811,42.161026383516],[-114.46258468068817,42.160978171016104],[-114.46252565568824,42.16096088247445],[-114.46253142235491,42.160938499141146],[-114.46230154527194,42.16095744705782],[-114.46207155673062,42.160958373099454],[-114.46188965881424,42.16091408143284],[-114.46175565985612,42.16079753039138],[-114.46169361714789,42.160590643933396],[-114.46160796714798,42.160464897058574],[-114.46143770985657,42.1603574949754],[-114.46104911819054,42.16018794080904],[-114.46085440569084,42.16004461372584],[-114.46068370048278,42.15987418143446],[-114.4606223765245,42.15976636060129],[-114.46047173173311,42.15936359706033],[-114.46041191089984,42.1590020710192],[-114.46049600881639,42.158767653311216],[-114.46059982756623,42.15832542727019],[-114.46047655881642,42.15801969706234],[-114.46001322027547,42.157553217896336],[-114.45954830048453,42.15687060643918],[-114.45924283277668,42.15647555227309],[-114.45901143381872,42.1562783397734],[-114.45859832340268,42.15606383352376],[-114.45835409423637,42.155767583524174],[-114.45795187965365,42.15538191894145],[-114.457519971321,42.15458734498437],[-114.45737437757123,42.15422616269327],[-114.45843558798623,42.15464753040096],[-114.45903769423529,42.154857927275536],[-114.45941024944307,42.15496283665049],[-114.459895806734,42.15487577102551],[-114.46058217652461,42.15487301685897],[-114.46161681089797,42.15502500123368],[-114.4623445181885,42.15522020644174],[-114.4628430390211,42.1555244053995],[-114.46330431922871,42.15571167831593],[-114.46355890151995,42.155764694982516],[-114.46393416922774,42.15577218039915],[-114.46432132131048,42.15574359081589],[-114.46467180464322,42.15567012623267],[-114.46494954735113,42.155578951232826],[-114.46516629526747,42.1554249595664],[-114.46522587443407,42.15529862206663],[-114.46524837860068,42.15506435435864],[-114.46530743797558,42.15486597935893],[-114.46545056297538,42.15457719498441],[-114.4656419869334,42.15427020852648],[-114.46610959839103,42.1536648804025],[-114.46637415359892,42.153429626236125],[-114.4666511608902,42.153239385611414],[-114.4671943358893,42.15303901373679],[-114.46940561088587,42.152534648112486],[-114.47071008067553,42.15216905227976],[-114.4713375858829,42.151914293946895],[-114.4721213358817,42.15151478040573],[-114.47319582963001,42.15115010123974],[-114.47360579212938,42.15094127103168],[-114.47397915567046,42.15069655019876],[-114.47430398900332,42.150434024157434],[-114.47461657858616,42.15015352624125],[-114.47515629525196,42.14949383561729],[-114.47567083900117,42.14870813978509],[-114.47620796712533,42.1477062022867],[-114.4765914587914,42.147200246037414],[-114.47665000358296,42.146938821037914],[-114.47665885358299,42.14650648249696],[-114.47682450045772,42.14600143458103],[-114.47680848483277,42.14547913458181],[-114.4767083660829,42.14503823354081],[-114.47664888691634,42.14489718874937],[-114.47614808587542,42.144467258541745],[-114.47565737233452,42.143852163751],[-114.4755958848346,42.14327785125199],[-114.47580574525097,42.1424841575032],[-114.47590028170913,42.14217753979531],[-114.47598368379232,42.14200607625388],[-114.47611567441714,42.14185240021238],[-114.47635642129177,42.14168030333773],[-114.47662169941634,42.141553108546226],[-114.4768624889993,42.141389992921525],[-114.47698265045744,42.14127240646338],[-114.47705416295736,42.14112801583856],[-114.47707736191563,42.14099280854715],[-114.47701613899908,42.14089399500559],[-114.47645602649993,42.14043700021465],[-114.47631035462518,42.14037455750642],[-114.47604283379223,42.14020455334004],[-114.47583569629256,42.1400162793819],[-114.47573754420938,42.13983654917395],[-114.4756993546261,42.13958452521601],[-114.47558930358463,42.1394318856328],[-114.47533391296002,42.139261812716455],[-114.47503052337716,42.13914599604998],[-114.47424288379506,42.13900514084183],[-114.47374656504581,42.13898017209192],[-114.47337164212975,42.13900873875857],[-114.4728161473389,42.13916414500829],[-114.4724897077561,42.139201528341616],[-114.47235649108967,42.139184039799936],[-114.47222293588152,42.13913056167501],[-114.47212560359003,42.139058898133484],[-114.47208869317342,42.13897799813357],[-114.47215817338162,42.138567818967566],[-114.47224110775647,42.138184429384786],[-114.47220792650654,42.137567439802424],[-114.47215520879831,42.13652797313736],[-114.47210459629838,42.136230974179526],[-114.47212687025666,42.13596969917987],[-114.47231737546468,42.135554617930545],[-114.472556507756,42.13516635959781],[-114.47304770463025,42.134506859598815],[-114.47338394837972,42.13416324084939],[-114.47358866817109,42.13402730855791],[-114.4738057035874,42.13392732418312],[-114.47431315358659,42.133826154391556],[-114.4750155702522,42.13347575751716],[-114.47504840462717,42.13344485751721],[-114.47522821296019,42.13321895126749],[-114.47539551816828,42.13293905647626],[-114.4756567858762,42.132280493977326],[-114.47596775045906,42.13179286168638],[-114.47609861087551,42.13149511168686],[-114.47698244733249,42.12990804918935],[-114.47729323274865,42.12941730856512],[-114.47760625462314,42.129246245023715],[-114.47800580878919,42.12928060335695],[-114.47857424524665,42.12925121064869],[-114.47921453066232,42.12912244814889],[-114.47988035982797,42.12917371064876],[-114.48048509003536,42.129144159607215],[-114.4810048660762,42.12907891481563],[-114.4815483660754,42.12895056377416],[-114.48210354211619,42.128768099191085],[-114.48257375357379,42.128549979399786],[-114.48301856711475,42.12817883460864],[-114.4834153494058,42.12795318773399],[-114.48394174002999,42.127774582525944],[-114.4847461191954,42.12744512106813],[-114.48541138377772,42.12701327627713],[-114.48561728586071,42.126806464819154],[-114.48595979836017,42.12637598148646],[-114.48611966815162,42.12610804190348],[-114.48615321398488,42.126051815862006],[-114.48645347023444,42.12554855752948],[-114.48662626294248,42.12529955544648],[-114.48694270356702,42.12497770857196],[-114.48727196502483,42.12430610232303],[-114.48755921294105,42.12389958774031],[-114.48769022023254,42.12362885232413],[-114.48774896606574,42.123403436699476],[-114.48777033689908,42.123034072116646],[-114.48768144731588,42.12248506170089],[-114.48755279210775,42.12150043566072],[-114.48760653585765,42.12105331899475],[-114.48783226398228,42.12066930649541],[-114.4879500483571,42.120597016912136],[-114.48860041085612,42.120197876287705],[-114.48905479210538,42.119812893996624],[-114.48930091710503,42.11912776483104],[-114.48945527439645,42.11874882941499],[-114.48983911502086,42.118323891915644],[-114.49005551189549,42.11815185233261],[-114.49027237022852,42.118033836707724],[-114.4906477337696,42.117989926291116],[-114.49152668793488,42.11788709608299],[-114.49218505876718,42.118011956499515],[-114.49264402230813,42.11822278670744],[-114.49285868064118,42.1183965648322],[-114.49408252230592,42.11798147004115],[-114.49433613272221,42.117926334624556],[-114.49452885459692,42.11781743254141],[-114.4947207108466,42.117600429416775],[-114.495090517096,42.11693238983443],[-114.49549732022042,42.11635422108541],[-114.49571315876172,42.116110107544074],[-114.49584728896986,42.11602167108593],[-114.49600197646959,42.1159197200444],[-114.4961472848027,42.11593711275269],[-114.4961990920943,42.11597231275259],[-114.49631632230245,42.11631301171039],[-114.49632014001077,42.11680244400135],[-114.49652585876044,42.11752508670854],[-114.49723187125937,42.11850825441537],[-114.49741482230075,42.118696601290104],[-114.49765780459205,42.118830635664835],[-114.49850662854908,42.11908813878944],[-114.49940342333934,42.11929139816413],[-114.49981534208871,42.11937065128899],[-114.50038441708779,42.11943119712229],[-114.50123267333652,42.11961665128869],[-114.50235860666805,42.119728817955135],[-114.50349780458299,42.11998500962143],[-114.50422412437354,42.120044867954604],[-114.50494980874738,42.12002365441298],[-114.50536151812175,42.120075884621265],[-114.50577316082945,42.120192085662744],[-114.50644052332842,42.12067381066199],[-114.50724441603552,42.12111714920299],[-114.50787754103453,42.12155985232726],[-114.50808148686752,42.12213490440975],[-114.50783341290958,42.12328514190795],[-114.50780788895128,42.123668303365605],[-114.50803741290929,42.12377368774058],[-114.50855108270014,42.123665011698996],[-114.50986420248978,42.123397348157745],[-114.51038439832229,42.12339503461613],[-114.51088077436316,42.123437867949384],[-114.5111594472794,42.12349067524091],[-114.51185060769501,42.12368572836566],[-114.51239552019416,42.1237463627406],[-114.5142080347747,42.12347705232426],[-114.51471587331554,42.12343873774103],[-114.51539341393953,42.12344471065763],[-114.51574351706398,42.12335307107454],[-114.51605673373012,42.12318954711643],[-114.51618885352161,42.123071882533246],[-114.51634415456306,42.12282800024194],[-114.51659287018765,42.12216940440963],[-114.5166150712293,42.12192612107669],[-114.51659983997928,42.12153891586899],[-114.516561494146,42.12128690545272],[-114.5164868764378,42.121035076286425],[-114.51652222435445,42.120917826286565],[-114.51659391289598,42.120809416911754],[-114.51671415664578,42.12071882524527],[-114.51729453476992,42.120680191911966],[-114.51794660143554,42.120533135662164],[-114.51892527122567,42.120384620037456],[-114.51991600039082,42.120227021079394],[-114.52119826080548,42.120221204412665],[-114.5219861441376,42.120406757537424],[-114.52267567538655,42.12040361899579],[-114.52347317746865,42.12029189503764],[-114.52440123684222,42.11987336066326],[-114.52503910350788,42.119474165872155],[-114.52543279829894,42.11880588462324],[-114.525814452465,42.118146676290955],[-114.52606535246463,42.11776724920813],[-114.52657289100551,42.117701879416586],[-114.52774460662869,42.117498361708556],[-114.52866370454393,42.117467097125356],[-114.52971611079226,42.117462245041956],[-114.53050545141605,42.11782787837468],[-114.5313444243314,42.11833734399898],[-114.53183601703898,42.11879264087323],[-114.53220936703843,42.11900371587295],[-114.53252377016292,42.11900225753957],[-114.53293124307896,42.11859118670692],[-114.53332524307837,42.11796789920785],[-114.5338063024526,42.11763242941669],[-114.53479602224274,42.11736663879209],[-114.53569146911633,42.11739850129209],[-114.5375107222385,42.117212732542356],[-114.53833778265391,42.116996047126],[-114.53902246911117,42.116843876292926],[-114.53942655452721,42.11673800337646],[-114.53988569098482,42.11658348254334],[-114.53995988056806,42.116558513793386],[-114.54023501181763,42.11638560441866],[-114.54030342848415,42.11629947421047],[-114.54020962952598,42.11611114191909],[-114.53941095556888,42.115180553378885],[-114.53913876702768,42.11486339504597],[-114.5389304128613,42.11446521587999],[-114.5388634326531,42.11433721483851],[-114.53888880869471,42.11419870650539],[-114.53894797952796,42.11410918983889],[-114.53903531911112,42.11406387525561],[-114.53931514827735,42.11391868567251],[-114.53944438161051,42.11389540442249],[-114.53959323681863,42.11389470546419],[-114.54093494202488,42.113780331506014],[-114.5417816534819,42.113776338797734],[-114.54215609306465,42.11371150858949],[-114.5426627316055,42.11354699817302],[-114.54281505243864,42.11351638254809],[-114.54334386285444,42.113350515881685],[-114.54440141910283,42.113036596090474],[-114.5449991899352,42.112862147132454],[-114.54573582951741,42.112755676299294],[-114.54605878993358,42.11278846275761],[-114.54649669618288,42.112786378382545],[-114.54696152430716,42.11269984088273],[-114.54716637430687,42.112588928382834],[-114.54746772951472,42.11247042109141],[-114.54793878368065,42.11238710338316],[-114.54877289617934,42.11232907942496],[-114.5492921420119,42.11222751900843],[-114.5497987576361,42.11206297838365],[-114.55048530659339,42.111726456509146],[-114.55056595659323,42.11170218255094],[-114.55112472638405,42.11153425025949],[-114.55186802742458,42.111426777343006],[-114.55189788992453,42.11142246380136],[-114.5526232430484,42.11137392317639],[-114.55309524513099,42.11140767942637],[-114.55360380242189,42.1114682700513],[-114.5546578847119,42.11167034088432],[-114.55577105346016,42.11170997942591],[-114.55684895345847,42.11186684921734],[-114.55732044512446,42.1119647106755],[-114.55896532637189,42.1127264700493],[-114.55965421803745,42.1130635971321],[-114.56054225032779,42.11329334713182],[-114.56191911803398,42.11346331900653],[-114.56253752532467,42.11363140233957],[-114.56310897011542,42.113961850255755],[-114.56389829823922,42.11430922421353],[-114.5653538846953,42.11476138567114],[-114.56580294198625,42.11493028671259],[-114.56648369198518,42.11530520337867],[-114.56711488260925,42.1155452669199],[-114.5677375336499,42.11570521379467],[-114.5683121857324,42.116042853377486],[-114.56894466177306,42.11639115546032],[-114.56960404510534,42.11659569191828],[-114.5700404201047,42.11669259295986],[-114.5704764492707,42.1167534731681],[-114.57089998468666,42.116769369001396],[-114.5712869878111,42.116758444001384],[-114.57166130135214,42.11668453254314],[-114.57205936385158,42.1165564575434],[-114.57245699197591,42.116383356501984],[-114.57289033468362,42.116147015877374],[-114.57327530968303,42.1159109294194],[-114.573912094057,42.11543040650345],[-114.57468241488915,42.115003250254134],[-114.57541789926302,42.114738379421276],[-114.57670937946932,42.11442567004668],[-114.57769910342614,42.114186530463755],[-114.5781251680088,42.1139296398391],[-114.57861025134139,42.113842073172584],[-114.57921158467379,42.11396671900577],[-114.58014212842232,42.11426807108859],[-114.58056704404669,42.11430714713023],[-114.58185117633633,42.11451680337986],[-114.58324301279254,42.11459980233808],[-114.58412709404116,42.11471237942124],[-114.5847319669569,42.114718316921255],[-114.58527543674768,42.114625498171385],[-114.58551652841402,42.11453417942154],[-114.58586647633012,42.114442327338324],[-114.5863257117461,42.11439496067173],[-114.58682162216195,42.11439242525505],[-114.58799542945184,42.114440440879974],[-114.58866060236744,42.11442802733838],[-114.58904725445018,42.11438102213008],[-114.59018282632343,42.11422206900534],[-114.5904967471563,42.11415740754717],[-114.5907379752809,42.114084122130585],[-114.59153320132134,42.11374677421436],[-114.59171404194602,42.11368277942283],[-114.5922450377786,42.11354494400634],[-114.59241373881997,42.11348104817312],[-114.5925942700697,42.113381041923375],[-114.5927985315277,42.113235897131865],[-114.59300257006902,42.1130637075488],[-114.59321826798536,42.112846433590775],[-114.59336183152682,42.112674576299455],[-114.59354015340153,42.11234040442495],[-114.59388283881772,42.111474032551236],[-114.59392962319261,42.11130265650985],[-114.5939522284009,42.111131421093454],[-114.59390954715099,42.11044715963618],[-114.59393192735928,42.11005245859516],[-114.59392736590094,42.109976470053546],[-114.59393906694261,42.10992659192876],[-114.59396518881755,42.109815212762186],[-114.59414901694224,42.109031445055024],[-114.5944450877751,42.10865235963901],[-114.59472493881641,42.108429311722674],[-114.59475694089963,42.108403804431035],[-114.59485686694116,42.10832415859785],[-114.59500620444096,42.108244074223],[-114.59587266902292,42.10768881589044],[-114.59698237214621,42.107172321099576],[-114.59770391381176,42.10669767005866],[-114.59801690964458,42.107057992974724],[-114.59803859089459,42.10713542214127],[-114.59814772631108,42.10752504193234],[-114.59827771276917,42.108014139848315],[-114.5981365096444,42.108608161722415],[-114.59803416276958,42.10895976693017],[-114.59805943360288,42.109031517971715],[-114.59813144297777,42.10923673463808],[-114.59799833881131,42.11195062421719],[-114.5985776231854,42.11366812838119],[-114.59950711485062,42.116538803376706],[-114.60000424193315,42.1174037804587],[-114.60056234193227,42.11800031274947],[-114.60076647734866,42.11890414087314],[-114.60078290964033,42.11912159399774],[-114.60090916276512,42.119567663788665],[-114.6009388606817,42.12027112316268],[-114.60111027109815,42.121334229411],[-114.60111367734812,42.1216946012854],[-114.600770835682,42.12200530128491],[-114.60042556276584,42.122058593993245],[-114.5982991356858,42.122396108575984],[-114.5978211096449,42.12253826378413],[-114.59643204402204,42.12295023670016],[-114.595192769024,42.1232866544079],[-114.5937602169429,42.123557065865825],[-114.59346943048502,42.12362251899074],[-114.59329114611029,42.123761876282174],[-114.59320865861037,42.12432428982302],[-114.59316722736048,42.12500411586359],[-114.59300761902739,42.125158160655],[-114.59237788361169,42.12554558877939],[-114.59221718569529,42.12572821377917],[-114.59224009819525,42.126184356486746],[-114.59254893881975,42.12692208148563],[-114.59276299819442,42.12719820336019],[-114.59278600027773,42.12745721794311],[-114.59271679298615,42.1276777794011],[-114.59257605027805,42.127924987734005],[-114.59233084611174,42.128233773150264],[-114.59162692215449,42.129033848149035],[-114.59121371903018,42.12956837627318],[-114.59090949715562,42.1301887981472],[-114.5909825721555,42.13040987106357],[-114.59112375340527,42.130741913771374],[-114.59130555236334,42.131017618979264],[-114.59134959715493,42.13137625856205],[-114.59126216798842,42.132161398144206],[-114.59117829090519,42.13234565856052],[-114.59000069924036,42.1334290231422],[-114.58945432528287,42.13377273772499],[-114.58917917736665,42.13386327730818],[-114.58884503986718,42.134056597099615],[-114.58845792945112,42.134880022098294],[-114.58819542528482,42.135437227305694],[-114.58800934716015,42.135714710638666],[-114.58767336695234,42.136029224179815],[-114.58758631382744,42.13618820647123],[-114.58755093153582,42.1364085460542],[-114.5878522221604,42.13700785647],[-114.58799163153515,42.13760370646912],[-114.58788729716031,42.13786282730198],[-114.58787296382701,42.138596152300856],[-114.58771019924393,42.139364591882945],[-114.58768438674394,42.14009844084018],[-114.58727502320295,42.140595306464355],[-114.58666473153723,42.141146392921904],[-114.58569947008039,42.14189613354579],[-114.58463509612369,42.142427326253156],[-114.58357339091702,42.14329692104353],[-114.58286164195977,42.144319518958646],[-114.58221377841915,42.14501940541585],[-114.58133172112883,42.14547993145681],[-114.58128354821224,42.14639671583043],[-114.58107828467087,42.1471762835376],[-114.58103600237928,42.14757736374524],[-114.58110815133752,42.1478100335365],[-114.58124856592065,42.14802404186949],[-114.5814710867536,42.148209615827554],[-114.58175876591986,42.148456909577234],[-114.5818340232114,42.14860923561861],[-114.58200189508612,42.14916551374279],[-114.5820274513361,42.14955798978385],[-114.58196812529451,42.14969741999189],[-114.58186869196135,42.149826009575065],[-114.58151338154522,42.150290855407704],[-114.58112175654583,42.150644366865514],[-114.58067536383817,42.15101685644822],[-114.58016774300563,42.15157897936406],[-114.57976806279794,42.15214338457147],[-114.57937527113188,42.152527031445835],[-114.57883156904938,42.15273103040387],[-114.57817463988374,42.15297750540351],[-114.5779295836341,42.15325023561143],[-114.57796090967571,42.15349209394441],[-114.57799256905065,42.15372391581901],[-114.57788735342587,42.154003079360244],[-114.57697176280226,42.154636976234265],[-114.57584643780399,42.15545738456632],[-114.57548438676291,42.155741173107614],[-114.5752469325966,42.15594719289893],[-114.57508734301354,42.15623527519013],[-114.57483108572222,42.157538340813076],[-114.57457850759766,42.15894801268591],[-114.57480916697227,42.15927445956043],[-114.57504172530525,42.159550746018304],[-114.57524733884662,42.15982642935113],[-114.57530444405484,42.160098963725815],[-114.57525508780492,42.160329091850436],[-114.57503846593028,42.1606963460166],[-114.57500307530529,42.16091670226621],[-114.57506685551357,42.161314937682256],[-114.5757318221792,42.162098967889335],[-114.5762336378034,42.16300291267968],[-114.57679759405256,42.16410338767793],[-114.57733460446838,42.16528700017606],[-114.57779938259262,42.166573524132396],[-114.57800813988399,42.16712063663153],[-114.57889842113258,42.169272412669876],[-114.57931369821529,42.1704344720431],[-114.57939565029852,42.17087749287573],[-114.57944425863178,42.17126132620851],[-114.5793885169652,42.17201387099897],[-114.57908194821567,42.173675672038044],[-114.57904179509069,42.17382558141279],[-114.57925107738208,42.17476424286968],[-114.57939877217349,42.17527421682725],[-114.57948964509,42.175827040784704],[-114.57958559821486,42.17720962411591],[-114.57982313154781,42.17781573973995],[-114.5804848752968,42.17829050848923],[-114.58081304196298,42.178756740780194],[-114.58102790342097,42.17917837827952],[-114.581866893003,42.18109072515153],[-114.58214660237758,42.18166562827566],[-114.58293119508465,42.18298100952356],[-114.58319416487593,42.1835755199394],[-114.58321769404256,42.1839323386888],[-114.58330664820909,42.18526730431175],[-114.58340453050062,42.18660450847632],[-114.58345191487552,42.18752559180821],[-114.5842613732076,42.19121828451084],[-114.58644251799592,42.19470556783875],[-114.58815224924325,42.1963523959612],[-114.58916177320003,42.19763131575089],[-114.58934789403304,42.198574165749385],[-114.58947145861617,42.201798441786075],[-114.58974905549076,42.20549073344699],[-114.58970095861582,42.207218151152645],[-114.58987499819892,42.209715844898774],[-114.59009119715688,42.211417134479504],[-114.5900831752819,42.2136302980177],[-114.58989547632387,42.21499318551559],[-114.58951696694947,42.217945279261016],[-114.58880512111722,42.22043028446547],[-114.58748393049429,42.22382335841857],[-114.58726803882797,42.2248537813336],[-114.5868830096619,42.22566232195744],[-114.58668077632888,42.2262639938314],[-114.58668030862054,42.226265402164735],[-114.58618256382965,42.229316215701736],[-114.58674752945376,42.233191811529075],[-114.58669217737048,42.23490367923464],[-114.58690797632852,42.23643675944062],[-114.58837916174286,42.23981350735205],[-114.58885379403381,42.240553789642625],[-114.58987158257389,42.24321773963847],[-114.59130417840505,42.24592808755091],[-114.59173481486268,42.24681286046624],[-114.59259487631965,42.24827909275557],[-114.59273369090278,42.24889865421299],[-114.59295782944412,42.24973767712835],[-114.59317338569377,42.250544510460465],[-114.5932510638187,42.250700650043505],[-114.5933834284018,42.250966732334774],[-114.59441570444187,42.25245639066579],[-114.59533442839876,42.25295940733171],[-114.59695801797955,42.25362227608063],[-114.59770774714508,42.254150365663115],[-114.59872152214348,42.255336751077955],[-114.59940103568414,42.25623328545155],[-114.60047152943247,42.25808914899034],[-114.60138391797273,42.261316602110334],[-114.60238909297112,42.26312704377424],[-114.60430759505154,42.26446310210552],[-114.6064362158815,42.26677930626857],[-114.6098165721263,42.26879153543205],[-114.61156307212354,42.27103918334526],[-114.61381924191176,42.272679920842705],[-114.61462089086884,42.27319153021695],[-114.61559434711734,42.273597752091334],[-114.61864872315427,42.27487225625601],[-114.6203768221099,42.27577795208785],[-114.6212974627335,42.276156000003986],[-114.62283539502272,42.277134223960765],[-114.62454412002006,42.27893949791632],[-114.6269993564746,42.28153317603736],[-114.62832789605591,42.284474720824406],[-114.63290220021543,42.29216039268754],[-114.63330077625648,42.29246738331196],[-114.63412547417187,42.293102522894316],[-114.63280018875724,42.2952927405993],[-114.63224026063313,42.296625809347255],[-114.6322503710498,42.29763653851232],[-114.63327700958986,42.29997163746699],[-114.63350958667286,42.301725927047684],[-114.63330579813146,42.30284423329591],[-114.63245809709116,42.30407249266896],[-114.63153552209259,42.30498196662592],[-114.63126322000966,42.3064198395404],[-114.63020414709462,42.308021639537834],[-114.62936109397096,42.30972863849354],[-114.62997423980336,42.313715202029016],[-114.63045153459427,42.318447293688344],[-114.63067613771894,42.3194036405619],[-114.63147898667599,42.32083559680962],[-114.63277939188231,42.32183920722473],[-114.63500424708718,42.32209290305766],[-114.63622178979365,42.321979755141165],[-114.63708360020895,42.3221345686826],[-114.64266332936694,42.32800851554849],[-114.64929929498169,42.33190785304241],[-114.65429252830722,42.33634816449387],[-114.65683577517832,42.339578753030516],[-114.65757663976046,42.34186205406865],[-114.65774611267689,42.34436142073145],[-114.65907631684149,42.34813089468389],[-114.66148020954608,42.35168136447005],[-114.66994393661628,42.35849484779285],[-114.67313501473632,42.36177446862108],[-114.67896708556061,42.36812555715289],[-114.68065349701635,42.370589369649046],[-114.68308870951256,42.37232705922967],[-114.68450891471868,42.37297349152039],[-114.68648865950729,42.37350762381121],[-114.68740114075587,42.37377881964416],[-114.6878611042968,42.37391552068559],[-114.68901589596169,42.37425871547668],[-114.69078279804229,42.37454140193462],[-114.69354414282964,42.374967652975634],[-114.69531791157692,42.37528176755848],[-114.69637966261689,42.37533418214166],[-114.6968409313662,42.37539954776661],[-114.69685566157447,42.37540452901657],[-114.6970202574076,42.375460320683224],[-114.69704008553254,42.375467041516494],[-114.69730670636544,42.375618140474636],[-114.69744348032361,42.37587499359924],[-114.6975057396985,42.37626140714024],[-114.69772444178149,42.37761772797151],[-114.69773760115646,42.378806452969584],[-114.69774568032312,42.37953584255186],[-114.6980122209477,42.38056996234193],[-114.69821834803071,42.381631413381925],[-114.69900892198785,42.382815366505085],[-114.70001299594463,42.38352974462897],[-114.70115795635952,42.38271219567192],[-114.70244913656579,42.38193878108979],[-114.70482555843716,42.38153693734043],[-114.70615795218511,42.38119550713257],[-114.70674402510083,42.38038137900896],[-114.70750145322467,42.378602513386646],[-114.70762014697446,42.37726890088866],[-114.7087726469727,42.37606395505724],[-114.70997860530412,42.375291000891764],[-114.71122480113554,42.375112774850386],[-114.71230021780055,42.37504226443381],[-114.71365832092346,42.37522533110018],[-114.71521212612936,42.37558271859966],[-114.7173341313344,42.37591166026575],[-114.71901083654012,42.37595521234907],[-114.7199699907053,42.376045886307246],[-114.72150558861962,42.37630934255689],[-114.72340035319996,42.376361241515085],[-114.72387313028258,42.37629441859856],[-114.72466898444799,42.37577545089102],[-114.72642728444525,42.37552117172479],[-114.72829933340068,42.37565338214119],[-114.72952934798214,42.37593377380752],[-114.73214898964471,42.37663756234804],[-114.73428662193305,42.37662389047299],[-114.73601841984703,42.37618048839041],[-114.73774681567774,42.37544888943321],[-114.7394239969251,42.37553716443305],[-114.74220928233746,42.37585238526587],[-114.74395388441808,42.376507523806566],[-114.74614808858132,42.3771687113055],[-114.75161098648954,42.3774724821384],[-114.75290258127916,42.377479968596724],[-114.75419265002716,42.3773597738052],[-114.75612879481582,42.37726722276369],[-114.75772693648003,42.37742598109681],[-114.76103048647491,42.37840377692866],[-114.76341105209623,42.37838794776195],[-114.76567192709268,42.378516945678435],[-114.76754462813147,42.37868457276151],[-114.7687182343796,42.37881136859464],[-114.76930190521205,42.37901492588597],[-114.77118971458412,42.38024708213408],[-114.77144976250037,42.38038896963385],[-114.77211897395769,42.38054405713368],[-114.77291772395643,42.380730187341655],[-114.7731954593727,42.38082296338327],[-114.7736058302054,42.38104868421615],[-114.77370913228854,42.381155792549336],[-114.77446201041236,42.38212337067283],[-114.77553019061907,42.383043763379796],[-114.77583751978524,42.3833388779626],[-114.77644340832599,42.38385038212853],[-114.77676944165883,42.38410352275313],[-114.7770745354083,42.38440468733596],[-114.77795778124027,42.38583717275039],[-114.77818031353162,42.386150875874954],[-114.77847933853117,42.386752247748944],[-114.77860246353094,42.38688649566548],[-114.77877430728068,42.38702941649855],[-114.77941765519637,42.387612595664365],[-114.78044008748647,42.38846744878799],[-114.78139341352666,42.388955700870554],[-114.78221322915032,42.38909374357873],[-114.78316043435721,42.389087275870324],[-114.78402072289754,42.38901755712043],[-114.78581834164477,42.388809559204084],[-114.78755445726705,42.38871660191264],[-114.78879252393182,42.38862702795441],[-114.78935131768094,42.388623181079474],[-114.78978921247193,42.38866518732936],[-114.79014238851306,42.38873481545423],[-114.79050819163746,42.38884036024573],[-114.79130220726124,42.38918611545349],[-114.79166934580235,42.389399731078214],[-114.79220863017652,42.38977425503596],[-114.79304287288352,42.39041691440998],[-114.79349572288281,42.390683967534514],[-114.79378864788238,42.39079000607607],[-114.79584465517087,42.39100989982576],[-114.7974499228767,42.39113384982549],[-114.7981547447506,42.39114694774224],[-114.79922310933227,42.3910854602423],[-114.80007449683099,42.39116058420046],[-114.8012527759958,42.3911433529505],[-114.80142343016217,42.39118717899209],[-114.80161870932857,42.391257863367045],[-114.80197432703636,42.39151656440825],[-114.80211036349448,42.39170472274127],[-114.80228640203586,42.39217180711557],[-114.80271929057687,42.39277217482299],[-114.80296870411816,42.39327477065551],[-114.8038450416168,42.394349332112235],[-114.80411553119967,42.39459960502851],[-114.80474086765707,42.395045513361104],[-114.80517046244806,42.395384728985555],[-114.80687774682042,42.39682268106668],[-114.80755520931933,42.397538395648944],[-114.80802440411031,42.39812046960631],[-114.80816079994344,42.39833565814771],[-114.80821345827667,42.398650496688866],[-114.80823542806831,42.399415870645946],[-114.80820209786005,42.39965923418726],[-114.80811924056849,42.39983094460375],[-114.8077966114023,42.400256488353065],[-114.8069716645286,42.401306984184714],[-114.80655620723756,42.402075415433565],[-114.80641513432114,42.40244566022456],[-114.80628930723799,42.403058940432025],[-114.80604304994671,42.403754144597585],[-114.80604639369672,42.40401529147221],[-114.80611139786328,42.40434804563837],[-114.80636468223787,42.405147813345444],[-114.80655349682092,42.40560960917803],[-114.80663391869574,42.405947396677504],[-114.8068388447371,42.4067691820929],[-114.80706679577843,42.40722035605052],[-114.8071254947367,42.407466908133486],[-114.80729342911145,42.40756862896665],[-114.8075197280694,42.40756703730002],[-114.80765442494419,42.4075660873],[-114.80771903431912,42.40760993209161],[-114.8081584884851,42.407891824799535],[-114.8088865624423,42.408360048757096],[-114.809702371816,42.40904434771432],[-114.81036831035664,42.40936136750553],[-114.81084559264758,42.40961915917186],[-114.81113979368878,42.409815210213225],[-114.81130044473021,42.41002120187954],[-114.81137623743844,42.41024580917083],[-114.81141374889671,42.41052975292042],[-114.81141661452169,42.41055173417037],[-114.81142148848,42.41092995291976],[-114.81136378743845,42.411164510211044],[-114.81123337285533,42.411417600835705],[-114.81101811035565,42.41168929562695],[-114.81059741868962,42.41205252062639],[-114.81046571868985,42.41220655812612],[-114.81038331556493,42.412414269584126],[-114.81023274473188,42.412991715416545],[-114.80991157494071,42.413534341457414],[-114.80981714369084,42.41375115499871],[-114.80985760410744,42.41429321958124],[-114.81001390306551,42.414723019580585],[-114.81053795618972,42.4152778924963],[-114.8108448020226,42.415690667495724],[-114.81138007285506,42.41619870811993],[-114.81158850306309,42.416341338328046],[-114.81176109577116,42.416529260202786],[-114.81192257910425,42.41679828624394],[-114.8121126551456,42.41740032270143],[-114.81247392389503,42.418082202908714],[-114.81293676347764,42.41909659665705],[-114.81317349264395,42.41954521019809],[-114.81389106764284,42.42052176957154],[-114.81430116451719,42.42121232269549],[-114.8148932822246,42.4218835529028],[-114.81537277701557,42.42230341956882],[-114.81578964993156,42.42257964352671],[-114.81616900930595,42.422775070609745],[-114.81791502701162,42.423375024775446],[-114.81834324576094,42.42358811540013],[-114.81932696034272,42.42445463831545],[-114.82064124159068,42.425498950813825],[-114.82177054263065,42.42633740602088],[-114.82293527908712,42.42709453414474],[-114.82347501971128,42.42746892685246],[-114.82456842595963,42.428343652892764],[-114.82605588741562,42.42960276643249],[-114.82685333012273,42.430155388306616],[-114.82735515824697,42.43041294038951],[-114.82802691241255,42.43065123830584],[-114.82881057699467,42.431077871638536],[-114.82906668220262,42.43113905393013],[-114.8297436999099,42.431147709138386],[-114.83004696761778,42.431273190388175],[-114.83046148428377,42.43181341851243],[-114.8308048207416,42.43203605913702],[-114.83165294990692,42.43247738830304],[-114.83239307386414,42.43274039351096],[-114.83397536240334,42.43346302163479],[-114.83536190302617,42.434043418508885],[-114.83707245198184,42.43468527059127],[-114.83826536656335,42.43528300913196],[-114.83887474364575,42.43574136850631],[-114.83955215406132,42.4364545789218],[-114.84001180822732,42.43699382579599],[-114.84041246656,42.43729417787884],[-114.84120115405881,42.43763396121167],[-114.84231469155708,42.43816612266921],[-114.8441360269709,42.43889120704312],[-114.84456344467856,42.43903215912616],[-114.84500270821957,42.43914600600099],[-114.84689193321663,42.43949229454208],[-114.84768494675707,42.4396935570418],[-114.84885874883854,42.440180186207726],[-114.84989761862863,42.4405777393321],[-114.84991110821193,42.4405834966238],[-114.85019417071152,42.440679485165305],[-114.85132042279311,42.44102864141471],[-114.85145354154287,42.44110653933127],[-114.85178187279234,42.44129866120598],[-114.85201370820869,42.44150767474729],[-114.85235766862479,42.441766286205244],[-114.85275196758256,42.442150601829674],[-114.85349768841469,42.443230040369656],[-114.85402388008056,42.44389641016028],[-114.85441820612164,42.44437225286791],[-114.85464315195458,42.44446994870107],[-114.8546634165379,42.44448392578435],[-114.8549986342457,42.44463725390912],[-114.85550915611992,42.44478926953387],[-114.85631934674365,42.44519580286657],[-114.85647502799344,42.44533426849134],[-114.85651742799338,42.44543667994955],[-114.85669429674307,42.44592169244879],[-114.85675922174295,42.446227397656656],[-114.85673897695138,42.44652475807288],[-114.85655249570165,42.447120524738644],[-114.85650818007669,42.44743606432143],[-114.85652254257667,42.44759806223789],[-114.85673421757635,42.448296905986815],[-114.85724840611721,42.4491056164022],[-114.85751923528346,42.45023834140047],[-114.85781902799135,42.45082147160787],[-114.85823051340735,42.451565891398346],[-114.85839632486547,42.452132009105824],[-114.85848402694866,42.45232049139723],[-114.85897769882286,42.4528481309797],[-114.85928932694738,42.453404146603845],[-114.85944912382212,42.4535290351453],[-114.8596332384052,42.45365373931178],[-114.8613332654859,42.45435243097739],[-114.86199312173484,42.454581636185395],[-114.86287137590017,42.45477315181004],[-114.86384604777363,42.45490089555985],[-114.86521210610489,42.45518777889276],[-114.86649154256123,42.45536724035085],[-114.86727366130997,42.455640509100384],[-114.8678377706841,42.455978469516566],[-114.8682404581835,42.45607448201639],[-114.86899539359898,42.456140802849596],[-114.8693355238068,42.45611120701635],[-114.86989278630593,42.45595387368327],[-114.87150538422009,42.45559941222547],[-114.87177155817803,42.45549832472563],[-114.87214538942743,42.45527031639264],[-114.87232716859381,42.455223912226],[-114.8726680363016,42.45524833514264],[-114.8736935238,42.455528727850535],[-114.87399991546624,42.455697479933626],[-114.87454123213206,42.45614364139127],[-114.87464091442355,42.456314024724364],[-114.87469531754846,42.45672786430701],[-114.87528766858922,42.4573447361811],[-114.87593583837985,42.45766348513892],[-114.87628220296268,42.457772552847096],[-114.87671721442035,42.45805649243],[-114.87697915712822,42.45829387576296],[-114.87728474046112,42.458515524720916],[-114.87734929983601,42.45856234972089],[-114.87804426337658,42.4589400507619],[-114.87748929983583,42.45932732263633],[-114.87706385087814,42.45972956117742],[-114.87667816233703,42.459892102843774],[-114.87618716337948,42.46023100180161],[-114.87599515296313,42.460416907009645],[-114.8758565123383,42.46063653200931],[-114.87565317900533,42.46088124971724],[-114.87537671546409,42.46111750909185],[-114.87506353004791,42.46133604659153],[-114.87467734254854,42.46155511950785],[-114.87333645088393,42.46221378096516],[-114.87287767171796,42.46246042054818],[-114.87246778526027,42.46272469242272],[-114.87215521130241,42.462988275755684],[-114.8714109258869,42.46369637158791],[-114.87119550609556,42.46395017575418],[-114.87104051130416,42.46417649971217],[-114.87093404047097,42.46439345387843],[-114.87086395088772,42.464601130961505],[-114.87085501755445,42.464835343461125],[-114.87087081651278,42.46509639137736],[-114.87107741026243,42.46577015283459],[-114.8712272540122,42.4662588403339],[-114.87138163838694,42.46702902887439],[-114.87160418526162,42.467532712206975],[-114.87218972276071,42.46810331533106],[-114.8724729873436,42.468353323663976],[-114.8728533977597,42.46859358928864],[-114.87328223630067,42.46881547157992],[-114.87448210713211,42.46937369553741],[-114.87480085817332,42.46955136741204],[-114.87508313108951,42.46972933720347],[-114.87563686025534,42.4701843965778],[-114.87614247275457,42.47067586532708],[-114.87662375608717,42.47116749553464],[-114.87703205191985,42.471659699700524],[-114.8773796831693,42.47216135282477],[-114.87762872796061,42.4725737163658],[-114.87776821025206,42.4729779153235],[-114.87810983837649,42.47392089969702],[-114.87833508629278,42.47436945282127],[-114.87859683004241,42.47481776740392],[-114.87945319879111,42.47602697052704],[-114.87971505504066,42.47648426844303],[-114.87997821233193,42.47703159969215],[-114.880380732123,42.477974123649076],[-114.88098713837205,42.479572502813305],[-114.88125397899661,42.48038096843699],[-114.881421995663,42.48108212989422],[-114.88148875503794,42.481504887185224],[-114.88154398628784,42.4819727726012],[-114.88159629253778,42.48309811009942],[-114.88160145191273,42.484331838222516],[-114.88155019774615,42.48588126322014],[-114.88150189045456,42.48677319446871],[-114.88150846545454,42.48724143196798],[-114.88158549878777,42.48752902780096],[-114.88168636232928,42.48778041634215],[-114.88183617170404,42.48804944759176],[-114.88233371545327,42.48882011113219],[-114.88244639878646,42.48904439029854],[-114.88254790295294,42.48934079342309],[-114.88267629357775,42.489817119464014],[-114.88275535711928,42.490248776754946],[-114.88277285503592,42.4906268861294],[-114.88274154357767,42.49099637362882],[-114.88261406024452,42.49144764758652],[-114.88242592586982,42.4919173840441],[-114.88221185399516,42.492270242376904],[-114.88192501441227,42.4926417132096],[-114.88149343212126,42.493104323625566],[-114.88076106441406,42.493812405916074],[-114.8804119873313,42.494085272582424],[-114.87953243004098,42.494713419456446],[-114.87913555920825,42.495049671539235],[-114.87895556650017,42.49523117570556],[-114.8787883623338,42.49545760070527],[-114.87863382275071,42.4957199527882],[-114.87847943525094,42.49599131945441],[-114.87830218420955,42.49637092466218],[-114.87816184150142,42.496777247578216],[-114.87803416650159,42.49721951528582],[-114.8779314415018,42.49770660903508],[-114.87790163941851,42.498184147576055],[-114.87792714462677,42.49913856736629],[-114.87792053733511,42.49953486528231],[-114.87779936546032,42.500445391322515],[-114.8776511394189,42.501157976738064],[-114.87748857171078,42.501717572570584],[-114.87727657483612,42.50222352361144],[-114.8770392248365,42.50265762777741],[-114.87672886233696,42.50309227048509],[-114.87546008421396,42.50462395902437],[-114.87512449463112,42.504995746523726],[-114.87464397484023,42.5054497027731],[-114.8740059852579,42.505958901730565],[-114.87265605921829,42.506914785062406],[-114.8721493050524,42.507233848603626],[-114.87166647380313,42.50752570485322],[-114.87136446026199,42.5076901090196],[-114.87107426442908,42.50782741214439],[-114.87000886443076,42.508240751727115],[-114.86962177588971,42.50841481006012],[-114.86934371026514,42.50855200380992],[-114.86871595818275,42.508925992351045],[-114.86841431026653,42.50911740172565],[-114.8681976029752,42.50929016422549],[-114.86804174047546,42.509462451725206],[-114.8679466217256,42.509625270474906],[-114.86788899047572,42.50985985380788],[-114.86789297797573,42.51014800693242],[-114.8679742342256,42.510741782973184],[-114.86807239568374,42.51167763401335],[-114.86821849360018,42.512559100678715],[-114.86839652380827,42.51310710067789],[-114.8688236915159,42.51406747671807],[-114.86895038109907,42.51442674338416],[-114.86906505089053,42.51479511838359],[-114.86910606651549,42.51511901004972],[-114.86907378526551,42.51542544129926],[-114.86896884568233,42.515759462132074],[-114.86881586130762,42.516138849631496],[-114.86831584880838,42.5169531683802],[-114.86813824880863,42.517314741296346],[-114.86799740193385,42.517694055879126],[-114.86794140297565,42.51804570483688],[-114.8679971988089,42.51855860796104],[-114.8681964946419,42.51976387566752],[-114.86830563943342,42.52149215274814],[-114.86838841964159,42.5221939787888],[-114.86846570818314,42.522499575663296],[-114.86856782693299,42.5228410287877],[-114.86902179672394,42.52397230586934],[-114.86917361130703,42.5243853964937],[-114.86927676339019,42.524798899618006],[-114.86933070401511,42.52517671628413],[-114.86932278005678,42.5254829985753],[-114.86926601234859,42.52578061419986],[-114.86917249984873,42.526060507949424],[-114.86888966651583,42.52673807878176],[-114.868773066516,42.52710819232272],[-114.86877718318264,42.52740534232227],[-114.86882316964089,42.528089441279604],[-114.8687907842243,42.52838687982083],[-114.86869711339115,42.5286577673204],[-114.8683879446416,42.529191440236225],[-114.86829364464171,42.52941729440253],[-114.86818919776694,42.52978732981867],[-114.86815616964198,42.53002392877657],[-114.86822036547517,42.53043736106768],[-114.8684854560998,42.53088220377524],[-114.86896498214071,42.531229667316424],[-114.8692719113069,42.53157843814922],[-114.86923074672364,42.53172237981562],[-114.86893488214078,42.53217147877324],[-114.8686582217245,42.53273761210579],[-114.86845500297484,42.53315345898004],[-114.8682036779752,42.533470567312946],[-114.8678555821424,42.53383343085402],[-114.86667692797761,42.53489602147735],[-114.86550756443775,42.53575139126765],[-114.86514614985498,42.53603330376729],[-114.86390715819022,42.5371413412656],[-114.86355876444077,42.53748619751499],[-114.86329483735784,42.53777636730624],[-114.86312783423305,42.53802978813918],[-114.86303340714989,42.53824664230554],[-114.86302384152492,42.538435832930155],[-114.86306198214986,42.538552614180105],[-114.86310007694146,42.53860756313829],[-114.86313651652472,42.538660129804825],[-114.86324748319123,42.538758355846326],[-114.86341931756596,42.53885612251285],[-114.86371333110719,42.538979985012666],[-114.86454578423088,42.53929791417888],[-114.86729919255993,42.54027509855232],[-114.86901074047398,42.54074107667659],[-114.8696589988063,42.5409432829263],[-114.87105443213744,42.54145502667558],[-114.87165362901153,42.54163057355031],[-114.87203259880259,42.541735770425035],[-114.87252120609351,42.541840113133325],[-114.87365616650841,42.542011568341344],[-114.87535171338078,42.54220576729933],[-114.87639972900416,42.5422517975076],[-114.87679003525358,42.542293831882525],[-114.87718109150296,42.542389880840766],[-114.87735258525267,42.542460648549],[-114.87749996129412,42.542549578757104],[-114.87779499879366,42.54274544125684],[-114.87832508525118,42.543200666256126],[-114.87857124670909,42.543387897505845],[-114.8798123092072,42.54417088396295],[-114.88083139566396,42.54475742354538],[-114.88110208837185,42.54495346312841],[-114.88141046441302,42.545230276669635],[-114.88183123212072,42.54570434021061],[-114.8822040362868,42.5462328152098],[-114.88234220399492,42.546528935000985],[-114.88265817378613,42.54734602874973],[-114.88285761128577,42.54766869749925],[-114.88309393524378,42.5480180954153],[-114.8833543779517,42.548349294373175],[-114.88361432899296,42.548644473539376],[-114.88400924357569,42.5490106693721],[-114.8843663592001,42.54928709958007],[-114.88479617378277,42.54953592041295],[-114.88497999253252,42.54961556416286],[-114.88517575086554,42.54967709228777],[-114.88564007898981,42.54978156832923],[-114.88664063211326,42.54990892666242],[-114.88705572065432,42.54997775895396],[-114.88750825607025,42.55010933395376],[-114.88814470502757,42.55032954749508],[-114.88886776127646,42.55063913916124],[-114.88960424044201,42.55103869020233],[-114.89015701752446,42.5513675995768],[-114.89056355085718,42.551688641242954],[-114.89078609981514,42.55192105686757],[-114.89096524877321,42.552187619367174],[-114.89169808210538,42.552859274574416],[-114.89209142272979,42.5533240829071],[-114.89255766543745,42.55397026832278],[-114.89292179147849,42.55485118186302],[-114.89299876752006,42.555318450612354],[-114.89297473522845,42.5560984204028],[-114.89272763731213,42.55664687352694],[-114.89265861127058,42.5568000891517],[-114.89206926856315,42.55735051623421],[-114.89119064564784,42.55809581831634],[-114.89063624044041,42.558514392274034],[-114.88946434252559,42.55919892143964],[-114.88864361231852,42.559736634980524],[-114.8879417175279,42.560066275604996],[-114.88712918107086,42.560324729771295],[-114.88648541232186,42.56045579539601],[-114.88494099461587,42.560647838104025],[-114.88397922482574,42.560691300604],[-114.88356582899303,42.56074850789556],[-114.88333566961842,42.56084034539539],[-114.88328281336844,42.56088024331204],[-114.88311870711874,42.561004115186826],[-114.8829027519107,42.561239942269815],[-114.88271177899433,42.561520576644405],[-114.88255801128628,42.56184596518549],[-114.88187026545397,42.56318410893346],[-114.88100689253866,42.56502790580561],[-114.88079344983066,42.56544380476329],[-114.88065041962257,42.565670048512914],[-114.88045894253952,42.56591468288756],[-114.87931962483293,42.56720222142726],[-114.87899625608343,42.5676009620516],[-114.87851779983419,42.568235036008936],[-114.8780759310849,42.56886882559127],[-114.87763526962726,42.56959264850685],[-114.87672938004535,42.57106798079622],[-114.87567313838031,42.57273578808532],[-114.87531503421417,42.573376882875955],[-114.87434056754903,42.57446288287427],[-114.87416119046594,42.57470741516557],[-114.87379219150819,42.5753316109979],[-114.87367236338338,42.575476644331005],[-114.87352792692532,42.575603810997514],[-114.87337141234217,42.57574007974732],[-114.87311731234257,42.57586809953877],[-114.87228128213552,42.57620766724662],[-114.8720030498443,42.57635388912138],[-114.87123799255386,42.57675932557911],[-114.87050855609664,42.57710000995355],[-114.86922460193192,42.57793962245224],[-114.86861328734959,42.579013501617226],[-114.8683687977666,42.58006864536557],[-114.86838019984994,42.58244643390356],[-114.86838883630827,42.58306876515257],[-114.86839348734992,42.58340386619371],[-114.86872270609939,42.58378439015148],[-114.86914122797373,42.58437266723388],[-114.8693414581818,42.58474937035831],[-114.8699162706809,42.585771668273416],[-114.87072412797131,42.58690023806331],[-114.87084924880446,42.58713342660463],[-114.87094973734595,42.58734880368762],[-114.8710791290124,42.58788816097846],[-114.87112221026234,42.58835613389435],[-114.8710664279708,42.58872578285211],[-114.87100786859588,42.588897326601824],[-114.87091301859601,42.58908716618488],[-114.87074578838794,42.58933159847619],[-114.87053047067992,42.58962141305912],[-114.87002624359742,42.59017458597495],[-114.8697257144312,42.59047404847447],[-114.86917176026537,42.590955555765326],[-114.86847168318313,42.59144716305625],[-114.86820573110022,42.5916022807644],[-114.86795127901728,42.59171229013917],[-114.86774534672595,42.591803888055686],[-114.8675386633929,42.591841492222294],[-114.86733173110157,42.59186105993059],[-114.86708800818523,42.59186290368058],[-114.86596580922865,42.59179935263908],[-114.86568574777078,42.59181946826402],[-114.86547933422948,42.591875067222254],[-114.86538244360457,42.59192084118052],[-114.86528595297972,42.59199360888878],[-114.86510601339671,42.59220209013843],[-114.86496374152193,42.592491343262985],[-114.8648467446471,42.59284345055405],[-114.86478953214719,42.5931140609703],[-114.86476890818886,42.59338437763656],[-114.86476006131392,42.59362760159452],[-114.86478755923055,42.593852537010825],[-114.86483894568875,42.5940412672189],[-114.8649144217303,42.594211801593666],[-114.86502598527183,42.59434603909342],[-114.8651615227716,42.5944530943016],[-114.86534559464631,42.59454174534313],[-114.86560290193756,42.5946388620096],[-114.86780537797584,42.595252603675334],[-114.86811168839205,42.595367358883465],[-114.86844278839152,42.59550893492494],[-114.86878652484933,42.595686445341386],[-114.86916720193203,42.59589067971605],[-114.8700033529724,42.59641567450688],[-114.87037288734685,42.59669204429812],[-114.87102662380414,42.59724541929733],[-114.87132202067869,42.597450312005265],[-114.87150596963676,42.59752995367184],[-114.87170196859479,42.59760050471342],[-114.87253275817683,42.597738276588146],[-114.87285092067634,42.59782591617133],[-114.87301035921774,42.597896741171255],[-114.87323188317572,42.59804815262937],[-114.8733554008839,42.59816427346249],[-114.87340540713383,42.59825395262904],[-114.87340666442549,42.598344001587265],[-114.87333492900893,42.59844360887876],[-114.87277955296811,42.59882608075314],[-114.87267110609326,42.59891696616971],[-114.87261143213505,42.599007483877884],[-114.87252900088517,42.59921522971082],[-114.87248351963524,42.59944971616879],[-114.87247522901026,42.599728960960114],[-114.87250362276016,42.60001692137622],[-114.87254294880184,42.60021474429261],[-114.87263128630168,42.60043021095901],[-114.87303364046772,42.601309705749266],[-114.87318404463417,42.60160573908215],[-114.87339569150883,42.60191932658168],[-114.87399103629957,42.602653248455496],[-114.87441403525725,42.60326240157962],[-114.87457653421528,42.603549341162484],[-114.87465305609021,42.60379189845375],[-114.87469390504845,42.604097784911616],[-114.87468603421515,42.60440403907777],[-114.87461727588192,42.60471975261896],[-114.87451201442377,42.60503575157679],[-114.87435739984069,42.60531611720136],[-114.87408085296607,42.6055883817843],[-114.87400018525788,42.605638179700904],[-114.87337785296715,42.60550541615942],[-114.87207140505257,42.60517746928495],[-114.87154403422005,42.6052074713682],[-114.8709854685959,42.605523630742745],[-114.87087696026269,42.60566252657589],[-114.87053606442993,42.606098878658464],[-114.8703325685969,42.60664627136597],[-114.87031330505529,42.60779008490594],[-114.87039235401348,42.608413301571616],[-114.87057515401318,42.608905771362465],[-114.87082469567945,42.60913780469544],[-114.87096833213758,42.60934465365346],[-114.87086603526272,42.6095793619865],[-114.8704837123467,42.609920170319235],[-114.8702450165137,42.61046782656839],[-114.87024231963869,42.610511933860025],[-114.87028555505533,42.610561374484895],[-114.87027675401367,42.610804583859554],[-114.87047378318006,42.61182072344136],[-114.87053058942998,42.612396648440395],[-114.87045912797169,42.614270370312454],[-114.87048187068002,42.61502665781134],[-114.87034396026354,42.615631064060366],[-114.87031302484695,42.61603657655975],[-114.87025558526368,42.616289157809334],[-114.87011356026392,42.61659643280886],[-114.86989784359758,42.61686825155847],[-114.8699354258892,42.61694000259999],[-114.87014494255556,42.617100513016425],[-114.87018252797213,42.61717226926637],[-114.87017109880547,42.6172263953079],[-114.8700268092224,42.61737157239096],[-114.87001573005573,42.617452713015915],[-114.87000706026406,42.61770493697387],[-114.86996092380582,42.61789441509855],[-114.86958030401475,42.61858171822242],[-114.86953364255646,42.61873517030558],[-114.86947644984826,42.61900576718016],[-114.86941725088998,42.619132293221654],[-114.86928627172352,42.6193584296796],[-114.869010971724,42.619729755720684],[-114.86891469464076,42.61982054426219],[-114.86869711026611,42.6199572734287],[-114.86862492172457,42.620029842178546],[-114.8685897415163,42.62012919009502],[-114.86854473214134,42.62039970363633],[-114.86847877068313,42.6206511703026],[-114.86824354255852,42.62082849842735],[-114.86796638526725,42.62089939217715],[-114.86761403005949,42.620992118218716],[-114.86745666651802,42.62107435051026],[-114.86719205714341,42.6213375348848],[-114.8667577477691,42.6216740213427],[-114.86664999985258,42.621818933842455],[-114.86656714360278,42.6219996609255],[-114.86652112693615,42.622198127591865],[-114.86654874256112,42.622432077591526],[-114.86665030089425,42.622719486966055],[-114.8668756456856,42.623141043215384],[-114.8669152311022,42.62335688279842],[-114.86691013631054,42.6238702557143],[-114.86678600818573,42.624591617171426],[-114.86673354464415,42.62520439217049],[-114.86675297797744,42.62572657654466],[-114.8668301456857,42.626014178627635],[-114.86691737693553,42.626148596335725],[-114.867065440477,42.626273553627165],[-114.8678034665175,42.6267272452932],[-114.86885142797423,42.62754782133361],[-114.86925720401524,42.62778790258316],[-114.86963723005631,42.62792909529124],[-114.86988781859759,42.62797992445788],[-114.87006527484733,42.6280159077911],[-114.87061448838813,42.6280477525828],[-114.87173671234473,42.62806624216611],[-114.87295560296786,42.6280209369578],[-114.87349240400869,42.62803484841614],[-114.87421309150756,42.628119408832646],[-114.8750689487979,42.62827497341578],[-114.87558514358876,42.62855920779032],[-114.87629996546264,42.62909408278951],[-114.87702939254483,42.629799931746675],[-114.87781891546031,42.63025100153773],[-114.87842802691766,42.630533593203886],[-114.87917039149987,42.63107049424473],[-114.87954607170758,42.631658086952164],[-114.87965083108242,42.632293943201134],[-114.8800111217069,42.632820956742016],[-114.88082828837231,42.63368822861574],[-114.88175010816252,42.634689264030776],[-114.88279961753591,42.635542953612784],[-114.88462297378305,42.63761948590132],[-114.884675295658,42.637666745276206],[-114.88506087274074,42.63801506923397],[-114.88575698732296,42.63832886298352],[-114.88601140086422,42.638416105691725],[-114.88652904461343,42.63859362756641],[-114.88677735398807,42.638724040066236],[-114.88710761544587,42.639068473399014],[-114.88713262377918,42.63930766298195],[-114.88698405711273,42.63950031402336],[-114.88636022898868,42.63971260881461],[-114.88614515503069,42.63980556818947],[-114.8859090737811,42.639907602564435],[-114.88558986128157,42.64026116402217],[-114.8854875300317,42.64058658797993],[-114.8851898456572,42.64101431922935],[-114.88480554982442,42.641352420270394],[-114.8842708685753,42.64175551610317],[-114.88358646336798,42.64227147756072],[-114.88248171441137,42.64363648380857],[-114.8819537581622,42.64451827859887],[-114.88129406337157,42.64681476505366],[-114.8812480206633,42.64701324005338],[-114.88134895399645,42.647246599427994],[-114.8815105550379,42.647461494219336],[-114.88189314566229,42.64777374838547],[-114.88208005191201,42.648051468176725],[-114.88203263732873,42.64857118796765],[-114.88188741128734,42.64900319317526],[-114.8816759873293,42.649339953591394],[-114.88129342274658,42.64980569629897],[-114.88116710608011,42.65004605254868],[-114.88124063941332,42.65021613379836],[-114.8812565019133,42.65025282650664],[-114.8813909289964,42.650586929631146],[-114.88135332691314,42.650986179630465],[-114.88129458524656,42.65117344838028],[-114.88140309774639,42.65144860567143],[-114.88125673837163,42.651800820254266],[-114.88106803733025,42.65221719421191],[-114.88050856962282,42.652659043169585],[-114.8802931696231,42.65282915358597],[-114.8799407769153,42.652930921294136],[-114.87980812170719,42.65304002025229],[-114.87968828629073,42.6531940421271],[-114.879275440458,42.653332285876864],[-114.87884974566704,42.653425611918415],[-114.87861832379235,42.65345438795996],[-114.87793521337676,42.65345962337665],[-114.8777893404603,42.653496781709876],[-114.87769248837714,42.65355154733489],[-114.87766924671054,42.65363278066805],[-114.8776707665022,42.653740830667935],[-114.87784826337692,42.654216782750495],[-114.87792754462681,42.654648432749845],[-114.87794214046009,42.65481942129127],[-114.87791963421013,42.65495467233269],[-114.87782433004361,42.65511750045738],[-114.87764374879391,42.65528998691542],[-114.87703973525318,42.65571788274816],[-114.87645883212907,42.65605553066426],[-114.87632613525426,42.65616460149751],[-114.87624279358774,42.65630934003885],[-114.87617211129617,42.65648997962199],[-114.87606801442132,42.6568960098297],[-114.87582179983838,42.65760934732853],[-114.8757171737969,42.657979381703036],[-114.8756613727553,42.65834902441076],[-114.87568240504693,42.658979259826445],[-114.87566156025531,42.65923157545104],[-114.8755561685888,42.65954759940881],[-114.87539016963076,42.65989106503338],[-114.87523486233933,42.660126390033014],[-114.87505499983956,42.66035289732425],[-114.8748386790066,42.66058869524061],[-114.87462185088192,42.660788467115296],[-114.87431986754905,42.661006910864984],[-114.87367841755002,42.66138104211438],[-114.87341228109211,42.66154516711411],[-114.87309860400929,42.66179971398871],[-114.87270090505153,42.66215396502987],[-114.87240016755203,42.662462429612624],[-114.87214798838573,42.66275253169557],[-114.87195640401103,42.66301514419522],[-114.8718260967196,42.66329531398642],[-114.8717326519281,42.66359320252756],[-114.87171226338643,42.66388153481878],[-114.87177843942798,42.66425026606824],[-114.87191730505275,42.66458240877612],[-114.87202936338595,42.66474365044249],[-114.87217769151074,42.66487761919228],[-114.87238722588542,42.665029106692074],[-114.87292825400954,42.66532217752489],[-114.87314989150924,42.66546456919142],[-114.87329805713398,42.66558951919115],[-114.87359543630014,42.66591144523231],[-114.87375721442493,42.666135352523696],[-114.87382148525815,42.66636901398168],[-114.8738373456748,42.66663005356459],[-114.8738143404665,42.6667293066894],[-114.87376654879989,42.66680169314766],[-114.8736703040084,42.666901487939164],[-114.8735007394253,42.66699283793904],[-114.8727238748432,42.667286942105214],[-114.87231066546883,42.667407160855035],[-114.87141038213692,42.667603132729674],[-114.87102131130416,42.66770515043791],[-114.8706449352631,42.66784309002101],[-114.87016013526386,42.66808091293728],[-114.86968790713958,42.668345656686895],[-114.86938550089003,42.6685370671033],[-114.86850493005807,42.66927320147709],[-114.86817884568359,42.669518831685096],[-114.86700903526872,42.670437576475315],[-114.86677738735243,42.67088617022459],[-114.86666138943593,42.671876484806425],[-114.86674067693582,42.67291319938813],[-114.86647219568624,42.673824873345026],[-114.86581179256227,42.674548007718975],[-114.86490752485531,42.67484209105178],[-114.86402023527336,42.67480091605187],[-114.86271963735875,42.67458729834384],[-114.8611341748612,42.674104507719555],[-114.8602888227792,42.673967234803186],[-114.85927179778076,42.673926992094884],[-114.85784521444964,42.673985561886475],[-114.85726222278386,42.67405375667799],[-114.85661610299321,42.67425009626102],[-114.85573604674455,42.67473543271863],[-114.85517970403707,42.67517047334299],[-114.85443046445494,42.6757346170921],[-114.85356959674796,42.676044250424944],[-114.85318077070686,42.676079062924934],[-114.85248809987463,42.67603634521663],[-114.85201385925036,42.67615158479973],[-114.85154179987609,42.67642639209099],[-114.85100529675192,42.67673359209055],[-114.8504413748778,42.677135471256534],[-114.85031106654465,42.67742461292278],[-114.85037968841954,42.67798246083863],[-114.85034845091955,42.67818338062993],[-114.84970167071226,42.678383730629626],[-114.84937389467109,42.67851223375445],[-114.84917306446307,42.67877393792068],[-114.8490266738383,42.679142072295086],[-114.84883703217196,42.67951052646119],[-114.84836992592267,42.68015233479358],[-114.8479088759234,42.68052776500133],[-114.84764797696545,42.68083943479253],[-114.84753079988229,42.68120053375024],[-114.8474623873824,42.681552255624744],[-114.84745069675745,42.682488912914934],[-114.84750184154899,42.68265963166467],[-114.84771363217368,42.68297325978919],[-114.84787717904844,42.68333226603861],[-114.84817195821466,42.684365728537074],[-114.84828451758949,42.68456301291179],[-114.84844598529753,42.68476893166138],[-114.84839900508928,42.68490436082789],[-114.84826695613117,42.68506745457761],[-114.84812172592301,42.685158571244116],[-114.84782965196518,42.68522377332743],[-114.8476840582154,42.685287886868956],[-114.84635187071746,42.68606320978442],[-114.84553777176042,42.686339380617284],[-114.84538129259397,42.68635879624223],[-114.8447563342616,42.68616086603424],[-114.84426463530407,42.686058102492716],[-114.84373814572155,42.68619533270086],[-114.84280241447301,42.68626049728408],[-114.8426654457232,42.68623873790909],[-114.84164629051645,42.68652113686711],[-114.84133175093359,42.6867305837417],[-114.84104136343404,42.6869218368664],[-114.84086059364266,42.6870942618661],[-114.84068067905957,42.68732971915742],[-114.84005798322721,42.688225835822706],[-114.83967418531114,42.688732960821916],[-114.83941014364491,42.68906809415474],[-114.83912095927037,42.68934938894603],[-114.83883127697914,42.68959466602896],[-114.83821434260511,42.69001343686159],[-114.8379605551055,42.69020441394461],[-114.83778000510574,42.690394848319336],[-114.83740777593965,42.69085684623531],[-114.83720291344002,42.69105644206827],[-114.83700911239863,42.69116593477642],[-114.83655150927434,42.691583182692476],[-114.83608925302507,42.6917580233172],[-114.83542926031777,42.69178287540051],[-114.83514255198487,42.691912635817],[-114.83497264156846,42.69214793685832],[-114.83489067386023,42.69248898164944],[-114.83487218219364,42.69294662435704],[-114.83483808740198,42.693135973315066],[-114.83485297594365,42.69333399831473],[-114.83491555719354,42.693450603522926],[-114.83502685406835,42.693557873314454],[-114.83554316969258,42.69382425768897],[-114.83570626344232,42.69392713164713],[-114.83678665094067,42.694762949354256],[-114.83729990093985,42.69520422122854],[-114.83734309260645,42.695241361853505],[-114.83760543635604,42.69559903060292],[-114.83770487593922,42.69573459726941],[-114.83778107281411,42.69592420351913],[-114.83784334260567,42.69601380456057],[-114.83799214260547,42.696067333727214],[-114.83848455302133,42.69611024518548],[-114.83869309260432,42.696141611852056],[-114.838917683229,42.69626058685189],[-114.83895826135392,42.69631444518511],[-114.8389706342706,42.6963207535185],[-114.83916790302028,42.69646338372663],[-114.83945242385319,42.69674049101782],[-114.83986083114422,42.69726891601702],[-114.8399119665608,42.69737051393346],[-114.83997691551902,42.69749954309995],[-114.84014089676879,42.69767712434966],[-114.84033772801847,42.69775818268289],[-114.84063349780968,42.69782702434947],[-114.84088797072593,42.697956743099304],[-114.84091917385092,42.69806616914075],[-114.84091065197589,42.698233226432215],[-114.84090741655929,42.698296528515414],[-114.84088773947593,42.698379989973674],[-114.84067934468459,42.69902191913928],[-114.84065091030963,42.69915362226411],[-114.84064525718462,42.69980071288807],[-114.84060717072641,42.69998025663778],[-114.84064276864297,42.700811220178174],[-114.84079910405944,42.70153952017705],[-114.84096511343415,42.70207863163457],[-114.84129439572531,42.70318757746612],[-114.84162037384982,42.70358673892385],[-114.8417816530162,42.70377468475694],[-114.84220244884892,42.70420225663124],[-114.84281083322298,42.704389283714264],[-114.84344576238861,42.70440588475592],[-114.84443704884548,42.704304451422736],[-114.84500003113624,42.70430029933943],[-114.8457549259267,42.70435752746431],[-114.84618457488438,42.70471572746386],[-114.84630128113423,42.70481302225522],[-114.84642410613401,42.70486613788024],[-114.84698741446648,42.7049880493384],[-114.84758713946552,42.70509168892152],[-114.84819082488129,42.70514204308814],[-114.84900652592165,42.70535515454607],[-114.84910859467153,42.70539007537941],[-114.84942477696268,42.70549825767098],[-114.84972609362887,42.705788433712044],[-114.84999215196184,42.706400521211194],[-114.85036531758625,42.707596631625975],[-114.85060287591921,42.70840625870802],[-114.85068684571075,42.70860795349937],[-114.85098463425192,42.70928664099835],[-114.85142842279295,42.71008825349706],[-114.85151620508448,42.710258698288506],[-114.85155643425105,42.71051955453812],[-114.85154842175109,42.710825806620996],[-114.85149177800115,42.711150424328764],[-114.85150414258447,42.71121385870364],[-114.85196206654211,42.71160620036975],[-114.85213498112519,42.71174900974454],[-114.85238326654144,42.712044337869116],[-114.85270701654095,42.71250120036834],[-114.8529797134155,42.71279636078459],[-114.85304248216539,42.712921973284416],[-114.85306962904036,42.713119865992375],[-114.85294184987391,42.713598130574994],[-114.85295308112387,42.71441816182373],[-114.85286230924902,42.71477135661483],[-114.85268788737432,42.7150650659894],[-114.85255111341615,42.71521228786412],[-114.85250936341623,42.715267455572416],[-114.85245895508297,42.715292048280666],[-114.85249130508294,42.71554714411359],[-114.85266380091599,42.71559040244691],[-114.85284844154067,42.7156970878634],[-114.8530817029987,42.715785406613264],[-114.85360791653954,42.7158625461965],[-114.85435514466339,42.716028088904515],[-114.8556404009114,42.716243611820865],[-114.85615575611894,42.71641987744561],[-114.85652632591002,42.71659806390369],[-114.85682519674288,42.71647763473715],[-114.85728537799218,42.71636780140402],[-114.85763219465828,42.71640776494568],[-114.85794811028279,42.716299004529134],[-114.85829229049064,42.71614748265438],[-114.85878014673985,42.71595232015464],[-114.85921146861413,42.7158426982799],[-114.85958801548863,42.71594626077964],[-114.85979301027993,42.716042342029496],[-114.86016889257105,42.71621851598755],[-114.86071856444516,42.71632077536236],[-114.8614969977773,42.71627236494582],[-114.86244854465082,42.71622264932088],[-114.86283624256686,42.7162197284876],[-114.86329053319118,42.716155279529374],[-114.86352944881583,42.71622657952919],[-114.86367240298223,42.716315079529146],[-114.8639509498568,42.71636027327903],[-114.86467345193904,42.71643993265389],[-114.86519102902156,42.716308353487456],[-114.86535911547963,42.71594535973802],[-114.8650926477717,42.7154579774471],[-114.86471372589727,42.715184217030895],[-114.86459595818917,42.71501488578112],[-114.86455360506422,42.714824875364755],[-114.86459667381416,42.714807520156455],[-114.86482605298043,42.714616667031756],[-114.86489657381367,42.71441801807375],[-114.86484623214712,42.7143103420322],[-114.86453746027257,42.714060519115954],[-114.86446143839773,42.71386297640787],[-114.86448037381435,42.71346658057518],[-114.86457901964752,42.71330529307543],[-114.8647268311056,42.71321486286722],[-114.864903722772,42.71310387224239],[-114.86490189777203,42.71297230036758],[-114.86476687068887,42.712885596201126],[-114.86465959152237,42.712656134743106],[-114.86467278839736,42.71253541495159],[-114.8647906665222,42.71245776911845],[-114.86501338110513,42.712434155576794],[-114.86514263735495,42.71243317849347],[-114.86572518318741,42.712529614951606],[-114.86595727589538,42.71253688057664],[-114.8675663258929,42.71232657120199],[-114.86799369464224,42.7123233326603],[-114.86915407068204,42.71234153057692],[-114.86991032901422,42.712281787868676],[-114.87089903005437,42.71224725245208],[-114.87131131963707,42.7123893514102],[-114.8720085092193,42.71272449411798],[-114.8726462060933,42.7129324191177],[-114.87366107067511,42.71328640870045],[-114.87401116546619,42.71356035245001],[-114.87425419254913,42.713789748283034],[-114.87439130921558,42.71391917536614],[-114.8748559185899,42.7141284107825],[-114.87499057067299,42.714135647240845],[-114.87554896233884,42.714165667032425],[-114.87621434358779,42.714288249323964],[-114.87828231337625,42.71565548161348],[-114.87880765608377,42.716077014946144],[-114.87945773420773,42.71715720348611],[-114.87975347899896,42.71766560348534],[-114.88008349358176,42.71855674827563],[-114.88098758628871,42.71923069514956],[-114.88214446024523,42.71941328994098],[-114.88318169045198,42.71929890660783],[-114.88398567690903,42.71901609202491],[-114.8847304300329,42.71862733577551],[-114.88504358732405,42.71832702327599],[-114.88570388732309,42.718087859734716],[-114.88593420086437,42.71801189515147],[-114.88636449148868,42.71786997119337],[-114.88717056232075,42.71773605973522],[-114.88767385086165,42.71751431806887],[-114.88784893315305,42.71736927119409],[-114.88814897377756,42.71693198161148],[-114.88825180919412,42.71666377952858],[-114.88850996023535,42.71655538265367],[-114.88989519981651,42.71666366598689],[-114.89024324877431,42.71669087015349],[-114.89084885189838,42.71666488473688],[-114.89116659460626,42.71656598577865],[-114.89122241127279,42.7165555899454],[-114.89225653522954,42.71622836807087],[-114.89337964251945,42.7160706649461],[-114.89427528626805,42.71614879202929],[-114.8946494487675,42.71626226390415],[-114.8959852300154,42.716667374320195],[-114.89708775918035,42.7170843055696],[-114.89810006230381,42.717246596194315],[-114.89893863834419,42.71736768473579],[-114.89965903730138,42.71729819515258],[-114.90054824875837,42.716929476403145],[-114.90115157271572,42.71675008577841],[-114.9016707310483,42.716729144111824],[-114.9023938977138,42.71685111494491],[-114.90364011646189,42.71722429411101],[-114.90511809979289,42.71765946390205],[-114.9066801924988,42.71792372119324],[-114.90762179666405,42.718031789943076],[-114.9078138945804,42.71803026702648],[-114.90865571228744,42.71796957015153],[-114.90941109978628,42.71784649619337],[-114.90948868520282,42.71782549827673],[-114.90996496332707,42.71759836181879],[-114.91106634145035,42.71698529619466],[-114.91134116540827,42.71689053056983],[-114.91164502269949,42.71678575140342],[-114.91238373415666,42.716682398278515],[-114.91261793936464,42.71667413265357],[-114.91280781019766,42.7166409232786],[-114.91384618623773,42.71661136494531],[-114.91471644977804,42.71692358890318],[-114.91597212998444,42.717934895151565],[-114.91766504144012,42.71924058369116],[-114.91819068310595,42.719661928482275],[-114.91868276852189,42.7197643722321],[-114.9192300508127,42.71969614931545],[-114.92006649351971,42.71966815139888],[-114.92122411122624,42.71989290452355],[-114.92206338934993,42.72005637535663],[-114.92391604351371,42.72044572639774],[-114.92501281538705,42.72045815348103],[-114.92729229246679,42.7204397211894],[-114.92936915288028,42.7203803284811],[-114.93087020079463,42.72041069514774],[-114.93147613933536,42.720405769106094],[-114.93210870183437,42.72025167535636],[-114.93253672475038,42.71992902119018],[-114.93270156433347,42.719374451399375],[-114.93294658099973,42.718393669109204],[-114.93325854454086,42.71802939827637],[-114.93371605079017,42.71774905765182],[-114.9340866664146,42.71744814098567],[-114.93408124141462,42.717086460777885],[-114.93373246016517,42.71691907744483],[-114.93329680287417,42.71673112744514],[-114.93236747370896,42.71633441598745],[-114.93178374662654,42.715892326404706],[-114.93139912891878,42.71525711807243],[-114.93136136329383,42.714661633698306],[-114.93115241016915,42.71419522015733],[-114.93077161850313,42.713815312866295],[-114.9303353549621,42.713584799325034],[-114.93013022267077,42.71337368370033],[-114.92995140287934,42.71299212953424],[-114.93000020079597,42.712395949326826],[-114.93050393933686,42.71134923578678],[-114.9309230143362,42.710430872246555],[-114.93160457996017,42.709701873289376],[-114.93188941433472,42.709503032664614],[-114.93285992266652,42.70875542849915],[-114.93357986745706,42.708664449332595],[-114.93405409453965,42.70872377016587],[-114.93433492370589,42.7087214816242],[-114.93468991641367,42.7087816191241],[-114.93545125391252,42.709063580582075],[-114.93578200182868,42.709132914956896],[-114.93692004036852,42.70929472745668],[-114.93709043203494,42.70925733474838],[-114.93719870495146,42.709148353498584],[-114.93726953620131,42.708985680582124],[-114.93726709765967,42.70882359724903],[-114.9370661778683,42.70845603058293],[-114.9370508580767,42.708249021208296],[-114.93716807786815,42.707923867042155],[-114.9374549882844,42.707516266001115],[-114.93751293203428,42.70730867433474],[-114.93752710703428,42.70722929933486],[-114.93774328515894,42.70661361704417],[-114.93768485599236,42.70624370871136],[-114.93744582474274,42.70616769100321],[-114.93688724349357,42.7059762493368],[-114.93686912161864,42.70590909204531],[-114.93686681953528,42.70575601079548],[-114.93690195807692,42.70565666496233],[-114.93696180078514,42.705575132670816],[-114.93748176640935,42.70523767537965],[-114.93767330182573,42.70498394413003],[-114.93807498724175,42.70408913163136],[-114.93856778828267,42.70276127955016],[-114.93863508203253,42.7023644951757],[-114.93862938411587,42.70198630767639],[-114.93857743203263,42.70177959830163],[-114.938362700783,42.701304087885774],[-114.9383062736997,42.700800237886526],[-114.9383830591163,42.70022327851242],[-114.93868602369912,42.69955999622176],[-114.93883315182393,42.6992378826806],[-114.9389294195321,42.699133171222385],[-114.93954271223947,42.698466055598445],[-114.93988209765564,42.69801643164084],[-114.94019038932178,42.69741811601675],[-114.94046780077969,42.69678407955942],[-114.94112939869537,42.69613025560211],[-114.94256404869311,42.69492974518732],[-114.94291275285924,42.69457565664616],[-114.94312892994226,42.69433972018823],[-114.94327172160871,42.694095408730306],[-114.94356747889992,42.693471584772894],[-114.94408022160741,42.692665873315846],[-114.94454685389839,42.6920406535251],[-114.94503926639761,42.691505260817664],[-114.94523102368898,42.69126954310963],[-114.94557226535512,42.69042922227761],[-114.94593874347953,42.689642708737175],[-114.94627235910406,42.689099619154696],[-114.9467629059783,42.68844717540575],[-114.94720448306096,42.688210742072684],[-114.94780589972663,42.68792914936482],[-114.94820608722603,42.68769178165678],[-114.94837167264245,42.68720100978267],[-114.94811833930947,42.68606752332607],[-114.94810310285118,42.685869533743016],[-114.94798601743469,42.68539320874377],[-114.94796927055972,42.685096171244254],[-114.9479757466014,42.68471788270313],[-114.94804416326792,42.68440211916201],[-114.94817361951777,42.68408583687081],[-114.94837603618414,42.683750983746314],[-114.949085289308,42.68303367853917],[-114.9492514965994,42.68272610770624],[-114.94933376951593,42.68251830562322],[-114.94934295389096,42.68232011187352],[-114.94932759868261,42.68211310562384],[-114.94912587993292,42.681691525416184],[-114.9490718538914,42.68134975770839],[-114.9491047726413,42.68110634625043],[-114.94925931951605,42.68083488895916],[-114.94930566430764,42.680672410834426],[-114.94930127784933,42.680384269168194],[-114.9491711476412,42.67985401500237],[-114.94919266326616,42.67966474000263],[-114.94925068305777,42.67946612229464],[-114.94946459243245,42.67908613375362],[-114.95046788618085,42.677645934797475],[-114.95066502680554,42.67730057438135],[-114.95085414451358,42.6769527795902],[-114.95103517472165,42.67660265250747],[-114.95119736430473,42.676272670216214],[-114.95135237576284,42.675940815008474],[-114.95150016742923,42.6756071712589],[-114.95164070180402,42.675271825426194],[-114.95177395076217,42.67493486188496],[-114.95189986742861,42.67459636709386],[-114.95206262680334,42.67413522855289],[-114.95221897680311,42.67367288688698],[-114.95236890701125,42.673209390012694],[-114.95239700909451,42.67313347334615],[-114.95243274971948,42.67305932751293],[-114.95247591221943,42.6729873608464],[-114.9525262559693,42.6729179858465],[-114.95258350284423,42.67285158897153],[-114.95264733305248,42.67278854522173],[-114.9527173820107,42.67272920355508],[-114.9527932622189,42.672673903555115],[-114.95292484555205,42.672581005638705],[-114.9530508528435,42.67248399209713],[-114.95317105700997,42.6723830441806],[-114.95328523513483,42.67227835043083],[-114.95339316221799,42.672170119181004],[-114.95349464659284,42.67205853584777],[-114.95358949138432,42.67194382126461],[-114.95369697159255,42.67181241501486],[-114.95381038721735,42.67168375251501],[-114.95392961221717,42.671557984806896],[-114.9539787747171,42.67151199626533],[-114.95403283930033,42.67146911293208],[-114.9540914549252,42.67142961709878],[-114.95416599659178,42.6713876910572],[-114.95424564659164,42.67135123376555],[-114.95432967054985,42.67132059105724],[-114.9543864445081,42.671298917099],[-114.95443883096637,42.67127189001567],[-114.95448591846628,42.67123997751571],[-114.95452684867456,42.67120374730744],[-114.95456092159118,42.67116384001585],[-114.95458752992448,42.67112094730762],[-114.95460621221612,42.67107584314099],[-114.95461663409107,42.67102930355771],[-114.95461861534109,42.67098215772447],[-114.95461212263274,42.67093523064116],[-114.95449471221627,42.67041704626697],[-114.95448229242464,42.67034077855879],[-114.95447891742464,42.67026398897559],[-114.95448460909131,42.67018727960074],[-114.95449932992462,42.67011123168413],[-114.95452295596624,42.670036410850905],[-114.95455531534118,42.669963395226056],[-114.95459616846615,42.66989273376783],[-114.95464862679937,42.66981962335124],[-114.95470886117425,42.66974985460138],[-114.95477649554915,42.66968387751811],[-114.95485107888238,42.66962211918486],[-114.95493213929895,42.669564975434966],[-114.95501915909045,42.66951281814341],[-114.95511156221534,42.66946598376845],[-114.95520876117348,42.66942476710189],[-114.95531012784001,42.6693894421019],[-114.95541501221481,42.66936023168534],[-114.95552272471468,42.66933732856038],[-114.95563259138117,42.669320879602054],[-114.95574388929765,42.66931098481043],[-114.95585590388085,42.66930771814373],[-114.95782145075277,42.66930860981039],[-114.95823577158546,42.66926912751882],[-114.95861262262656,42.66917591501893],[-114.9591703038757,42.66893710772766],[-114.95935138304206,42.668809513977855],[-114.95944721429191,42.66869166814469],[-114.95956078825009,42.66814135043722],[-114.9596798715832,42.66795123585417],[-114.9598125601247,42.6678510639794],[-114.95999407679109,42.66775048481278],[-114.96094051845627,42.66740035252166],[-114.9613753194973,42.667108524397115],[-114.96172429762174,42.66679039939764],[-114.96207243512117,42.66641823898156],[-114.96224130491261,42.66616921710693],[-114.96240202678734,42.665917263982365],[-114.96255449137045,42.66566254210776],[-114.96269863095354,42.66540519002482],[-114.96283435595332,42.66514536190024],[-114.96296158928645,42.664883198358986],[-114.96308024761959,42.66461885669269],[-114.96319027782778,42.66435249002647],[-114.9632916090776,42.66408424836012],[-114.96338418616078,42.66381429106895],[-114.9634679455357,42.66354276606934],[-114.96354042470222,42.6633058598197],[-114.96361944553541,42.663070094195064],[-114.9637049674103,42.66283556607045],[-114.96379696532682,42.66260237961246],[-114.9638225247018,42.66252880565426],[-114.96383950595174,42.662453893154336],[-114.96384779657679,42.662378185862885],[-114.96384733720174,42.66230223377957],[-114.96383811845175,42.66222658586305],[-114.96382021636845,42.66215178586317],[-114.9637937601185,42.662078387946586],[-114.96375893720189,42.66200691294672],[-114.9636347330354,42.66178681503036],[-114.96350640803564,42.66156800461408],[-114.96337400282749,42.66135052544774],[-114.96306024657798,42.660844530656824],[-114.96303138407804,42.660556597323996],[-114.96307629345296,42.660304080657646],[-114.96327744032764,42.65989713378332],[-114.96357659761884,42.65951636295064],[-114.96380546220182,42.65932534107587],[-114.96444523511747,42.658878678576606],[-114.96525177886622,42.65816946920273],[-114.96547896011587,42.657870361911506],[-114.9655715330324,42.65754538170362],[-114.96558895490737,42.65709496295442],[-114.9654727663659,42.65668168691332],[-114.9653109642828,42.6564759327469],[-114.96480370595025,42.65602090983103],[-114.96466537157549,42.65575191920647],[-114.96461304553388,42.655527221290114],[-114.9645970997006,42.655284199415505],[-114.96469910386708,42.65477902858293],[-114.96487679657515,42.65443533275013],[-114.96518743719969,42.654009443167475],[-114.96541599865765,42.653800396292816],[-114.96612692157322,42.653227049418724],[-114.96659430073915,42.65268277025289],[-114.96779843719561,42.65087150254741],[-114.96835637261144,42.649876171298935],[-114.96857988406943,42.64934297129979],[-114.96862210281934,42.6489193400504],[-114.96860815177769,42.64864360567583],[-114.96860195490268,42.64836771817625],[-114.96860351740271,42.64809179109336],[-114.96861283406935,42.6478159535937],[-114.96861113927768,42.64776237130214],[-114.9686009465694,42.64770930984391],[-114.96858240281938,42.647657489010676],[-114.9685557611528,42.64760763796909],[-114.96852139136115,42.647560428594126],[-114.96847976323625,42.64751651921922],[-114.968431461153,42.64747650880263],[-114.96837712781975,42.647440958802655],[-114.9683175340698,42.64741035151106],[-114.96825348511157,42.64738510880278],[-114.96818588094504,42.6473655796361],[-114.96811563615348,42.647352030677844],[-114.96784666844553,42.647315791094535],[-114.96757624448765,42.647286018177915],[-114.96730465386304,42.647262755677914],[-114.96703218094684,42.64724601609464],[-114.96675912053058,42.647235823386325],[-114.96650287469765,42.647226223386355],[-114.96624719657304,42.64721041401134],[-114.96599236115675,42.647188416094764],[-114.9657386382405,42.64716023796976],[-114.9654863153242,42.64712592963651],[-114.96523564449126,42.64708551609485],[-114.96498691011664,42.64703904317832],[-114.96474038407536,42.64698656296998],[-114.96449632365909,42.646928133803506],[-114.9642549976178,42.64686381088686],[-114.96401666011815,42.6467936744287],[-114.96378157782688,42.64671779005384],[-114.96361634866042,42.6466591765123],[-114.96345430699405,42.64659588797066],[-114.96329571116094,42.64652802234576],[-114.96314077782785,42.6464556869292],[-114.9629897549114,42.6463789775543],[-114.96281701637002,42.6462830879711],[-114.96265037470363,42.64618148692963],[-114.96249017991222,42.64607438484648],[-114.96233675907912,42.64596200151329],[-114.9621904372043,42.6458445733885],[-114.9620515194962,42.64572234630534],[-114.96192028512144,42.645595576513855],[-114.96121748824748,42.64487801505663],[-114.96113184033096,42.64479561714005],[-114.96103919033112,42.644717460890256],[-114.96093991741458,42.644643867140374],[-114.96083442678975,42.644575141098834],[-114.96072317991491,42.64451157130722],[-114.96060661533177,42.644453419224],[-114.96048522366534,42.644400924432375],[-114.96035950804048,42.644354305682434],[-114.96022998512406,42.64431375255751],[-114.96009719866589,42.64427944318263],[-114.9599616892911,42.644251511932616],[-114.95982404033299,42.64423006922431],[-114.95963584241663,42.644202556724416],[-114.95944927158361,42.644169562974376],[-114.95926461325053,42.64413113380784],[-114.95908215804246,42.64408734214124],[-114.95890219970943,42.6440382546413],[-114.95872501429308,42.643983940058064],[-114.95805680700244,42.64376567130836],[-114.95739049242013,42.64354427130867],[-114.95672610492113,42.64331974422574],[-114.95655913929642,42.643258958809135],[-114.95639660492168,42.64319192443428],[-114.95623895075524,42.643118824434424],[-114.95608658825546,42.6430398525595],[-114.95593990492239,42.64295521193463],[-114.95579930700592,42.64286512651811],[-114.95566514658945,42.642769833809986],[-114.95553779763135,42.64266958693505],[-114.95541756533983,42.64256464735188],[-114.95527174659007,42.642435250477064],[-114.95511985492362,42.64230971818562],[-114.95496208929889,42.64218819839415],[-114.9547986434658,42.642070846311036],[-114.95462971846604,42.641957802561215],[-114.954455516383,42.64184920464468],[-114.95429332263326,42.64175577131151],[-114.95412593825854,42.641667465061616],[-114.9539536695088,42.641584450478476],[-114.9537768174257,42.641506854645215],[-114.95359569034264,42.641434833811964],[-114.95341061325962,42.64136850672874],[-114.95297942471865,42.64121925464565],[-114.95255135180264,42.64106519006259],[-114.95219347367816,42.64093178902112],[-114.95188023617868,42.640809249437986],[-114.95157152367915,42.64068060568814],[-114.95126755701295,42.64054594423007],[-114.95096855909674,42.64040535360525],[-114.95067472680552,42.640258942147184],[-114.95038628305598,42.64010680985573],[-114.95010342368141,42.63994906089772],[-114.94978467472357,42.63976283173126],[-114.94947064243239,42.63957229214821],[-114.94920169139118,42.63940330048183],[-114.94910200597462,42.63934388902355],[-114.94899708201649,42.63928961923203],[-114.94888739764163,42.63924074319042],[-114.94877347264178,42.6391974817321],[-114.94865582472534,42.63916003902383],[-114.94853500076721,42.639128582773914],[-114.94841156326738,42.639103267148954],[-114.94828607993422,42.63908420464891],[-114.94815913305945,42.63907148277401],[-114.94702504660286,42.638986708815814],[-114.94666878306175,42.63881853589943],[-114.94643458827045,42.63865839110797],[-114.9462483799374,42.63844377548335],[-114.94607300285435,42.63813902444215],[-114.9456310132717,42.63714308069362],[-114.94538389868876,42.63660485881952],[-114.94483093723123,42.63624769215345],[-114.94364148306649,42.635725536945884],[-114.94268284869293,42.635321734863176],[-114.94245236848496,42.63522464944664],[-114.94073917057095,42.634366318197955],[-114.94006849765532,42.633856804657114],[-114.93954050494786,42.633227128616376],[-114.93833646849134,42.63222297653466],[-114.93787511224207,42.63155134007734],[-114.93760332578415,42.631319424452755],[-114.93729643828465,42.631186839036225],[-114.93655002057744,42.63102184216145],[-114.93625560391126,42.63090717028663],[-114.93593572057841,42.630720685911946],[-114.93528174141278,42.63021270778776],[-114.93497391953828,42.63001708278809],[-114.93467950183036,42.62990243174659],[-114.93392038516487,42.629701481746835],[-114.93374858724849,42.62963083903866],[-114.93364942162361,42.62952358591387],[-114.93361095704036,42.62939782445566],[-114.93357207891542,42.6292450432059],[-114.93307615599952,42.628747679665025],[-114.93141485704376,42.62748449841701],[-114.92986601746283,42.626028874460914],[-114.92852113204826,42.62472052862962],[-114.92825362059035,42.62416945779709],[-114.92833278100687,42.623679414047885],[-114.92869781642298,42.62303810571562],[-114.92958045183826,42.622328759883295],[-114.93074829871146,42.621425588009714],[-114.93223902683417,42.62092406509389],[-114.93473737058025,42.620371740094676],[-114.93522233099617,42.62004861405355],[-114.9355597414123,42.61949261822106],[-114.93564757266222,42.61766196405721],[-114.93538018099594,42.61519585156108],[-114.93545163203748,42.61419519010428],[-114.93525203412118,42.61290234531465],[-114.93664516224395,42.61262823594009],[-114.93881514453227,42.61234315260716],[-114.94189707890251,42.61195820885777],[-114.9425694434848,42.6112682609422],[-114.94322957369207,42.610578391151535],[-114.94361607889981,42.60953057031991],[-114.94372806639969,42.60887222761256],[-114.94385031952449,42.60808774219712],[-114.94420549973222,42.606580877616146],[-114.94503434139762,42.60576352865907],[-114.94671339139502,42.60474104949398],[-114.94811475597616,42.60390093699525],[-114.94928791847435,42.60328784532948],[-114.9504049226393,42.602990405746695],[-114.95277831117727,42.60274557033036],[-114.95462619450774,42.60241496720589],[-114.9570080299207,42.6019268182483],[-114.95777147783618,42.60163225991541],[-114.95870865283473,42.60074186095848],[-114.95988800699958,42.599630128668565],[-114.961109637206,42.59833526617061],[-114.96189006741315,42.597563237005076],[-114.96286371845325,42.596672499506504],[-114.96364144345206,42.595729378674605],[-114.96351151636894,42.59441565159327],[-114.96268387470356,42.592909669303985],[-114.96184077470485,42.59198015368039],[-114.96151430803872,42.59163898805589],[-114.95899119554264,42.58937663805945],[-114.95603349971391,42.58600289327301],[-114.95578603721425,42.58578092035671],[-114.95508088096534,42.58509337869113],[-114.95431654138322,42.583721905776585],[-114.95409005284188,42.58245397140353],[-114.95406794659192,42.581004252655795],[-114.95541824346486,42.579254895366816],[-114.9564139965883,42.57822896516011],[-114.95816027366892,42.576881531828846],[-114.95933990700041,42.57593507453871],[-114.96065920179002,42.57535665995623],[-114.96205461012117,42.57497570995683],[-114.9639511872016,42.57469861204058],[-114.96412383720131,42.57465561620735],[-114.96561070699069,42.57401367870831],[-114.96562055490733,42.57400942974999],[-114.9656805246989,42.573941271416736],[-114.96567464240724,42.57392628808347],[-114.96564315907399,42.5738460682919],[-114.96554368303248,42.57359263495896],[-114.96555348615742,42.57351439433405],[-114.96533820386611,42.572984866209914],[-114.96478548199195,42.57190883912824],[-114.96427338303442,42.57109364850458],[-114.96377857678522,42.57061150683857],[-114.96280870178667,42.569340856840576],[-114.96230644657915,42.56837245267541],[-114.96204480491286,42.56720392351057],[-114.96305741741133,42.56650197663665],[-114.96426836532612,42.56602348913732],[-114.96526917782455,42.565348656846766],[-114.96603075699005,42.56496399851404],[-114.96695474865525,42.56483912455586],[-114.96832929136144,42.564701433931134],[-114.96879767573574,42.564265214140114],[-114.96876577573579,42.56377915997425],[-114.96848577573621,42.56338434122482],[-114.96816590907002,42.563182171433475],[-114.96755557052933,42.56279640268406],[-114.96703061011345,42.562353982893136],[-114.96546412365758,42.56061003185413],[-114.96436900178429,42.55973701727215],[-114.96407952157637,42.5595062485225],[-114.96397323095158,42.55944721623088],[-114.96332471011925,42.559087024564825],[-114.96326420178599,42.55889602769011],[-114.9634041705358,42.55863950789887],[-114.96357553824386,42.55855295269065],[-114.96414300699297,42.558548178732345],[-114.9642662340761,42.558547142273966],[-114.96461125386726,42.558522955815704],[-114.96555834240742,42.55834475164934],[-114.96693480698862,42.55801396414984],[-114.96739362365459,42.55790369956669],[-114.96793450177876,42.5575161162339],[-114.96863470177765,42.55688193290155],[-114.96965604240108,42.55597272873638],[-114.9708232413576,42.555044276654456],[-114.97170913198126,42.5540461256144],[-114.97293253406265,42.55281997457458],[-114.97354539447839,42.55228344124208],[-114.97419539239407,42.551782598534516],[-114.97524705801737,42.551269344368585],[-114.97627522780743,42.550810290202655],[-114.97702495280629,42.5504616964532],[-114.97703674551462,42.55045321936987],[-114.97733275697249,42.550313642286746],[-114.97754953405546,42.55018812041199],[-114.9775734798888,42.550073755828805],[-114.97739362155575,42.54926665062173],[-114.97731465280583,42.54915316624697],[-114.97717121009775,42.54903071312204],[-114.97686082468157,42.54892871520559],[-114.9768234298899,42.54889629958064],[-114.97666518301521,42.5487591422892],[-114.97663767364027,42.548645217289334],[-114.97664831739024,42.5485024245813],[-114.97669502884851,42.5481975974984],[-114.97665287468186,42.54796963499876],[-114.97660915905692,42.54788558916556],[-114.97634951530732,42.54751978083278],[-114.97586233509975,42.54677768395885],[-114.97558788718352,42.54650413395932],[-114.9751727580175,42.54615878083491],[-114.97487012260132,42.54583313500204],[-114.97467737780994,42.54518633291973],[-114.97406248510254,42.54480431625368],[-114.97360185281161,42.54415982562969],[-114.973349574687,42.54392072875508],[-114.97276061739628,42.54339826625588],[-114.97259704760485,42.54313432458952],[-114.97247558927171,42.54293833604825],[-114.97224266218872,42.54211807250781],[-114.97204325281406,42.54103907563455],[-114.97185125385602,42.54043731626036],[-114.97103306739895,42.53950764438688],[-114.97017953302526,42.53865034855486],[-114.96897344240212,42.5378320256395],[-114.96772243927906,42.53725724855704],[-114.96640697678113,42.536448807933326],[-114.96521289449129,42.535612344392916],[-114.96446683407578,42.53460997460283],[-114.96349097886895,42.5329161100221],[-114.96270195178685,42.531490843357666],[-114.96211108095446,42.53028003294286],[-114.9613453726223,42.528782505861855],[-114.96058618408183,42.52770818190525],[-114.9598775372079,42.525957997532906],[-114.95932081845876,42.52458478295171],[-114.95890749241778,42.52223775691366],[-114.95865977470983,42.5213352829567],[-114.95801279450247,42.52025495483341],[-114.95695681429578,42.51886790066896],[-114.95640818929661,42.51801693192025],[-114.95607236325549,42.51674991629721],[-114.95589927575577,42.51574076525713],[-114.95586046533913,42.515081444424766],[-114.9557945205476,42.51452875067564],[-114.9558717132558,42.51393230067661],[-114.95577863408927,42.513486224635585],[-114.95551526638133,42.5131905183861],[-114.95490615909061,42.51285513609493],[-114.9537635497174,42.5122212558875],[-114.95356195700943,42.51177264755496],[-114.95378225075905,42.51024885276566],[-114.95396643825876,42.50969242672483],[-114.95453089242453,42.50898552672589],[-114.95510783200702,42.50857174755986],[-114.95600076533897,42.50805997256074],[-114.95680684137938,42.50744085902],[-114.95727076117032,42.50673453089612],[-114.95726437783696,42.50551880902299],[-114.95678485700438,42.50360458298425],[-114.95615478721368,42.50139442673768],[-114.95588209033913,42.50027098715608],[-114.95524708096508,42.49852915486713],[-114.954878495549,42.4978112767433],[-114.95452663825789,42.495473537163555],[-114.95459767575778,42.49447284237346],[-114.95467098200766,42.493621073624766],[-114.9546622445077,42.49304662258395],[-114.95449123304962,42.49030454654663],[-114.95412038200851,42.48846106946608],[-114.95386694346725,42.48779676425882],[-114.95329497888481,42.48699099134338],[-114.95273808305234,42.48637424759444],[-114.95214125805326,42.48553263197064],[-114.95150362055428,42.48360170905695],[-114.95158075492913,42.4814666746853],[-114.95164461013734,42.48086276843622],[-114.95202024763677,42.47915753927219],[-114.95266762888578,42.477370258025],[-114.95269751846907,42.477287715316784],[-114.95344337575956,42.475930642402254],[-114.95351403513445,42.47497543615378],[-114.95324819867655,42.474293194488105],[-114.95250321117771,42.47329976532297],[-114.95244731534444,42.47259683511574],[-114.95262444346919,42.47201729553332],[-114.95331024138477,42.47104191949313],[-114.95399875492535,42.470246923661044],[-114.95711443721224,42.46882281012159],[-114.95987549762458,42.4671382007492],[-114.96090418095635,42.466601360125054],[-114.96204623199623,42.46571822054308],[-114.96259368720372,42.46493010804432],[-114.96318037991112,42.46352926637975],[-114.96386682782672,42.46228970909004],[-114.96429551324276,42.46089919659226],[-114.96447503511746,42.45991605909376],[-114.96446190699247,42.45906061326171],[-114.96444863928417,42.45819616430474],[-114.96420571011788,42.45663119451552],[-114.96409768407636,42.455929642433254],[-114.96427646011773,42.455208491392725],[-114.96465711949219,42.4548950174349],[-114.96499798199164,42.45463680076863],[-114.96513445074142,42.45416751431103],[-114.96559095907406,42.45338643306226],[-114.96680472365551,42.45253623827188],[-114.96711519344667,42.45217187264746],[-114.96713901219665,42.45185249243961],[-114.96684647157214,42.451514493481774],[-114.96597214553181,42.45071326535805],[-114.96571241115718,42.45052524452504],[-114.96544912990761,42.45033465494198],[-114.96547459344926,42.45012164452562],[-114.96575992365712,42.44999157056749],[-114.96673639448892,42.44996205910921],[-114.96810075802846,42.44973591640125],[-114.9684392694863,42.44960697369314],[-114.96940574760983,42.44919351431872],[-114.97030003719175,42.44883473931933],[-114.97153178406484,42.448274950778504],[-114.9725595632299,42.44789698723747],[-114.97524817468407,42.44718970182183],[-114.97779010176343,42.44643857161469],[-114.97916787259466,42.44589547057383],[-114.98015670592646,42.44536466849132],[-114.9814474934244,42.44470519140903],[-114.98356404342115,42.443201108077986],[-114.98482114758588,42.441947502871635],[-114.98526521529351,42.440799936206766],[-114.98538327883502,42.439799276833355],[-114.98555194341805,42.43892426537634],[-114.98574761425105,42.437445621628676],[-114.98702744549912,42.436101734130695],[-114.9882672329972,42.43530755079858],[-114.98993751945295,42.43405932580058],[-114.99142535590896,42.432786478927504],[-114.99189319757488,42.43179215809577],[-114.99203787674134,42.4315481966378],[-114.99251455069891,42.43074441643064],[-114.99320182153123,42.42982535601544],[-114.99390931007177,42.42920682580812],[-114.99571315486067,42.42796637685162],[-114.99687748194214,42.42695802372825],[-114.99706822777517,42.42679282997852],[-114.99720223714996,42.42625905497935],[-114.99731977569144,42.425790989354994],[-114.9970920079835,42.42522559664757],[-114.99626182881809,42.42423316644075],[-114.99604040381843,42.42329848727558],[-114.99641475590117,42.422376645610434],[-114.99735820589973,42.421314733112034],[-114.99836439443982,42.42037836436338],[-114.99913517360535,42.41916485811536],[-114.99921281735521,42.41869588311608],[-114.99882894548078,42.41748343520127],[-114.99828107464832,42.41665964770258],[-114.99716165590002,42.41581384457886],[-114.99658839340094,42.414918243538544],[-114.99684189756721,42.41404247270665],[-114.9973282996498,42.41329074249943],[-114.99811788194023,42.412500360209],[-114.998481880898,42.41169567166861],[-114.9979855454821,42.41105157479454],[-114.99763932985763,42.409245822714006],[-114.99745817464957,42.40857748834002],[-114.99733435902476,42.40812068625745],[-114.99659977048424,42.40706312063409],[-114.99552271423589,42.406136197718936],[-114.9944344246543,42.40549736021988],[-114.99230839236589,42.404073725847034],[-114.99195127465809,42.40377066959759],[-114.9915174590338,42.4034025091815],[-114.99144364653392,42.40323437480677],[-114.99153075278377,42.402998016473795],[-114.9918300132,42.402679716474225],[-114.99309747257303,42.40201477064203],[-114.99399185277997,42.40182305293392],[-114.99413289236308,42.40176476335065],[-114.9957364475689,42.401495500851134],[-114.99630924444301,42.401405399809555],[-114.99685029652551,42.40112406960164],[-114.99701436423364,42.4007444841856],[-114.99698128090034,42.39982094772872],[-114.99711411423345,42.398234741481104],[-114.99754623506614,42.397132284191215],[-114.99811024131525,42.395920561276405],[-114.99890605277231,42.39476986752829],[-114.99976299860435,42.39364568315491],[-115.00012099131214,42.39297137794767],[-115.0004634215199,42.39203566128238],[-115.00102309651906,42.39067422795129],[-115.0013599090185,42.39019250607695],[-115.00191198193433,42.38970889878607],[-115.00304118297424,42.38896489670389],[-115.00361576214004,42.38854491857954],[-115.00403371734768,42.38793461024713],[-115.00451768193028,42.38704779566516],[-115.0051649100543,42.385736260250575],[-115.00572040588673,42.384767755043775],[-115.00637163921907,42.38370834671208],[-115.0064920110939,42.382878740463404],[-115.00634661421913,42.382141527964464],[-115.00610887046948,42.380945835258025],[-115.00579681526165,42.379660708176665],[-115.00570988088681,42.379455210260296],[-115.00546662047047,42.37822857797055],[-115.00438795172215,42.37352489776949],[-115.0037979704731,42.37276333943738],[-115.00296589547435,42.37199688318856],[-115.0029042996411,42.37193193110529],[-115.00250481630844,42.37125098110638],[-115.00258892880828,42.37043069673261],[-115.00322379339066,42.3698757831919],[-115.00398596838944,42.369689004025474],[-115.00443454755543,42.36964003110883],[-115.00540589130391,42.36962251860891],[-115.00621691526102,42.36945329777586],[-115.00724475796773,42.36917408110958],[-115.00906065067323,42.36880688111018],[-115.01051723921263,42.36875802590184],[-115.01199003608535,42.36896118110992],[-115.01307425275034,42.36916775610961],[-115.01432878087338,42.369390809234304],[-115.0161156037873,42.36948305090077],[-115.01764420170156,42.369379448817604],[-115.01949353294873,42.36883165819346],[-115.0209564371131,42.3684223884024],[-115.02235526315258,42.36780651757003],[-115.02339078606764,42.36725692069592],[-115.0245628037742,42.36613870923922],[-115.02529573189804,42.365654842573385],[-115.02618402772998,42.36501649153271],[-115.02686679856227,42.36456511653341],[-115.02694833189547,42.36448696028356],[-115.02735066210316,42.36408436861754],[-115.02760678501944,42.36395439674266],[-115.02801457043546,42.36388690507614],[-115.02881444439261,42.363921086326116],[-115.02894059126739,42.36392647382611],[-115.02939506939168,42.3638349394512],[-115.03011992668225,42.363603282159936],[-115.03137668918026,42.36322273111884],[-115.03266409021997,42.362490675911666],[-115.03456993709199,42.36170798112114],[-115.03581373709007,42.36128247487183],[-115.03724689958786,42.360855517580795],[-115.0389314620852,42.36035367070662],[-115.04077617562398,42.359553430082876],[-115.04218897145518,42.35907227904195],[-115.0431797870786,42.35877507279239],[-115.04419679124368,42.35859470925107],[-115.04569721519971,42.35827482487647],[-115.04709567873921,42.358397144667954],[-115.04879843602822,42.35856170508443],[-115.04990352977649,42.35832406550146],[-115.05042808810903,42.358081973835176],[-115.0507454964419,42.357759878002284],[-115.05129291414937,42.35703667800346],[-115.05177976935693,42.35655343633752],[-115.0521829537313,42.356214588421444],[-115.05274019331375,42.35608179675493],[-115.05353516102087,42.35601065404675],[-115.0546348537275,42.35602293842172],[-115.05622444226668,42.35598590925511],[-115.05727864955674,42.35597619363009],[-115.05728432351505,42.355974714463386],[-115.05880270997102,42.35557882279741],[-115.05993916621931,42.355520722797465],[-115.0610358505926,42.35547866029753],[-115.06217152559084,42.35519683321462],[-115.06352171621371,42.354874940506804],[-115.06473937975348,42.35480337175697],[-115.06727424745787,42.354635699882145],[-115.06893353287198,42.35438607175761],[-115.07117455057681,42.354076981133105],[-115.07329432036522,42.353777970716806],[-115.07572219848646,42.353034745718],[-115.07745420473373,42.35278431238501],[-115.0777227964,42.35273403217676],[-115.08020633285446,42.35213386030276],[-115.08137596514435,42.35173187697001],[-115.08398436722361,42.350835348846424],[-115.0863971161782,42.34970751551481],[-115.08674978596935,42.3493439592654],[-115.08690492555242,42.3491840321823],[-115.08763210471795,42.34904183009914],[-115.08828726409195,42.34916121447404],[-115.08842963284172,42.34922235093221],[-115.08948715159005,42.349293369682144],[-115.08962753388154,42.34924741447378],[-115.09070485575482,42.34917049572401],[-115.09483249637343,42.34877034051629],[-115.09523262033116,42.34872299364134],[-115.09607638595486,42.348623148849796],[-115.0971714276198,42.34865777384978],[-115.09799212136853,42.348649916558166],[-115.09866015574248,42.34855151655831],[-115.09943360053296,42.34806367176738],[-115.1000964244903,42.34708465926892],[-115.1016097161546,42.34544906760476],[-115.1035829203182,42.344430416564634],[-115.10562968594,42.34345607802456],[-115.10658368281355,42.34316768219155],[-115.1081808463527,42.342864065525426],[-115.10999936718322,42.34341385510794],[-115.11130557968119,42.343824475940636],[-115.11276974113726,42.34424255406497],[-115.11402870884365,42.344725662397536],[-115.11491223071725,42.345257436355055],[-115.11640503592326,42.34591835302068],[-115.11763308487974,42.346131285312],[-115.11851444842002,42.346090770728814],[-115.11960978591834,42.34598432593725],[-115.12035896404215,42.34576953114595],[-115.12108725987436,42.34569254052104],[-115.12249096403883,42.34543563531313],[-115.12368396820364,42.345226291563456],[-115.12531731299276,42.34513047698022],[-115.1261148931999,42.345218398855096],[-115.12704467340676,42.3454805738547],[-115.12795694528035,42.345966344687255],[-115.12869771507089,42.346485714478135],[-115.12972394006925,42.347318883226905],[-115.13185560256598,42.34838759676686],[-115.13340775673022,42.34895764259929],[-115.13476892131143,42.34903424572418],[-115.13641075047558,42.349189087390684],[-115.13652988172538,42.34914319780739],[-115.13646189630884,42.348738596766324],[-115.13618712443424,42.34797581239256],[-115.1360657973511,42.34764380301802],[-115.13596121922627,42.34722943947704],[-115.13576753068493,42.34641745406157],[-115.13568472651838,42.346033265520575],[-115.13567444631002,42.34579920302083],[-115.13570837131,42.34549154989632],[-115.13605871922613,42.344722570730895],[-115.13661090672524,42.343868275940515],[-115.13702785776627,42.34325961552477],[-115.13767324005691,42.34252599573431],[-115.13862385047214,42.34138629573602],[-115.13907660880479,42.340744641570375],[-115.13917879526294,42.3405218551124],[-115.13931711713775,42.34028181344609],[-115.13941333588757,42.34006471344646],[-115.13949057651246,42.339468434280754],[-115.13932029317938,42.33827232178254],[-115.13945158901255,42.3376451113669],[-115.13958633276228,42.33737697803394],[-115.13983686192859,42.33713356970099],[-115.14049349526088,42.336693616576646],[-115.14168505671739,42.33579580616142],[-115.14235999734132,42.334859217621194],[-115.14331244317323,42.33349543949832],[-115.14383714421405,42.33281026033273],[-115.14397233900547,42.332568008249794],[-115.14410404629695,42.33230100720855],[-115.14428583900502,42.33161699679289],[-115.14428686921332,42.331337795751644],[-115.14427432025504,42.331148795751986],[-115.14406135463037,42.33061508012783],[-115.14355912233947,42.32969246971256],[-115.14294088067379,42.32839276450626],[-115.14247557650783,42.327496811382616],[-115.14218437650828,42.32682988534199],[-115.1421120848417,42.326524393675825],[-115.14204950463348,42.326251468676276],[-115.14205957130015,42.32529785826107],[-115.14219987129991,42.32450055305396],[-115.14231254838306,42.32418759680444],[-115.14239856192461,42.32391094159649],[-115.14274561192407,42.32330520618082],[-115.1428925879655,42.32304369263951],[-115.14303943900694,42.32277655722329],[-115.1431289890068,42.32235913847394],[-115.14315412546512,42.32190519472464],[-115.14310430567349,42.321667039516676],[-115.14304134004863,42.321204993684056],[-115.14269686817414,42.31960534264488],[-115.14200797234191,42.317747966606085],[-115.14179730567555,42.31616501973356],[-115.14182745775885,42.31531589994318],[-115.14193755567533,42.31502885931865],[-115.14214147234169,42.31472963431917],[-115.14266863796587,42.314021912445234],[-115.1431669494234,42.31339554265454],[-115.14333263900647,42.31316423952989],[-115.14337769838141,42.31297240932184],[-115.14329236504824,42.31278300932213],[-115.14312868171514,42.312621408280734],[-115.14267294421586,42.31224769473964],[-115.14220788067492,42.31185943015695],[-115.14201927546685,42.311663178073864],[-115.14178108796723,42.311407754115905],[-115.14146357755106,42.310959487449956],[-115.14134327650959,42.310681495783705],[-115.14121596713478,42.31035067495088],[-115.14097611192683,42.308995415577996],[-115.14053102755254,42.3078650739131],[-115.14035903067776,42.307577467663506],[-115.1400965525532,42.307320030163964],[-115.13978370463703,42.30712951453926],[-115.1386367358888,42.306433936415324],[-115.13759540880704,42.30587688954117],[-115.13668802547512,42.30534552704196],[-115.13662816505854,42.30530571870874],[-115.13627602547575,42.305103309334065],[-115.13528271193564,42.30440067600184],[-115.1349645015195,42.304109546835654],[-115.1346863483949,42.303725087461174],[-115.13459845256172,42.303478139544914],[-115.13452891818686,42.30309161454555],[-115.13448440047858,42.30257016558801],[-115.13447607652023,42.30247259787976],[-115.13429695152051,42.30179287288092],[-115.1343024202705,42.30131011038159],[-115.13432066714546,42.301208186423416],[-115.1344520692286,42.30092546246555],[-115.13468618693656,42.30061918434101],[-115.13529387860228,42.299499794759434],[-115.13553668485189,42.29866545830233],[-115.1356861848517,42.297364865596094],[-115.13573853068495,42.29673279788869],[-115.13571085568498,42.296205103097876],[-115.13561331297683,42.29584131143176],[-115.13534713172722,42.29554225414065],[-115.13505086297766,42.295255863515976],[-115.13468155568658,42.29495668539146],[-115.13415627756241,42.2945836270587],[-115.1336250473549,42.29421626560097],[-115.13304108693917,42.29378298955988],[-115.13279766714784,42.293569243726914],[-115.13267965777305,42.293415054143864],[-115.13255676923154,42.2931562187276],[-115.1323898265235,42.292302306228976],[-115.13238410673183,42.290797231231274],[-115.13233829423189,42.290440805190165],[-115.13223731506537,42.29005116769075],[-115.13150648694153,42.28835736769339],[-115.13115862548369,42.28755700936133],[-115.1311115286088,42.287297424986704],[-115.13105810256718,42.28702438748708],[-115.13107184110885,42.28677434998754],[-115.13109551923384,42.28640261040474],[-115.13112184215045,42.28601059061367],[-115.13122460569195,42.285652713530894],[-115.131404801525,42.28538637186468],[-115.13197625777413,42.28478634269893],[-115.13284621402278,42.28392554790865],[-115.13305027756412,42.28363758853402],[-115.13310775881405,42.283291408326185],[-115.13320625360552,42.28252831249406],[-115.13327385048045,42.28156287499553],[-115.13326589943875,42.2812882583294],[-115.13323722756381,42.28087201249667],[-115.13287575152272,42.27931190416572],[-115.13262665777313,42.278439655208835],[-115.13230494735696,42.27736152291884],[-115.13229182131529,42.27721688125233],[-115.13228655360693,42.27692264687778],[-115.13227962131532,42.27653550104504],[-115.13231439839859,42.27614794479567],[-115.13245176714838,42.275666439588065],[-115.13269062339799,42.27502905000576],[-115.13295032756429,42.27439145521506],[-115.13316693173061,42.27367683854947],[-115.13317973902225,42.27322754167515],[-115.13317197131393,42.272793940634166],[-115.13303854318912,42.27233060000995],[-115.13271939318963,42.27197751563544],[-115.13249222756497,42.27178341251077],[-115.13225346610704,42.271579412511066],[-115.13079593277592,42.27054056980439],[-115.12988811715235,42.26998395418027],[-115.12921918902839,42.269629308347454],[-115.128824101529,42.26940353022282],[-115.12851721923782,42.269193793764785],[-115.12817335465502,42.268950629181845],[-115.12748630361442,42.2683314729328],[-115.12693776194862,42.26782802293364],[-115.12678275986555,42.26763591460054],[-115.12666441611572,42.26745807189247],[-115.12614060361652,42.26681141356015],[-115.12570263799216,42.266559039602214],[-115.12502519215991,42.266306761477594],[-115.12424838174447,42.26609148022795],[-115.1232187077877,42.26580435522839],[-115.1222900629975,42.2655725437704],[-115.12111159424933,42.2652688541875],[-115.12013379425082,42.26500034272967],[-115.1190058025859,42.2648075927299],[-115.11830546092034,42.26462867398024],[-115.1173259692552,42.26443446773054],[-115.11619937342363,42.264148223980975],[-115.1152324484251,42.263805267731485],[-115.11399893384367,42.263298287523945],[-115.1128418421788,42.2628276958579],[-115.11211008384663,42.262411511483684],[-115.11157713280578,42.2619236010677],[-115.11129365780626,42.26131506565196],[-115.11105927655662,42.26074206981952],[-115.11082232343193,42.26002049377906],[-115.1104112380159,42.25939404377999],[-115.1099536453083,42.25887950107243],[-115.1093700578092,42.258440469823164],[-115.10830951406086,42.257764014615894],[-115.10745322447883,42.257327611491526],[-115.10634782656388,42.25685645628387],[-115.10596092031449,42.25669042920089],[-115.10573244843988,42.256411533367974],[-115.10568345156491,42.255993810451955],[-115.10567479531494,42.25549825732769],[-115.10566803073165,42.2551111031616],[-115.1056612692733,42.25472395212058],[-115.10582153698142,42.25435068232948],[-115.10594282031451,42.25413267087154],[-115.1060188963561,42.25371374170545],[-115.10598722448111,42.25309450316477],[-115.10598235364779,42.25281575212353],[-115.1059339026062,42.25242900420747],[-115.10580369427306,42.25213597608289],[-115.10561095364837,42.25184355108336],[-115.10545774010694,42.25142683233408],[-115.10536759844041,42.25104048754295],[-115.10527556719056,42.250545735460335],[-115.10527070052387,42.250266985460804],[-115.10527253281555,42.250232645877546],[-115.10543925260697,42.24995527712799],[-115.1058800401063,42.249338613587284],[-115.10650538073033,42.248705526088294],[-115.10780760572828,42.247617860464956],[-115.10901709010142,42.246771977132916],[-115.10940670885084,42.24647257400844],[-115.10984860155844,42.24621120942542],[-115.11196095676355,42.24541631463503],[-115.1128909713454,42.24495812088575],[-115.11423290884335,42.24421712505358],[-115.11602732654887,42.24313095734693],[-115.11701980050564,42.24267212401429],[-115.11729658383861,42.242585178181095],[-115.11766010467137,42.24250472818123],[-115.1183164734203,42.24243865838963],[-115.11907405154413,42.24244027193132],[-115.11992101716783,42.24252881984784],[-115.12056764529184,42.2425968115144],[-115.12094808487456,42.24251991047291],[-115.12129029216572,42.24233758026483],[-115.12156587966528,42.24215700422341],[-115.12178605987329,42.241928577140506],[-115.12191232445639,42.241701062557496],[-115.12195615049804,42.24143833234957],[-115.12194080258138,42.241085000058426],[-115.12174960779,42.240725503184024],[-115.12131199633235,42.24013986776819],[-115.1211380525826,42.23972841256053],[-115.12111460362433,42.23925921047792],[-115.12127446924906,42.238533769854044],[-115.12144365674878,42.23799287297988],[-115.12169123070676,42.23742982923074],[-115.12199407966462,42.236909017773264],[-115.12253827758042,42.23632954902418],[-115.12306452341296,42.235763759441696],[-115.12372493174526,42.235075083401014],[-115.12443166403585,42.23426548340236],[-115.12524866299289,42.23318460736239],[-115.12634702132455,42.23191185007265],[-115.12752746715604,42.23048741674158],[-115.127745078614,42.23011826257544],[-115.12798914111363,42.22970270840945],[-115.12820967236331,42.22932791986835],[-115.12833249736309,42.22908016778543],[-115.12839125048801,42.22880601674411],[-115.12833297757146,42.22859721049441],[-115.12791917861375,42.228155474036825],[-115.12773542653072,42.22787358549565],[-115.12755689944765,42.227545495912786],[-115.1273678952813,42.22696758549694],[-115.12704785882347,42.22600707508187],[-115.12659840674081,42.225092859458236],[-115.12659818278246,42.22509241570821],[-115.12649475778261,42.224886742791924],[-115.12602874007501,42.22389162300171],[-115.12550932653416,42.22261897196212],[-115.1246878129938,42.22070759696505],[-115.12409378903635,42.2194942157169],[-115.12387474737007,42.21909897717585],[-115.12362272445375,42.218723179259776],[-115.12297267653808,42.217935873011015],[-115.12276844320508,42.217691342803036],[-115.12250122549716,42.21748230947008],[-115.12170353695672,42.21708032613736],[-115.12037074320881,42.21639087405506],[-115.11896559008596,42.21572012718108],[-115.1177413869629,42.215002563640546],[-115.1168335744643,42.21436296884991],[-115.11597029321565,42.213497778226305],[-115.11530880050832,42.21273981156074],[-115.11427977446823,42.21174900739557],[-115.11334782759467,42.211109600105],[-115.1119637817635,42.210249430314576],[-115.11172214530558,42.21011443760643],[-115.11002782655817,42.209173935524674],[-115.1086981588519,42.208473059484064],[-115.10830690885251,42.20826744385934],[-115.10798263697804,42.20808257302633],[-115.10758269218701,42.207725065735225],[-115.10667727343838,42.20668908136176],[-115.10652733906365,42.20642822719554],[-115.10649272031367,42.206178634487614],[-115.10652174010528,42.20593407302962],[-115.10678254010492,42.20543283344708],[-115.1069715171879,42.20515631261418],[-115.10710763489607,42.204800385531435],[-115.10740464739557,42.20377306365799],[-115.10747433072878,42.202907795951035],[-115.10767910989519,42.20145583136989],[-115.10800608072799,42.20006572616373],[-115.10817279426942,42.19972862408087],[-115.10827922031092,42.19940675220648],[-115.108212282811,42.199216014706785],[-115.1080965411445,42.19900324491542],[-115.10788305676981,42.19874299283249],[-115.10770184114513,42.198422769916334],[-115.10756096197868,42.19815845325005],[-115.1074957953121,42.19789565637547],[-115.10741460677059,42.19758009804264],[-115.10732029739576,42.1972094938765],[-115.10732016302076,42.197209090751485],[-115.10731391406239,42.19719042929324],[-115.10708991927108,42.196501356377595],[-115.10685320572982,42.195776389712044],[-115.10642564843879,42.19469865742205],[-115.10622888073071,42.1943549417976],[-115.10604860364771,42.19408760742306],[-115.10593299739786,42.1938815876317],[-115.10571890677325,42.19358532825714],[-115.10537526302375,42.19315183242447],[-115.10507909219086,42.1926627282586],[-115.10471349739977,42.19201104075963],[-115.1044319234419,42.191489145968745],[-115.1041274828173,42.190871763678025],[-115.10375104844292,42.19011887617919],[-115.1032213380271,42.18908037409752],[-115.10252816198647,42.18734772097513],[-115.1022653536536,42.187032775142335],[-115.10198556198738,42.18678553660111],[-115.1016149276129,42.186538047018104],[-115.10119432553023,42.186375476184985],[-115.10073037448927,42.18633265326835],[-115.10029814532328,42.18637282306003],[-115.09962716303265,42.186437807434935],[-115.0990667640752,42.18641952514322],[-115.09850211199272,42.1863303657684],[-115.09803861199345,42.186138925143744],[-115.09729010053628,42.185746427227585],[-115.09657825470408,42.18537273972826],[-115.09625689324623,42.1851720334785],[-115.09590427137175,42.18491309806232],[-115.09530764012271,42.184372794938085],[-115.09470271824864,42.18370310118916],[-115.09414794116618,42.1831320032734],[-115.0933252609591,42.182473388691065],[-115.09283140262653,42.18227320431641],[-115.09252324637703,42.18215582098322],[-115.09229509325239,42.18206891160837],[-115.09166443492002,42.181836256400395],[-115.09141158283705,42.18174409390055],[-115.09100271929606,42.18155660431751],[-115.0905835536717,42.18129941056783],[-115.09022452658895,42.181016876193304],[-115.09001438700592,42.18076782202706],[-115.08994815679767,42.180629691818915],[-115.08990816200607,42.1805462772357],[-115.08989509742277,42.1805190293191],[-115.08987463388117,42.18020963036118],[-115.09001032242257,42.17982670015352],[-115.09014883075571,42.17943024390407],[-115.09033740054707,42.17913012515457],[-115.09056429117175,42.17876882932185],[-115.09080982346302,42.17843552203067],[-115.09092229221285,42.17793574286479],[-115.09088668700458,42.177624236615245],[-115.09086241929629,42.17726985328248],[-115.09072079637981,42.176779218908194],[-115.09052575158849,42.175997539742816],[-115.09013830054738,42.17458724703664],[-115.08985213388117,42.17325928766368],[-115.0896798161731,42.1725651897481],[-115.08923140471546,42.17112845120865],[-115.0889740411742,42.169364667878014],[-115.08897041721586,42.16915330746168],[-115.08904332659075,42.16854854808775],[-115.08922297659045,42.16809766475509],[-115.08958492554825,42.16735076267287],[-115.08999036408926,42.16671186579883],[-115.09043210575527,42.165762842883666],[-115.09064938283827,42.16507926892641],[-115.09169933908663,42.16317963767932],[-115.09256002866864,42.16191928038963],[-115.09283267137654,42.16160163039015],[-115.09359550991702,42.160911018932914],[-115.09413945470784,42.160338430392045],[-115.09466500887369,42.15975251580965],[-115.09507902137307,42.159193561643896],[-115.09535999949765,42.15864035643639],[-115.09555784533063,42.15818027935378],[-115.09570051303878,42.15767906164619],[-115.09573361095538,42.1571417647721],[-115.09557764949726,42.15582045331579],[-115.09544515574748,42.15515526269174],[-115.09540377137256,42.15451057206779],[-115.09541071720588,42.15421217935995],[-115.09549009220575,42.15390182206874],[-115.09580940366357,42.153116363736615],[-115.09611268699643,42.15245600123766],[-115.09657669012074,42.15128976373941],[-115.09668293699558,42.150433147074125],[-115.0966472474123,42.149767040825196],[-115.09692070053688,42.148782736660074],[-115.09708416616161,42.148436678327215],[-115.09729095678631,42.148146505411034],[-115.09754032657759,42.147869429369834],[-115.09774675574393,42.14755898978693],[-115.09797156928522,42.14723097103747],[-115.0982429474098,42.14669892728825],[-115.09836191615962,42.14635703249714],[-115.09839898282623,42.14609336374754],[-115.09832374740967,42.14593233249781],[-115.09826930782647,42.14581580541461],[-115.0981935317849,42.14575438666477],[-115.09719276407809,42.14494323458265],[-115.09672854012052,42.14457594187495],[-115.09644490262093,42.14445040437508],[-115.09592015262179,42.14427678041708],[-115.09523275678947,42.143890454375914],[-115.09433118595759,42.143187545002036],[-115.0929603297097,42.142113122087046],[-115.09264732658515,42.141856030420804],[-115.0922453067941,42.14152438667123],[-115.09168400158664,42.14107828875527],[-115.09140315471213,42.14093235229721],[-115.09107080054594,42.14078015021411],[-115.09059672762999,42.140656321047636],[-115.08997762554766,42.140544007506136],[-115.0895038651317,42.140438172089645],[-115.08896618909084,42.14030931271486],[-115.08845233909172,42.140158826256815],[-115.08795302867577,42.139973304381975],[-115.08754705575974,42.13976326688235],[-115.08733747659342,42.13953782521602],[-115.0872225515936,42.139185418966605],[-115.08701482763558,42.138537815842604],[-115.08688224430246,42.13821484605149],[-115.0866010838862,42.13769402834391],[-115.08644167451149,42.13739494188603],[-115.086088446387,42.1367273179287],[-115.08593971201225,42.136521588762385],[-115.0857229026376,42.13622643772121],[-115.08546755576297,42.135976675221634],[-115.08514259743015,42.135724193971996],[-115.08427312763985,42.135294481472606],[-115.08256942764244,42.13454840855709],[-115.08132832660272,42.13414357001602],[-115.08070182556202,42.133946836683016],[-115.07991483389657,42.133739216891684],[-115.07909579952288,42.13360395960022],[-115.07668769848495,42.133233668975805],[-115.07601593390262,42.133040710642774],[-115.07565557036156,42.132838082518134],[-115.07533984223704,42.132593362726844],[-115.07492244015435,42.13205801585262],[-115.07397280369746,42.13081616272956],[-115.07321799119863,42.129823529397854],[-115.07291579744911,42.129123865857174],[-115.07280472036598,42.12881418460768],[-115.07277179119932,42.12847676273319],[-115.07280936411598,42.12819383565033],[-115.07286968390754,42.128003009608975],[-115.0730283464073,42.12790696585913],[-115.07325738494859,42.12785639919252],[-115.07358282557313,42.12778468565095],[-115.07387500057263,42.127712157526055],[-115.07414306828055,42.12764547315121],[-115.07431949640527,42.127524483568095],[-115.07441888703012,42.127320916901716],[-115.07442389953012,42.12672307106924],[-115.07441126932179,42.125975671070435],[-115.07450431723834,42.12503815023855],[-115.07448666723839,42.12399357628181],[-115.07438235161352,42.12318961794978],[-115.07422229640542,42.12230963149279],[-115.074287650572,42.12188120857683],[-115.0744029693218,42.12154577941056],[-115.07453827557163,42.12132047836933],[-115.07495352036263,42.12083700024508],[-115.07557335681999,42.12029081170426],[-115.0759031432778,42.120121107537784],[-115.07623295265233,42.119951381496435],[-115.07686821723468,42.1197821825384],[-115.07697403806782,42.119764681496804],[-115.07724204223405,42.11968390024685],[-115.07854990577368,42.11951672733042],[-115.07862951723195,42.119512382538794],[-115.079235823481,42.119479296080485],[-115.07958813389712,42.11939853878898],[-115.07975322764686,42.11931953670574],[-115.07981326202174,42.11917957212261],[-115.07981037139679,42.11900921795626],[-115.07976614327181,42.11885474712312],[-115.07963712868872,42.11860813358189],[-115.07961818389704,42.118581353373635],[-115.07937228598075,42.1182337544158],[-115.07912555160614,42.117884964832946],[-115.07876968181506,42.11739943254209],[-115.07841731410724,42.11678879400135],[-115.07737545994217,42.114554883588134],[-115.07696779015116,42.113599260672956],[-115.07655867556849,42.11269507109102],[-115.07636764952707,42.112272861716654],[-115.07632499744382,42.112207680466796],[-115.07601614431934,42.11173564713422],[-115.07583379015297,42.111456952342984],[-115.0755371109867,42.1111344617184],[-115.07515854744565,42.11089018671882],[-115.07484473807114,42.110784701302336],[-115.07442693598848,42.110680189844196],[-115.07440879744678,42.11067787838583],[-115.07368786932297,42.110585956510995],[-115.07347409015661,42.11059263671932],[-115.07297345578236,42.11067163880251],[-115.07237629744998,42.11076501692737],[-115.07192332870068,42.110801917969006],[-115.07137254015989,42.11077439296904],[-115.07094458807717,42.11068044505246],[-115.0705271693278,42.11049408151114],[-115.07016106307839,42.11030048567805],[-115.06971754328744,42.110000665886865],[-115.06927208391312,42.10958377942923],[-115.06841200891444,42.108784581513724],[-115.0682462714147,42.10863866172235],[-115.06713773495807,42.10780913464036],[-115.06595138391828,42.107024223183224],[-115.06452549746218,42.10619875130952],[-115.06370363392175,42.10569076381023],[-115.06336150058895,42.10548227526894],[-115.0630104682978,42.10510275756115],[-115.06253340267358,42.104417060687275],[-115.06237783288213,42.10397382735459],[-115.06231053913223,42.10338339714718],[-115.062456289132,42.10269757423159],[-115.062485739132,42.10156249194164],[-115.06204830059102,42.09999043465249],[-115.0617484870498,42.09796678361395],[-115.06167089329988,42.096940777365454],[-115.06181215996634,42.095984795075324],[-115.06224214225733,42.09475707945225],[-115.0623446266322,42.0943778617445],[-115.06232904225719,42.0939873575784],[-115.06224226204904,42.093497303412526],[-115.06210166725761,42.09322392112126],[-115.06190426413286,42.092989319038246],[-115.06141745267529,42.09262007008054],[-115.06070902142643,42.09219430653955],[-115.05958024226152,42.09121403570773],[-115.05940017247006,42.090928621124796],[-115.05934125163684,42.09065785550022],[-115.0591706610121,42.08839882321212],[-115.0592289120537,42.08754042633839],[-115.05930120476195,42.08698024717263],[-115.05938900059512,42.08644355342344],[-115.0595389787199,42.085828612799375],[-115.05979762142785,42.08538715446676],[-115.06008425892738,42.08499274092571],[-115.06033737559363,42.08458285134298],[-115.06055169121834,42.08420261801031],[-115.06081259955124,42.08371497634438],[-115.06083544642621,42.08366522113611],[-115.06115818392571,42.082434927388015],[-115.06122118913396,42.08219475030504],[-115.06121215788399,42.08165271488922],[-115.06103887559256,42.08123610968157],[-115.06082582975957,42.08092829718199],[-115.06061329850992,42.08065145759911],[-115.06042748809352,42.08044295447445],[-115.06034169538532,42.08030367218303],[-115.05991340996928,42.07981338989203],[-115.05962991101141,42.07948615655924],[-115.05935572247019,42.07917458155977],[-115.05906318601228,42.07884856072686],[-115.05875219955443,42.07850355239413],[-115.05835808601341,42.07806699614481],[-115.05807090476384,42.077700394062084],[-115.0573947755982,42.07684201489669],[-115.05690013809897,42.07617559614774],[-115.05672713184923,42.07594752948142],[-115.05637344539144,42.075395754482244],[-115.05604772976699,42.07489101177472],[-115.05579940580901,42.07449477427532],[-115.05562243393427,42.07421044927573],[-115.05543380372627,42.073953249276165],[-115.05523087768489,42.07369747635992],[-115.05489516206042,42.073098996152524],[-115.05446212351944,42.07273587323639],[-115.05442739643615,42.07267346490322],[-115.05443974747784,42.07250561073671],[-115.05451495372768,42.07230338886208],[-115.05486098497715,42.0718465180295],[-115.0549496203937,42.07154174615494],[-115.054938356852,42.07122662219705],[-115.05492608810204,42.07089725657258],[-115.05493906518535,42.070728752406154],[-115.05488595372712,42.0700322274073],[-115.05463341935251,42.06795163886878],[-115.05460023081088,42.067232009703304],[-115.05454695789433,42.06693416699539],[-115.05443675060282,42.06666497949586],[-115.05414875581158,42.0662443294965],[-115.0534808256043,42.06532280241454],[-115.05232547352274,42.06397794824996],[-115.05129810373268,42.06287956491837],[-115.05032680685918,42.062063242003006],[-115.04916497665266,42.06141866492059],[-115.04811572977928,42.06082031596321],[-115.04722801519732,42.06030491283904],[-115.04620663394896,42.05956219825686],[-115.0451414527006,42.05872530554979],[-115.04485716624265,42.058340606592104],[-115.04461471728474,42.05792626700941],[-115.04435994957679,42.057498535760026],[-115.04421205791033,42.05713850555229],[-115.04404209853561,42.05672350451119],[-115.04394382978573,42.05644181805338],[-115.04380762874432,42.05605803367898],[-115.04381706520265,42.05571232117951],[-115.04392377041081,42.05521713472198],[-115.04390027145253,42.05488972326417],[-115.04379737666098,42.05451015451469],[-115.04354728707806,42.05418255451519],[-115.04340841207825,42.054003699307124],[-115.04295310374562,42.05350347534961],[-115.04221620583013,42.05278064410066],[-115.04152199749785,42.05189643160205],[-115.04132771624815,42.05165390972742],[-115.0405143141661,42.050684078478994],[-115.03965338083407,42.04976196910542],[-115.0395673620842,42.049489189939194],[-115.03965472979239,42.04928911598119],[-115.03985657458378,42.0488842566068],[-115.03981011833385,42.04862912119043],[-115.03967693395909,42.0484276701491],[-115.03946334229273,42.048112147232935],[-115.03918477250147,42.047701497233646],[-115.03908844854327,42.04753685869221],[-115.03908591625161,42.047381539942464],[-115.03919940791816,42.04711593265106],[-115.03944511833441,42.04680749723498],[-115.03972041208397,42.04646275452717],[-115.04001624854186,42.0462234701525],[-115.04029571833307,42.046059706611146],[-115.04048961312448,42.04585848890307],[-115.04057067979103,42.0456477972368],[-115.04056725270766,42.04543787119539],[-115.04052141416605,42.0452178264041],[-115.04017879749995,42.044405523280425],[-115.04013703916668,42.04422425348902],[-115.04010214229174,42.04393748682283],[-115.04009595687505,42.043558142031706],[-115.04008907041673,42.04313603369908],[-115.04004931000016,42.04273561703297],[-115.03990834020868,42.042426163908466],[-115.03976837875057,42.04217862432556],[-115.03953829020931,42.04196117536751],[-115.0392277922931,42.04181539411774],[-115.03887901833531,42.04154384932654],[-115.03863942979399,42.04129834932682],[-115.03832609958613,42.04097693891074],[-115.03726380062949,42.039548883704605],[-115.03695615375496,42.039206062871735],[-115.03651607146395,42.038890304538924],[-115.03612607146454,42.038682169122566],[-115.03563347563198,42.038479478497926],[-115.03519871417433,42.038304389956494],[-115.03490666834149,42.03817642954007],[-115.03450002667542,42.03787273995722],[-115.03409081625936,42.037597244124285],[-115.03334591834385,42.037108587875025],[-115.03299461834443,42.036864071208754],[-115.03257616417841,42.03657512433418],[-115.03235564751208,42.03638797329287],[-115.03209850480415,42.03617414516813],[-115.03187336209618,42.03588796183524],[-115.0317381204297,42.03555592641911],[-115.03167928292982,42.035092632669816],[-115.03163110584656,42.03472829517037],[-115.03155747563831,42.03428313371271],[-115.03155395688833,42.033879014963354],[-115.03159311730492,42.033499261839],[-115.03162167772155,42.033210796214384],[-115.03164287251319,42.03284133371497],[-115.03166328709649,42.03242234934062],[-115.03170135897142,42.03216194621604],[-115.03168451001312,42.032055155591216],[-115.03155598397164,42.031949364966344],[-115.03129872251372,42.031915631633076],[-115.03083502980611,42.032003117049584],[-115.03054853709823,42.03202933892457],[-115.03029467459861,42.032019221216245],[-115.02999254647409,42.0319271576747],[-115.02903274960056,42.0314956462171],[-115.02798413814389,42.03108512330108],[-115.02669637043756,42.030687228509976],[-115.02602740481358,42.030506263926945],[-115.0254942714811,42.030362046218876],[-115.02533856210631,42.0303109451772],[-115.02521000168986,42.03019661601075],[-115.02519456835654,42.03011276809421],[-115.02517779335652,42.02994495351113],[-115.02516287564823,42.02960611392839],[-115.02514742668995,42.02951874517854],[-115.02505770273171,42.02900955351259],[-115.02495796731523,42.02862879205488],[-115.02480787564879,42.028308154555376],[-115.02472515898229,42.02804770768074],[-115.02461042564909,42.027861846222734],[-115.0243496850245,42.02760973476477],[-115.02402323085835,42.02740211705674],[-115.02349250377586,42.027073619140594],[-115.02286952669346,42.02664347851628],[-115.02237836836089,42.02633376497507],[-115.02205389544474,42.02606195143388],[-115.02193838919493,42.02582544414252],[-115.02190313815333,42.02551052643472],[-115.02192367044493,42.025094920185346],[-115.02196865898652,42.02469934622759],[-115.02192637981993,42.02413345456183],[-115.02197723815317,42.023160291021675],[-115.02197725481983,42.02278428268897],[-115.02197872669484,42.0224994378977],[-115.02201629231979,42.022205270189865],[-115.02208351523639,42.02187704727366],[-115.02214348086125,42.021662620190746],[-115.02224514752778,42.021410656649344],[-115.02241415690254,42.02121663894138],[-115.02263646106884,42.02095684727508],[-115.0229405194017,42.02071096081722],[-115.02323264544295,42.02047419102588],[-115.02346307565092,42.02015690560968],[-115.02363112669231,42.0197140826937],[-115.02386079544193,42.019161518111225],[-115.0240446714833,42.01857671186214],[-115.02414852148314,42.018087186862886],[-115.02422070273303,42.01769249623856],[-115.02427133710798,42.01727324623916],[-115.02427566002461,42.016977123322924],[-115.02426709960797,42.01644355874044],[-115.02427759752463,42.0161575087409],[-115.02425676523296,42.01579968686648],[-115.02418632773312,42.01555038374178],[-115.02403734544167,42.015297279575606],[-115.02382383815035,42.01497495040933],[-115.02356292044239,42.01452020666011],[-115.02347983710915,42.01423498478561],[-115.02349008606753,42.01393318686934],[-115.0237209194005,42.01326464207872],[-115.02373929127542,42.013250307703736],[-115.02374115585879,42.01324502332876],[-115.0240050433584,42.01302220978744],[-115.02420040898306,42.012915487912586],[-115.0245087089826,42.01282875145438],[-115.02454629127419,42.01282625770437],[-115.02469151419062,42.01281662332934],[-115.02507086419008,42.01277124207944],[-115.02551974335601,42.01267275145462],[-115.02581328710556,42.01254415457985],[-115.025966256897,42.01242730666336],[-115.02608117460517,42.01233153478849],[-115.02611905481342,42.01229996916356],[-115.02621487460495,42.012131141038815],[-115.02643568606294,42.011856221247584],[-115.02671396835417,42.01165427124788],[-115.02696444231213,42.01147356395649],[-115.02728579126995,42.011323717081716],[-115.028126883977,42.01110622749873],[-115.02876439855929,42.01102993895715],[-115.02916648605868,42.01094405458235],[-115.029609320433,42.01088378895742],[-115.03015116730715,42.010784360832574],[-115.03070653918134,42.01058798374951],[-115.03113437251397,42.01034660354152],[-115.03155393501333,42.010153693125254],[-115.03198022147096,42.0098166285424],[-115.03235820272039,42.00947997854295],[-115.03254432563676,42.00922837021001],[-115.03267511730327,42.00891535666878],[-115.03275883188645,42.008678172294154],[-115.03279573396976,42.008346856669654],[-115.0327990235531,42.00817683583659],[-115.03280610584471,42.0078671681288],[-115.03280795271974,42.00760821708742],[-115.0328165027197,42.00739085562949],[-115.03282022980301,42.00729289208798],[-115.03280205584474,42.00686506083865],[-115.03269335167823,42.00623615875628],[-115.03263925584496,42.005501786882384],[-115.03267196105327,42.004913606675004],[-115.03278202146977,42.004567563967214],[-115.03280590792802,42.0044924795923],[-115.03295408501116,42.00408172542633],[-115.03300732355274,42.003892284801616],[-115.03300562459442,42.00378731917675],[-115.03300409542773,42.003692851468536],[-115.03298815688613,42.00357751813537],[-115.0329579704278,42.003451811885604],[-115.03291388396957,42.00333673271909],[-115.0329118443862,42.00321077438599],[-115.03290997771956,42.00309531501119],[-115.0329311631362,42.00266470459521],[-115.03292874542784,42.002515132720454],[-115.03294201001118,42.002465146262146],[-115.03290843396958,42.00212951292933],[-115.03286315792796,42.00194095563797],[-115.03281873188638,42.00180488167984],[-115.03274582459484,42.00164806709676],[-115.03268732876153,42.001512118138635],[-115.03261492876169,42.00138679209718],[-115.03254659230343,42.001085609805955],[-115.03253712667843,42.00094246188948],[-115.03251296626183,42.00056778168171],[-115.03257350792842,42.00033826814051],[-115.03261118501166,42.0002845400155],[-115.03266611105329,42.0002000598073],[-115.03273511834482,42.0001154556408],[-115.03280412042808,42.0000308483492],[-115.03281734126136,41.99997824105767],[-115.03282937563637,41.99985215668284],[-115.03285751626129,41.999792187932975],[-115.03288379646962,41.999736188974786],[-115.0329945068861,41.999619716058255],[-115.0331057193859,41.99953473064165],[-115.03328729751065,41.999449113975174],[-115.0335112600103,41.99937360980862],[-115.03362504126012,41.99934417439196],[-115.03367914542667,41.99932338585034],[-115.03383991834312,41.99927858897542],[-115.03386152667639,41.999275972308745],[-115.03411448188434,41.99925270043378],[-115.03436777355063,41.99925041814215],[-115.03481807354991,41.99924635980886],[-115.03511239021613,41.9991702171006],[-115.03529277042419,41.99901112230916],[-115.03537447667408,41.99884241918441],[-115.0354560183406,41.99866321605969],[-115.03545645375726,41.99866083689306],[-115.03547317667392,41.99863960355981],[-115.0354974485489,41.998460391059986],[-115.03544244646564,41.998046585852286],[-115.03540994334064,41.99771814522786],[-115.03534190688242,41.997430552519965],[-115.03529014959088,41.997217108770315],[-115.03514160688275,41.99699215877066],[-115.03493839646643,41.996745186896014],[-115.03476966834165,41.99657783585468],[-115.03471359959178,41.9965315212713],[-115.03449735896709,41.99635288168824],[-115.03428303188413,41.99616567335525],[-115.03387211730136,41.9960094493972],[-115.03386917146806,41.99600833377217],[-115.03377359334318,41.99591310043897],[-115.03361085896847,41.995638997314444],[-115.03353859438523,41.99520684835677],[-115.03361355271848,41.99485701814889],[-115.03377256521823,41.99455651398272],[-115.03401760167617,41.99424151189993],[-115.03434423917565,41.99405559419183],[-115.03478791938329,41.99379012856731],[-115.03512551209108,41.993377898359654],[-115.03544087146565,41.99318062960988],[-115.03550928813218,41.99317163273495],[-115.0356556808403,41.99315238794325],[-115.03597740271482,41.99312597440162],[-115.0363219766726,41.99305207231839],[-115.03656160063053,41.992912533776995],[-115.03678131104687,41.992724777527215],[-115.03698209021324,41.99245689315271],[-115.0370017308382,41.99240019419446],[-115.03749268083742,41.99182518482026],[-115.03771938708708,41.99142527127927],[-115.03773134542041,41.99139477544596],[-115.03774241833709,41.991384643154376],[-115.03794858187842,41.990941296279985],[-115.03821545375298,41.990610702530525],[-115.03845751208591,41.99039140773918],[-115.03872241208552,41.99012461815628],[-115.0389003318769,41.9899042254483],[-115.03920604958478,41.98970197024031],[-115.03953411208425,41.98946817857405],[-115.03996908083359,41.98923621815763],[-115.04027234333311,41.9891137233662],[-115.04052989124938,41.98908619315794],[-115.04076313395734,41.98915401919946],[-115.04118782770672,41.989257027532595],[-115.04142546937301,41.98918127961607],[-115.0415785683311,41.98907217649127],[-115.041649065206,41.9888659056582],[-115.04163599333101,41.98859436920032],[-115.04162194541438,41.98835472857572],[-115.04165273499763,41.988039958784576],[-115.0417927516641,41.98746181399375],[-115.04175052353919,41.98698991816121],[-115.04152629853951,41.98653213378688],[-115.04129416312321,41.986315072328864],[-115.04120651937336,41.9859324681628],[-115.04132405270651,41.98560072753834],[-115.04142668395633,41.985036524414184],[-115.04205611520534,41.98434242129026],[-115.0422265933301,41.984036601499106],[-115.0423823141632,41.98378726191612],[-115.04254068395461,41.98360016295807],[-115.04258205895457,41.98355127233317],[-115.04275945687097,41.983346824416806],[-115.04288242562075,41.98317334733378],[-115.04291595270405,41.983126054625465],[-115.04295931520397,41.98298153587572],[-115.04301124020391,41.98280848483431],[-115.04304325374551,41.98277215045939],[-115.04307369853711,41.98273758170943],[-115.04312204541203,41.98268269837613],[-115.04323048812023,41.98257409733468],[-115.04345109228655,41.98248914004313],[-115.04423133811866,41.98225405879356],[-115.04464106207634,41.98204682441887],[-115.0451914870755,41.981728109836006],[-115.04596124957432,41.98118662129526],[-115.04674001519813,41.98044577129641],[-115.04706605686427,41.98013521088011],[-115.04747013498861,41.979711047339165],[-115.04792357561291,41.979147489006664],[-115.04829599644569,41.97872112234069],[-115.04861994436185,41.978172334841496],[-115.04894771727801,41.97733813380118],[-115.04905912040283,41.976703109843825],[-115.04911111102773,41.97628780567781],[-115.04911377977771,41.9758673640118],[-115.04912793811104,41.97569592963706],[-115.04915098394436,41.97559714005381],[-115.04949453081883,41.97538801401251],[-115.04954898706869,41.975354861929276],[-115.04995758185976,41.97528201297099],[-115.05034431623413,41.9752247431794],[-115.0507946849835,41.9751845088045],[-115.05128659644102,41.9751224338046],[-115.05146295581574,41.97508512547136],[-115.0516614391488,41.97504641401308],[-115.0523462495644,41.974896139013204],[-115.05286934227189,41.974671580680315],[-115.0529284995635,41.974646183805355],[-115.05310632039652,41.97442576193067],[-115.05317870685474,41.974155674431074],[-115.05328791518794,41.974001550472956],[-115.05390925685361,41.97363670255684],[-115.05472438601903,41.97324115359913],[-115.05553359643442,41.97289279734967],[-115.05587136101724,41.972487793183696],[-115.05641915059971,41.971423677560296],[-115.056694492266,41.97075245047801],[-115.05675761518258,41.96971685672962],[-115.05692958080726,41.969305090063585],[-115.05715664851527,41.96917842964713],[-115.05732076622331,41.96914282339724],[-115.05796037559737,41.96897334110578],[-115.05836236413835,41.96883705673097],[-115.05877697767941,41.96869650568953],[-115.05934595059517,41.96849797756483],[-115.05997166934422,41.968283190065215],[-115.0602751672604,41.96818456194032],[-115.06049274642675,41.968097657773754],[-115.06053802559337,41.96807165360716],[-115.06057976517661,41.968047677565536],[-115.06076855371798,41.96793920777409],[-115.06096487455103,41.967775902565975],[-115.06115508600902,41.967533473399676],[-115.06123145059229,41.967345151524945],[-115.061388478717,41.96688743798402],[-115.06150258080015,41.9666114609011],[-115.06186681204962,41.96599401611044],[-115.06223612038235,41.96559119736108],[-115.06236423704883,41.96507635257016],[-115.06227827975734,41.96448101194609],[-115.06222664329903,41.96394249319698],[-115.06225528704903,41.96344590882269],[-115.06241916413211,41.962971896323445],[-115.06266547142336,41.96246884319926],[-115.06307202558939,41.96205978903313],[-115.06345889642216,41.961689450492074],[-115.06357590579694,41.96135626820097],[-115.06371428392175,41.961023448409804],[-115.06389444433815,41.96072324841028],[-115.06411782246278,41.96040782028575],[-115.06432128496249,41.960044183827954],[-115.06448006204558,41.959743618203454],[-115.06457762350375,41.9593462671624],[-115.06455736621211,41.95911082341277],[-115.0644618432956,41.9587507223716],[-115.06436812871237,41.958496866122026],[-115.06433725475411,41.958474076538785],[-115.06409762558782,41.95809294216434],[-115.0639352307964,41.957605498415056],[-115.0638501755882,41.95739159841544],[-115.06393608808804,41.95690855674949],[-115.06417958808773,41.956670216124905],[-115.06445905683722,41.95647540258349],[-115.06471869642017,41.956183974458945],[-115.06477530683672,41.95610148904249],[-115.06500392141974,41.955858255709494],[-115.06537445996082,41.9556251088349],[-115.06557806933552,41.95533581716863],[-115.06568076412702,41.95511484425228],[-115.0657643110019,41.954897905710965],[-115.06581302871012,41.954762949461156],[-115.06623465370949,41.954003947379114],[-115.06670243808378,41.95332227029679],[-115.06709597454147,41.952468779673076],[-115.0676401287073,41.95219712446517],[-115.06818429016481,41.951925472382264],[-115.0683835984978,41.951606032799425],[-115.06845939120605,41.951254197383285],[-115.06897347037193,41.95045669425958],[-115.06920932037157,41.95032729842644],[-115.06941454120455,41.95010555988509],[-115.06949341620441,41.94988445676042],[-115.0695819537043,41.949695131760706],[-115.06964258078756,41.94952052134433],[-115.06961645370427,41.94931491509464],[-115.06959918078758,41.949133532803295],[-115.06958204328765,41.94891050780359],[-115.06958120787097,41.94890815259533],[-115.06960205891262,41.948741006762155],[-115.06955292557933,41.948119409888115],[-115.06933494641301,41.94761491301396],[-115.06930060057971,41.94705279113974],[-115.0694985328711,41.94650314322403],[-115.06965822141252,41.94615741509953],[-115.06968069224581,41.94614296822455],[-115.06999134641201,41.94594326718323],[-115.0705323255778,41.945884599474994],[-115.0714234057848,41.945898923433305],[-115.07219980057522,41.94581004322511],[-115.07266299744954,41.94567558280866],[-115.07340111724005,41.9451292161428],[-115.07393171932256,41.944530180727],[-115.07422688182207,41.94425976926917],[-115.07446756203007,41.94406349635279],[-115.07464960786308,41.94398106197793],[-115.07480363911287,41.94391131822802],[-115.07500893182089,41.943833182811495],[-115.07540775265359,41.943708353644986],[-115.07577091931967,41.94353869635359],[-115.07583466723628,41.943508057811975],[-115.07613110161083,41.943365617187226],[-115.07666326827666,41.94312998385424],[-115.07775722764995,41.94253936302177],[-115.07825646931582,41.942242678647254],[-115.07856559327372,41.9420827838559],[-115.07885667452325,41.94197049843938],[-115.07925411098097,41.94184712760628],[-115.07956202660546,41.94170698802309],[-115.07973583181354,41.94161413698157],[-115.07989209327162,41.9413933130236],[-115.07993957972991,41.941310123440424],[-115.08002746827141,41.94115618281565],[-115.08018565472953,41.94087154844109],[-115.08027479014602,41.940709278649656],[-115.08035820472924,41.9406011317748],[-115.08090879952005,41.94002036823402],[-115.081160198478,41.93953787240147],[-115.08111309014475,41.93889181615245],[-115.08083296306182,41.93832480573674],[-115.08046387452073,41.937704004696016],[-115.08034697347928,41.93736258802985],[-115.0804491203541,41.93679831407243],[-115.08048450889572,41.93660995990603],[-115.0804735693124,41.936276272406545],[-115.08041966722915,41.93602107969868],[-115.0803800932709,41.935815517198975],[-115.08041338597916,41.93563068594921],[-115.08050669327065,41.93551255886607],[-115.08070735264539,41.935350344283016],[-115.08137126931099,41.9352815401164],[-115.08236586305947,41.93523153699154],[-115.08328030784969,41.93505692970014],[-115.08410062972344,41.93461390678414],[-115.08461365472266,41.93407812657661],[-115.08495981201378,41.933602201577344],[-115.08534344638815,41.93308125366144],[-115.0857174745126,41.932654514078806],[-115.08603006409545,41.93236258491261],[-115.08617922972019,41.93222327449615],[-115.08631085367836,41.93189089637169],[-115.08628822242837,41.9313765515808],[-115.08630535680334,41.93124341824769],[-115.08625233180346,41.93064456512355],[-115.08628824742834,41.93009949533281],[-115.08620361201184,41.92949844950036],[-115.08647839846975,41.928827102626464],[-115.08668115888611,41.92822218075234],[-115.08680082867755,41.92751627137845],[-115.0870234380522,41.927007958879265],[-115.0870534776355,41.92651009429671],[-115.08702323701056,41.92598424325583],[-115.08683773076086,41.92541240471507],[-115.08665412242779,41.92471641617449],[-115.08662379534451,41.92430095263346],[-115.08662834221951,41.924219657841974],[-115.08665844534448,41.924047230758866],[-115.08685696513584,41.923728697426014],[-115.0870724526355,41.92359023596788],[-115.08729272138517,41.92337046617653],[-115.0874356901349,41.923166430760205],[-115.08753746721811,41.922879220344015],[-115.08754143284307,41.922728914094236],[-115.08767454638456,41.92228456617834],[-115.08777070992606,41.92176747972079],[-115.08783820575928,41.921224600554964],[-115.0880596911756,41.920740767222284],[-115.08803951305067,41.920290606806375],[-115.08790185784255,41.91994343180687],[-115.08769306305116,41.91957184534914],[-115.08757184013471,41.9193833797244],[-115.08754415367639,41.91927068389123],[-115.0875471661764,41.91918340368308],[-115.08760134325968,41.919066018266655],[-115.08765383180123,41.91894232139176],[-115.087799984926,41.918734948475425],[-115.08796250575911,41.91847610889247],[-115.08814008284219,41.91820523180965],[-115.08815194846716,41.91818245055968],[-115.08837907138341,41.91777569326865],[-115.08848030054999,41.91761158701878],[-115.08858679534148,41.91738689743581],[-115.08865927659132,41.91720804639454],[-115.08867430679965,41.9171791713945],[-115.08887445888269,41.916585397437196],[-115.08909717867402,41.915732437021745],[-115.0892026890905,41.91538284431394],[-115.08921373388216,41.91534626202234],[-115.08937707346524,41.91499864014793],[-115.08954813700666,41.914391525565556],[-115.08979706408958,41.91367075889995],[-115.0905459276301,41.91226092765213],[-115.09081696304635,41.91187499744445],[-115.09102388075434,41.91174069119461],[-115.09172980679496,41.91135832036191],[-115.09238211929393,41.91107023911232],[-115.09289136304311,41.910809991196054],[-115.09312092866776,41.91062873494628],[-115.09323115262596,41.91054170682153],[-115.09340959429232,41.91028931098857],[-115.09367773075024,41.90989476932252],[-115.09380367137503,41.90968549119777],[-115.09400908595806,41.909360979739965],[-115.09405882658297,41.90928240369844],[-115.09426050366602,41.90897875890721],[-115.09464109116539,41.908497437033056],[-115.09492744637328,41.90816029432518],[-115.095547066164,41.907176242243374],[-115.09588440053847,41.906869596410466],[-115.09666220262062,41.90599499537022],[-115.09693903282852,41.9055618391209],[-115.09754772866091,41.904508876622515],[-115.09768829324399,41.90383622349857],[-115.0979580463686,41.903448046415875],[-115.09834939740968,41.90319193391625],[-115.09868099740913,41.90308037662479],[-115.10072772553092,41.90250788704226],[-115.10212497969549,41.902033242251434],[-115.1035075703183,41.90167660371028],[-115.10445160365015,41.901585341210435],[-115.10547537552362,41.90163201204364],[-115.10665328906346,41.90173052558516],[-115.10777052968665,41.90183687454337],[-115.10875922760181,41.90185088600163],[-115.10974808176695,41.901829399543395],[-115.11049684634914,41.901793853710025],[-115.11157061822247,41.90160404641872],[-115.1121922036382,41.901534465168794],[-115.11260456509588,41.901492106835526],[-115.11330773696977,41.90137724121068],[-115.11401626821869,41.901314199544174],[-115.11472533071753,41.90123002350257],[-115.1152697150917,41.901186186002654],[-115.11590434529903,41.901060140169555],[-115.11654658175637,41.90093566204472],[-115.1171714380054,41.90075439850335],[-115.1174083775884,41.900678348503476],[-115.11778233904613,41.90062743287856],[-115.11940085466864,41.900262371420745],[-115.12179351716492,41.89956549121354],[-115.12181882758152,41.89956239121354],[-115.12182475258153,41.89956200371355],[-115.12363449424538,41.899252709964024],[-115.12419815361955,41.89910212246422],[-115.12496095257667,41.89883900475633],[-115.12533281507609,41.898541844340095],[-115.12566382445056,41.8981801672574],[-115.12601505778338,41.897726417258056],[-115.1263733744495,41.897206109967236],[-115.1266067286158,41.89690654434264],[-115.12738877340621,41.89563711205295],[-115.12807170986349,41.89449387351309],[-115.12856692965443,41.89392174434727],[-115.12896495882046,41.89349593809793],[-115.1293221150699,41.89315651830679],[-115.1295991390278,41.892897739140594],[-115.12992794006897,41.89270364955751],[-115.13039136610992,41.89242741934957],[-115.13085449423421,41.892118847475096],[-115.13120740256699,41.8919366172671],[-115.13257659527316,41.891146798518236],[-115.13327334631379,41.890691221435645],[-115.13391684735446,41.89023187247803],[-115.13447079214524,41.88991268289519],[-115.13499246506109,41.88960195789563],[-115.13550476714363,41.88930119435447],[-115.13616527547595,41.888934717271674],[-115.13661689839194,41.88874521206366],[-115.1366395796419,41.888727494355344],[-115.13759147026542,41.888367346439274],[-115.13915396088801,41.887798255815134],[-115.13957868067901,41.88765123185703],[-115.14091118067694,41.88724672352432],[-115.14217229109164,41.88686601102487],[-115.1429813087987,41.8865804735253],[-115.14386170879732,41.88634252977576],[-115.14496656087897,41.8863445547757],[-115.14528377129511,41.88643085894228],[-115.14707529004234,41.886887462066554],[-115.14918606920571,41.887080314149564],[-115.15116177336932,41.887335259982514],[-115.15313800253294,41.88752267977389],[-115.15420269211461,41.88774108081522],[-115.15494999836346,41.888103327689656],[-115.15537830982112,41.888317482897634],[-115.15572815773726,41.88867296310542],[-115.15592821086194,41.88937712143767],[-115.15630656815303,41.89008165581156],[-115.1565755212776,41.8905105370609],[-115.15755936294272,41.8916557026842],[-115.15807450356692,41.892099839141814],[-115.158658750441,41.89244660268293],[-115.15909475669037,41.89264208393265],[-115.16007252023053,41.89298277039039],[-115.16029343377181,41.893023016223715],[-115.16048011502153,41.893021841223735],[-115.16099990668738,41.89295887143214],[-115.16162892751976,41.89276007872409],[-115.16219299418555,41.89243879434956],[-115.16279607960126,41.89206124330848],[-115.16337931085036,41.89166388601744],[-115.1636883577249,41.89148499330936],[-115.16392960772454,41.8912654131014],[-115.16452572855695,41.89108671935166],[-115.16527032647242,41.891003594351815],[-115.16603992647123,41.89100689851845],[-115.1671122473029,41.89108360268499],[-115.16785901396842,41.891134764143246],[-115.16904817854994,41.89137335372626],[-115.17088906604704,41.89169012247576],[-115.17393638895896,41.89204199539189],[-115.17696695978759,41.89201171935021],[-115.17862564103507,41.89202944122526],[-115.17945844624211,41.8919104641421],[-115.17983028999153,41.89176173185061],[-115.17998103582461,41.891664650600774],[-115.18016849207432,41.891593397475894],[-115.1804076743656,41.89150248185101],[-115.1809326837398,41.89124881205974],[-115.18117260561445,41.890910223518645],[-115.18118273269772,41.890895933935326],[-115.1813843326974,41.89053484331087],[-115.18157991186378,41.89026953497796],[-115.18184813478001,41.89007515372823],[-115.18205379623807,41.88997305477012],[-115.18223534727947,41.8897532328954],[-115.18236932540424,41.88954787039576],[-115.1827745472786,41.88931842247942],[-115.18340858998597,41.88905360268817],[-115.18399271394338,41.888791519355266],[-115.18478988060885,41.888548764147245],[-115.18528453581638,41.888428901647494],[-115.18576462956567,41.888317704772646],[-115.18666172748091,41.88806762248143],[-115.18754203060456,41.887905963106604],[-115.18814117018697,41.887867542273355],[-115.18880435664425,41.88783012456509],[-115.1894321274766,41.88774807664852],[-115.18999958789239,41.887608389148724],[-115.19048086705828,41.88745755998232],[-115.19097685247421,41.887289815190904],[-115.19149463268172,41.88710644748289],[-115.19220680768065,41.886846343316606],[-115.1927912118464,41.88662025269195],[-115.19320010976242,41.88646297769218],[-115.19367697851169,41.886215119359235],[-115.19432553580236,41.885938036026396],[-115.1949295972597,41.8857241016517],[-115.19589567538321,41.885547763110296],[-115.19660377121544,41.885431204777184],[-115.19722423267284,41.885393072485435],[-115.19772696704706,41.88541319644382],[-115.19812793267141,41.88545287248543],[-115.19828290662952,41.88546820998539],[-115.19885220767033,41.88547714331874],[-115.19941777537775,41.88561901519354],[-115.20012939725167,41.88563017456851],[-115.20091367537542,41.885589267276885],[-115.2014867118329,41.88546524436043],[-115.20222965974841,41.88524432352744],[-115.20281008058083,41.88505411206939],[-115.20341150037154,41.88478336519478],[-115.20393157016242,41.88459911311166],[-115.2045695430781,41.884315445403814],[-115.20487230245267,41.884055220404306],[-115.20544978057671,41.88377164540469],[-115.20617329307561,41.883357348530396],[-115.20664402432487,41.883072099572516],[-115.20729190140719,41.88281621832293],[-115.20791087119791,41.88232047769863],[-115.20838604515552,41.88187568290768],[-115.20883762223816,41.88162861519968],[-115.2090005514046,41.881539472491525],[-115.20968546911183,41.881230950617045],[-115.21029995765252,41.88089473290917],[-115.21091295973493,41.88061167978468],[-115.21148666494237,41.8804610193682],[-115.21216785869132,41.88028542249342],[-115.21273934306544,41.880214520410284],[-115.2132396659813,41.88014250686865],[-115.21402757952177,41.87996856416061],[-115.21440298889617,41.87985758186916],[-115.2150717784785,41.87965985791107],[-115.21596509410212,41.879413483953115],[-115.21626296597663,41.879281996453315],[-115.21672184410092,41.87907943812033],[-115.21755048784962,41.878719900620915],[-115.21848734097318,41.87830883707984],[-115.21917069513876,41.87805343499689],[-115.21964058055472,41.87779471937231],[-115.21999198784586,41.87763806103926],[-115.22011755763731,41.87758207978931],[-115.22083164930285,41.87711179333171],[-115.22117925971902,41.87699704854017],[-115.22180398367634,41.876790837082225],[-115.22232506075886,41.876651647499095],[-115.22323958575748,41.87636086208291],[-115.22365466909014,41.876173796458126],[-115.22417381804769,41.875909330833565],[-115.22468700763022,41.875588156875686],[-115.2256026690871,41.87517501104302],[-115.22782597325032,41.8736598985454],[-115.22808883366662,41.873422772504085],[-115.22827202429129,41.873056449588006],[-115.22830521699963,41.872912256879935],[-115.22853889095757,41.87253232979714],[-115.22902967949847,41.87214674542273],[-115.23038818157971,41.87158452459027],[-115.23255938261798,41.87101807354955],[-115.23399537428242,41.870472979800375],[-115.23561519927989,41.86946422355188],[-115.23757676906854,41.86774064855462],[-115.23764009927676,41.867656643346386],[-115.23943778156564,41.86527215064182],[-115.23948676281555,41.86519491939186],[-115.23992701281492,41.86450079022634],[-115.23995142427316,41.86446230168464],[-115.2405392076056,41.86392562772718],[-115.24085641593842,41.863035446478584],[-115.24093144927167,41.86125716418965],[-115.24086653989679,41.86059584127405],[-115.24106470864643,41.85870469856864],[-115.24238835447774,41.85515209336579],[-115.24345904926776,41.852958667327535],[-115.2435849159342,41.85221391837031],[-115.24363251905913,41.85185699649593],[-115.24344215343444,41.85147628607981],[-115.24308488155998,41.85130735899676],[-115.2418784253119,41.85148914024652],[-115.24018456177282,41.85154066107973],[-115.2389069940665,41.851310952746736],[-115.23743422115213,41.85111557566379],[-115.23610213990416,41.8508107110809],[-115.23425054199038,41.849541985041206],[-115.23391427844923,41.84889926629215],[-115.23348526594987,41.848079279835076],[-115.2333419044918,41.84734295587797],[-115.23339124720002,41.84706416212836],[-115.23373841074118,41.846382313171105],[-115.23417979094883,41.8458361517136],[-115.23509024094739,41.84476621109023],[-115.23547096907178,41.84414754338286],[-115.23573270032142,41.84340991734239],[-115.23588743469615,41.84236820901066],[-115.23629859407055,41.840558224638464],[-115.23728950865234,41.838232765267016],[-115.23781577635981,41.83741228506001],[-115.2389566596914,41.83623933818685],[-115.24072068781368,41.83462179548098],[-115.24107511906311,41.8342541423566],[-115.24195935031173,41.833107205900035],[-115.24215961593644,41.83274493090051],[-115.24253367947752,41.83165166944393],[-115.24258334718576,41.83132972777774],[-115.24250674406092,41.82955263403055],[-115.24232586801952,41.82842138507394],[-115.24221674197798,41.82748547465873],[-115.242219266978,41.82737806528391],[-115.24228174197788,41.82673250903491],[-115.24230581906119,41.82644959966032],[-115.24225164406131,41.826112498619196],[-115.24216116176973,41.825801674661335],[-115.24208362531152,41.82553531528674],[-115.24183868052023,41.82495921320434],[-115.24160163260393,41.82455775070494],[-115.24135893781266,41.82423801008044],[-115.24111600239638,41.82381008820614],[-115.24104470343815,41.82362953820636],[-115.24100265447986,41.8234380840401],[-115.24088858468838,41.82269797362447],[-115.24088561906342,41.82115027779355],[-115.24080842739689,41.82040463300309],[-115.24083628260514,41.8189361757137],[-115.24084340239682,41.8188344298805],[-115.24092268885501,41.817700699673914],[-115.24108752947974,41.815819208010154],[-115.24116201697963,41.81441962051236],[-115.24125950239615,41.81361679447196],[-115.24126230135448,41.81280752572322],[-115.24139135864594,41.81226872364068],[-115.24158638468732,41.811448712183626],[-115.2418215930203,41.810821895517925],[-115.24236255343611,41.80969086322798],[-115.24236480135278,41.80968617885305],[-115.24255261593584,41.809553545519876],[-115.24272484718556,41.809517837186654],[-115.24327608155971,41.80958750489487],[-115.24442374301624,41.80983212676951],[-115.24481142843229,41.80986857989442],[-115.24507824926525,41.80991240489435],[-115.24559926384774,41.81003860281086],[-115.24583973676404,41.810109808019035],[-115.24628327634669,41.81035041114372],[-115.24688273988744,41.810808611142996],[-115.24742494926159,41.81124784655895],[-115.24771315030279,41.81153255801684],[-115.24801527842733,41.811932471557895],[-115.24834794301017,41.81238193509887],[-115.24877072842615,41.81310804655606],[-115.2493365648836,41.81386650072154],[-115.24954723884161,41.81441427051235],[-115.24985423675781,41.81488077988669],[-115.25010705134076,41.81521184655284],[-115.25045617842352,41.81538641113586],[-115.25093773883947,41.815416505927494],[-115.25155774092184,41.81553088405228],[-115.25212959404591,41.815567000718865],[-115.25265328779513,41.815573018427244],[-115.25303853258623,41.81545864863574],[-115.25316084508603,41.81539253196919],[-115.25326125341917,41.81533825696924],[-115.25369465550187,41.81527806321932],[-115.25399562841807,41.81534427676097],[-115.25444157216737,41.81558229655224],[-115.25452615654224,41.815612804885525],[-115.25524362216612,41.815994785093274],[-115.25575739508196,41.81648197988414],[-115.2560616804982,41.81685973613357],[-115.25624266591454,41.81705270800825],[-115.256380820081,41.81723068300803],[-115.2564496638309,41.81736334446614],[-115.25651349091412,41.81741996946597],[-115.25683089508034,41.81770159342397],[-115.25690895341353,41.8177708527989],[-115.25712414299653,41.817750417382186],[-115.25725717632965,41.81769620175723],[-115.25747214612095,41.817513785090924],[-115.25772085966226,41.817299664257895],[-115.25801477737015,41.817028975716624],[-115.25823559195311,41.81681576425865],[-115.25838716174458,41.816675918425474],[-115.25864356174418,41.81615325175969],[-115.25880004611895,41.81572414967701],[-115.25889657007711,41.8153582705109],[-115.25893115653538,41.814971984053145],[-115.25899524820198,41.81391867363813],[-115.25899719403532,41.813909662179796],[-115.25853071382765,41.81250373509874],[-115.25863665341087,41.811891919474625],[-115.25881439091057,41.811475434058615],[-115.25907823049353,41.811136214267464],[-115.25955442111776,41.81088281114286],[-115.25995032528378,41.8107667996847],[-115.26037355653314,41.81081930593458],[-115.26070357528266,41.81098452260101],[-115.26116271278191,41.81113468197572],[-115.26152715861468,41.811278427808894],[-115.2622215284053,41.81132548510054],[-115.26293305861253,41.81123086530891],[-115.26354619298655,41.81101884343428],[-115.2638409679861,41.81084147364295],[-115.26419850236056,41.81056051530999],[-115.26450965965172,41.81037704135198],[-115.26510356381749,41.81023497156058],[-115.26572915339985,41.81013783301903],[-115.266062826316,41.81008588822741],[-115.26669406902334,41.81012864656075],[-115.26744571693884,41.809965289269215],[-115.26816578985436,41.80979978926951],[-115.27005080339312,41.80973696947795],[-115.27057293047568,41.80962947781148],[-115.27102621797495,41.809564931978194],[-115.2714135419327,41.80951972781161],[-115.27166603880727,41.80953681531163],[-115.27254977838925,41.80959664135317],[-115.2737950252623,41.80916667052049],[-115.27443181171964,41.80890026427093],[-115.27520643776013,41.80880982885443],[-115.2755735960929,41.808668014271305],[-115.27587229192572,41.80845661010498],[-115.27615431692534,41.808183126772064],[-115.27640704400824,41.80767212156451],[-115.27679310129933,41.80704335177385],[-115.27682347421599,41.8067659892743],[-115.27700687213235,41.80655593510791],[-115.27718812942375,41.806425653858085],[-115.27743857733999,41.806367338233194],[-115.27746043150665,41.80636224969152],[-115.2775101117149,41.806350683024895],[-115.27768079921464,41.80635324135822],[-115.27783230858938,41.80636233198323],[-115.27900282629587,41.80643253614977],[-115.27962901483659,41.80644251323311],[-115.28069069087661,41.8066095267745],[-115.28144246900048,41.80670796739933],[-115.28204213045787,41.806748502815914],[-115.28273078566514,41.806842670524105],[-115.28372080962191,41.807076242398765],[-115.28498918774496,41.80737622364831],[-115.28611815336821,41.807549177814714],[-115.28649565232593,41.80745814760649],[-115.28662936586738,41.807307346565004],[-115.28670604920065,41.806992259065574],[-115.28659954086744,41.80655652364956],[-115.2865583564925,41.80531573927649],[-115.28655798357585,41.804570962194255],[-115.28677375440884,41.804155949694945],[-115.28689590128361,41.8041005403201],[-115.28760426065755,41.803767465320554],[-115.28838713253134,41.80334419240454],[-115.28920725128005,41.80287581532196],[-115.28944544711307,41.802735070530545],[-115.2898715710707,41.80232944553117],[-115.29025564711178,41.80174704553206],[-115.29089737836081,41.80123239657449],[-115.29145014294322,41.80060338615882],[-115.29174877002613,41.80022215907606],[-115.29224454606704,41.79934574866072],[-115.29239049398349,41.79912932261941],[-115.29244910335838,41.79888253720319],[-115.29251121585827,41.79862102366188],[-115.29249850231662,41.79825759137078],[-115.29261287523308,41.797711177829996],[-115.29267640544134,41.79690426324785],[-115.2927208856496,41.796154516374045],[-115.29282889710778,41.795627168458196],[-115.29291784710762,41.79534759970868],[-115.29299416169084,41.795013254917464],[-115.2930512814824,41.794763059084495],[-115.29310846273233,41.79424141741864],[-115.29305074502412,41.79410210283556],[-115.29283524814946,41.79376489137777],[-115.29249215127497,41.793269302836855],[-115.29242225960844,41.793046925753934],[-115.29206645440064,41.7923988465882],[-115.29177250127607,41.79195304242223],[-115.29147868044323,41.79168954033928],[-115.29129560440181,41.791486560131275],[-115.29102098981889,41.79122982575668],[-115.29072102523605,41.79099574971534],[-115.2906313502362,41.79090481325716],[-115.29048576377807,41.790748198674144],[-115.29048042940309,41.7907424590908],[-115.2903415387783,41.79053290804947],[-115.2902960221117,41.790461253882896],[-115.29025359815343,41.79039446534134],[-115.29025748773677,41.79024821950823],[-115.29036690440324,41.79014344242503],[-115.29046122940309,41.79014989242497],[-115.2906152627362,41.79016044034162],[-115.29087785231913,41.79031065179976],[-115.29114114815205,41.79043427575798],[-115.2913326846101,41.790583426799365],[-115.29149191794319,41.790707428882506],[-115.29150679919314,41.790719021590775],[-115.29185787627596,41.79088384763233],[-115.29219223565042,41.79100852159034],[-115.29254472210823,41.791120166381845],[-115.29286097210775,41.791257870548286],[-115.29309016064906,41.79132778304817],[-115.29355064814831,41.79138781742316],[-115.29406140335584,41.79141342679804],[-115.29441613877196,41.79136613825647],[-115.29441893981362,41.79136578408982],[-115.2953166887706,41.79107858096522],[-115.29560565752011,41.79096612784041],[-115.29587636272805,41.79081054450731],[-115.2958842387697,41.79080491013233],[-115.29608199189438,41.79075959763241],[-115.29690951689311,41.79031382575818],[-115.29714763564273,41.79015309971663],[-115.297207718976,41.79009128096677],[-115.29728838980918,41.789938916383676],[-115.29733326064246,41.789680799717395],[-115.2973590887674,41.789143844509894],[-115.29740991793398,41.7888325163854],[-115.29756935335043,41.78838306951114],[-115.29761674814199,41.78826061326131],[-115.29782864085,41.78761533201233],[-115.29789965959993,41.787300840346106],[-115.29794357314148,41.78689300284675],[-115.29794690334984,41.78684677576343],[-115.29791820751655,41.78651722576399],[-115.29796268459978,41.78599621951484],[-115.29801447730807,41.785424715349116],[-115.29808684293296,41.784858351808225],[-115.2981232981412,41.784767792433364],[-115.29817871376616,41.784630176808555],[-115.29840460751582,41.784444148683875],[-115.29847391272402,41.784387078892266],[-115.29877476064017,41.78419912889258],[-115.29921621063954,41.78396700910131],[-115.29969204188875,41.78371341014336],[-115.29993565022176,41.78353937056024],[-115.30021932522129,41.783296619518985],[-115.30074062938716,41.78266515076997],[-115.30112748042826,41.78235792577046],[-115.3013824356362,41.78208942577093],[-115.30147651167768,41.78157199243831],[-115.30170737001065,41.78121641743887],[-115.30193394084364,41.78094239452264],[-115.3020209856352,41.78079876535626],[-115.3020429783435,41.78067558931474],[-115.30204772521849,41.78057683931491],[-115.30188207313539,41.78005183410733],[-115.3018699179271,41.78000411223247],[-115.30185247626044,41.7799356788992],[-115.3018699991771,41.77981361952445],[-115.301929589802,41.77969328514963],[-115.30212108980169,41.77945391327494],[-115.30227777209313,41.779310286191865],[-115.30239124084294,41.779124320567085],[-115.3024827460511,41.77889241327588],[-115.30255975750937,41.77851668098475],[-115.30265097105088,41.77802286015217],[-115.30267340125914,41.77757202473624],[-115.30273903667576,41.77729076223667],[-115.30289335125882,41.776801193487394],[-115.30312524500845,41.77645971327965],[-115.30327670438322,41.775993766405364],[-115.30370640750755,41.775594186197566],[-115.30378119813247,41.775503584114404],[-115.30412586167358,41.7751849632816],[-115.30447060229803,41.7750297789069],[-115.30466780229773,41.77484715078216],[-115.30487906375573,41.77456503099092],[-115.3050545918805,41.77433511640789],[-115.30508183146378,41.77428306328296],[-115.30521317521355,41.7741720330748],[-115.30564854292123,41.77372521432552],[-115.30584317625426,41.773428827867626],[-115.30602616062896,41.772964994535],[-115.30620912833702,41.7725011768274],[-115.30640301687839,41.77221756641119],[-115.30667261062797,41.77208481745305],[-115.30748966896006,41.77190177787006],[-115.30816064916729,41.77187555182832],[-115.30908684604088,41.77184270391178],[-115.31007898458104,41.77179048412013],[-115.31091053562135,41.771751249745215],[-115.3118480949949,41.77162391224546],[-115.31254495645219,41.77164701953699],[-115.31312111374298,41.77177436016192],[-115.31324020540944,41.77178276953681],[-115.31459292207398,41.77187827682837],[-115.31504220123998,41.77190145912004],[-115.31512037311484,41.77191709245342],[-115.31523862311468,41.77195519974494],[-115.31530597207292,41.77201112266156],[-115.31548339290596,41.7721096632864],[-115.31578081998879,41.772248466411135],[-115.31601380957181,41.77224350807785],[-115.31634150436294,41.77215374141128],[-115.3166871366541,41.772126492453054],[-115.31709943665345,41.772164192452905],[-115.31739192102799,41.77214436641128],[-115.31785788248561,41.772085812244676],[-115.31804138977697,41.772088328911444],[-115.31851459810957,41.77212016120304],[-115.31903920123374,41.771988785161604],[-115.3197215293577,41.771868029953374],[-115.3204354199816,41.771749385161954],[-115.32126659185532,41.771448165370714],[-115.32171354393796,41.771168711204524],[-115.32201446372915,41.77104610287133],[-115.32217207727058,41.77097917057976],[-115.322314990812,41.77088353620497],[-115.32242759081186,41.770838918496686],[-115.32252368351999,41.77084721328838],[-115.32265916060317,41.77086866328829],[-115.3227887564363,41.77087078516328],[-115.32293747414441,41.77086228724666],[-115.32304370226922,41.770815555996705],[-115.32310084393578,41.770738216413505],[-115.32335244914373,41.77023135599767],[-115.32342931789361,41.76985559662317],[-115.32384469705966,41.76957401537362],[-115.32414844393418,41.769427771623896],[-115.32491258143297,41.76922355808251],[-115.32525731789076,41.76908829870775],[-115.3257904626816,41.76891058412468],[-115.32617597309769,41.76875544245824],[-115.32626502726418,41.76871479037501],[-115.32652217518046,41.76852556954188],[-115.3266494085136,41.76836898412549],[-115.32667204393023,41.76828273308401],[-115.32672980226351,41.7680626424593],[-115.32686097309664,41.76772414037649],[-115.32699637309639,41.76740256537698],[-115.32730525122092,41.76707253100253],[-115.32739833767916,41.76694559350278],[-115.3275040928873,41.76685080704453],[-115.32751404705391,41.76683699558623],[-115.32784684913673,41.76653516329502],[-115.3280723074697,41.766405966420265],[-115.32845805434414,41.766247813295465],[-115.32875567517705,41.76609423308737],[-115.3290116949683,41.765864348712725],[-115.32927495955119,41.76552491329659],[-115.32948645434254,41.76508677058896],[-115.32997618455012,41.76471493413119],[-115.3303369022579,41.764358231006725],[-115.33072308246564,41.763788965382616],[-115.33087368142372,41.763546321632994],[-115.33095854184023,41.763409583091516],[-115.33113153142331,41.76318392267523],[-115.33155892933932,41.762916589342296],[-115.33197423246366,41.762634972676096],[-115.33245827100461,41.76231035496824],[-115.33300256892038,41.76201358830201],[-115.3336297314194,41.76155572788612],[-115.33395930954396,41.76145880913622],[-115.33403416683547,41.761444662261226],[-115.33458531058461,41.76140599559469],[-115.33536102100008,41.7613238737198],[-115.33600701787407,41.761236362261585],[-115.33672593766465,41.7611475122617],[-115.33715211787234,41.76117029142837],[-115.3374997543301,41.76110121642845],[-115.3376612959965,41.76105880601187],[-115.33789971995446,41.76092667892878],[-115.33800100537097,41.76071890288739],[-115.3380294199543,41.760660591429165],[-115.33805555328759,41.76058512476257],[-115.33816721474574,41.76054376955432],[-115.33831109495385,41.76055150392932],[-115.3384732793286,41.760576856012605],[-115.33862216162004,41.760543771637614],[-115.33887781370295,41.76047942892946],[-115.33959154391023,41.76036065705456],[-115.33989635432636,41.76024405705476],[-115.34029113140913,41.76008751851335],[-115.34044426161721,41.76000634247179],[-115.34062988661691,41.75995145080526],[-115.34088383765817,41.759911085180285],[-115.34097393453305,41.75991580913867],[-115.34122346578266,41.759995185180166],[-115.34141148661568,41.76010656018001],[-115.34153368349052,41.76014110288826],[-115.34173436786519,41.76012343934662],[-115.34264300432211,41.75997009351352],[-115.34268205953039,41.75996388726355],[-115.34275463453031,41.75996115705523],[-115.34309270952976,41.75993942893025],[-115.34358956682064,41.75995990184689],[-115.34389452098685,41.75984459247209],[-115.34463156577739,41.75968351434733],[-115.3449305741102,41.75971872372225],[-115.34517044390151,41.75973187268057],[-115.34542058035949,41.75976271955552],[-115.34573668660897,41.759713512263936],[-115.34605628765013,41.75971381434728],[-115.34639703452461,41.759694416430655],[-115.34658772827437,41.759672001847335],[-115.34688436056554,41.759628525805724],[-115.34720120014839,41.75960901018079],[-115.34767553035596,41.75949794872267],[-115.34745140014797,41.759244848722965],[-115.34735628556479,41.75897658726509],[-115.34723808452334,41.75863535601556],[-115.34704268556526,41.758407990391035],[-115.34671498660748,41.75795748726669],[-115.34640753973292,41.757603567475535],[-115.34615471369165,41.75732473518432],[-115.34581009494218,41.75701594455978],[-115.34553136890099,41.756687764351945],[-115.34507752411002,41.75622880185269],[-115.34460344181905,41.755673245603525],[-115.34430448348621,41.755248472687505],[-115.34396834702841,41.754868815396414],[-115.34387554077853,41.75444834143882],[-115.34364250640392,41.754004175814465],[-115.3432112834879,41.753356256023814],[-115.34286903557178,41.752761921649714],[-115.3426962647387,41.75234559560867],[-115.34239403140585,41.75168252790135],[-115.34218642828115,41.75102578206906],[-115.34215343765625,41.75085406227773],[-115.34220985848947,41.750477777903235],[-115.34243118244746,41.75004226957056],[-115.3426453418221,41.749580473737986],[-115.34303413140486,41.74898752790555],[-115.34332499807108,41.74814994144851],[-115.3433253970294,41.74803273832378],[-115.343358826196,41.74764780603268],[-115.34342997098759,41.74743072582473],[-115.34354798140407,41.74719831749174],[-115.3435012199458,41.74694493624208],[-115.34345068973757,41.7468377987423],[-115.34334771473772,41.74670064145081],[-115.34334234286268,41.74667501853417],[-115.34294599702997,41.74626751853478],[-115.34256660015558,41.74571830603565],[-115.3421754334895,41.74500164666178],[-115.34197397515653,41.74455959770413],[-115.34191953765657,41.74395122791339],[-115.34159992619873,41.74316794145628],[-115.3413641136991,41.742747394581976],[-115.34092497411643,41.742432251874106],[-115.34057432828365,41.74190877062485],[-115.34019214495095,41.741383176875715],[-115.33991304390969,41.74079306437664],[-115.33974878140992,41.74030589562737],[-115.33980525328487,41.73983352271147],[-115.3396866512017,41.73923037479577],[-115.33958263557686,41.73877104458817],[-115.33954732828526,41.738268711255515],[-115.33952380120195,41.73793382479772],[-115.33961979807678,41.73713079667396],[-115.33962468661849,41.73696971229922],[-115.33971915745167,41.73627246750868],[-115.33979817620155,41.735877308134256],[-115.33979053453487,41.73573212375947],[-115.33970790536836,41.735579361259724],[-115.33963000432682,41.73553118313482],[-115.33962940432677,41.73553038625986],[-115.33943813870212,41.73541855084327],[-115.3392462512024,41.73531868209347],[-115.33903672516108,41.73514674251035],[-115.33892738036957,41.73501238417728],[-115.3387428543282,41.734836583135866],[-115.33865821162,41.73467574667783],[-115.3385391105785,41.73447451751147],[-115.33845481057863,41.73430039459506],[-115.3383708564121,41.734112970636986],[-115.33826813245389,41.73396517792893],[-115.33813229599578,41.73372380709596],[-115.33812957412079,41.73372185709592],[-115.33811544078748,41.73368944147107],[-115.33793509391272,41.73332187167988],[-115.33786125641285,41.7331734737635],[-115.33784931474624,41.732631281056044],[-115.33776505849637,41.73247405397288],[-115.33756042412165,41.7322906039732],[-115.337359486622,41.73211046751506],[-115.33725831995548,41.73162752480757],[-115.33706255953912,41.731138233141664],[-115.33678966162286,41.73082986751714],[-115.33667249183141,41.7307490018922],[-115.33665766787307,41.73074335085051],[-115.33650079704,41.73068362689233],[-115.33630727829029,41.73061432376746],[-115.33619151683213,41.7305688529342],[-115.33576002724946,41.73033659772625],[-115.33536994079175,41.73014376960153],[-115.33532219912514,41.730140565434816],[-115.33530759079184,41.7301343185599],[-115.33503355120894,41.73008844876818],[-115.33488298766754,41.730074972726634],[-115.33468912516783,41.730018949809995],[-115.33453861058467,41.72995981856009],[-115.33435883350167,41.72988919981026],[-115.33417906996029,41.72981857585204],[-115.33405634808544,41.72977037064377],[-115.33391979287735,41.72969559251888],[-115.33351735225295,41.72942423731095],[-115.33323880642008,41.729096035228125],[-115.33249136475456,41.7285697071039],[-115.33209563767184,41.728424106062505],[-115.33180353975563,41.72828902585438],[-115.33165789913083,41.72820180189619],[-115.33156181267265,41.72811947793799],[-115.33138708246457,41.72801053627149],[-115.33121063142319,41.727968072729865],[-115.33101643454847,41.72792535189662],[-115.33084066579876,41.72785629356339],[-115.33066525538237,41.72777393523017],[-115.33056013454922,41.727719216480274],[-115.33042159913278,41.7275841914805],[-115.3303004564246,41.72746272481405],[-115.3302137835081,41.72738166023079],[-115.33010901684158,41.7273136362726],[-115.32998684184177,41.72723205814774],[-115.32986364288361,41.727190371689396],[-115.32974112621713,41.7271220800229],[-115.32956433871743,41.72709291439793],[-115.32940529705097,41.727063995647924],[-115.32921005955131,41.72706115710626],[-115.32899743142663,41.72704476127294],[-115.32882029601025,41.72702888627296],[-115.32864456059384,41.727020685231395],[-115.32851926371904,41.72699790502309],[-115.3283851408026,41.726977615439765],[-115.32774845538688,41.72677512481503],[-115.32724686892938,41.72671762898182],[-115.32681398663834,41.72661711856528],[-115.32613173663941,41.72647605294054],[-115.3254320960155,41.726214774815965],[-115.32479834705818,41.72593410919139],[-115.32440310330877,41.72583721231649],[-115.3239555866428,41.72572771335838],[-115.32380431476805,41.7256350446085],[-115.3236847033099,41.725561777941955],[-115.32365470955995,41.72554340815033],[-115.32346625643521,41.72542796127553],[-115.32338566372704,41.725330005025654],[-115.32334720122708,41.72522671752586],[-115.32337061893537,41.725177330025865],[-115.32338477101867,41.725147458150886],[-115.32344677518523,41.72509389044269],[-115.3234627449769,41.72508008627599],[-115.32347559185189,41.72506898523434],[-115.323584150185,41.72499076544279],[-115.32371080643487,41.72489950710963],[-115.32380195330974,41.724807736276446],[-115.32392895435117,41.724703184193324],[-115.32405861268434,41.72453406544357],[-115.32409435122594,41.72448746544366],[-115.32418723247577,41.72432921648556],[-115.32422652830905,41.72418348211075],[-115.32423032830906,41.72403723211098],[-115.32427031685064,41.7238649060696],[-115.32434511164219,41.7237196946115],[-115.3244209324754,41.723534590445006],[-115.32449709601696,41.72333619565373],[-115.32457258143353,41.72316438732066],[-115.32473748351659,41.72296728107095],[-115.32487562518305,41.722828200862864],[-115.32501629393283,41.722645890446515],[-115.32510430747435,41.72252021232171],[-115.32515322934925,41.72247332065505],[-115.32531464080733,41.722152423780585],[-115.32542291893219,41.72177877482283],[-115.32557968039026,41.721265538365266],[-115.32572796059837,41.7208231529493],[-115.32576428768165,41.72025421336686],[-115.32542190851554,41.719397936284885],[-115.32540690539054,41.71931583524337],[-115.32534481789064,41.71897633211879],[-115.32562912830686,41.718197663370034],[-115.326183909556,41.717544513371024],[-115.32643761163894,41.71675209566393],[-115.32644239809723,41.71618103524819],[-115.32645001684728,41.715586351915775],[-115.32739013976249,41.7131792873362],[-115.32749551580396,41.71270509254528],[-115.32756137830388,41.71230993421251],[-115.32754820955387,41.71190159671317],[-115.3272896522626,41.711591221713654],[-115.32706084288799,41.711387897755635],[-115.32690277101324,41.711163968589275],[-115.32693419809654,41.711012091506234],[-115.32698181059642,41.71078198108985],[-115.32717939080446,41.710110207132566],[-115.32732709080422,41.70928796755054],[-115.32749983455398,41.70893596130111],[-115.32796971267823,41.70834515296871],[-115.3281909876779,41.707672959219735],[-115.32838398246923,41.70705992380402],[-115.32851840955239,41.70673383422118],[-115.32851538767738,41.70666793005459],[-115.32854277830232,41.70629590609683],[-115.32853128976069,41.706054131097275],[-115.3285468178857,41.70578245922264],[-115.32856482309398,41.70544499255652],[-115.32857428142727,41.705079842557105],[-115.32856758871895,41.70484832693245],[-115.32853448038571,41.704582530057856],[-115.32841962413585,41.70395236339216],[-115.328328261636,41.70341391130965],[-115.32832322309434,41.70312408943513],[-115.32837986059428,41.7027443748524],[-115.32841133142756,41.70246342485277],[-115.32847890121911,41.70214814568665],[-115.32856028351063,41.70177035089555],[-115.32856108246897,41.70176664777057],[-115.3286277262189,41.70139772172942],[-115.32865224184383,41.70115919881315],[-115.32890968976011,41.70084661443864],[-115.32915922830136,41.70072415923056],[-115.32979710746706,41.70061707589736],[-115.33043866579943,41.70056493110579],[-115.33128623663141,41.7003837581894],[-115.3318130303806,41.70022866131461],[-115.33237979912975,41.70000482173162],[-115.33258581371275,41.69987580610688],[-115.33289482621223,41.69968227694046],[-115.33301074600378,41.69962034569053],[-115.33326694912837,41.699345512357674],[-115.33336658037821,41.699190173816206],[-115.33374661162759,41.69866810090034],[-115.33402447725216,41.69820345194274],[-115.33429020641843,41.697840359234995],[-115.33450137829313,41.697402183194086],[-115.33504740745889,41.696819829028236],[-115.33509351891718,41.696701240486725],[-115.33507209600054,41.69648396236207],[-115.33492322100079,41.696263915487414],[-115.33450133558479,41.69580706861308],[-115.33424312204352,41.6955754686135],[-115.33401360537721,41.695369604030496],[-115.3334303512114,41.69484644778133],[-115.33297370329548,41.69444958528192],[-115.3327328522542,41.694250420698914],[-115.3324895168379,41.69408167382412],[-115.33227527308821,41.69395387590766],[-115.33198564288034,41.69373360507469],[-115.33155531788098,41.69334760715859],[-115.33101872934014,41.69278781549279],[-115.33022159496643,41.692281950910285],[-115.33009305017492,41.69216172486876],[-115.32989655850855,41.691977968619085],[-115.32976696267542,41.69177505091107],[-115.32975310642547,41.691765302994405],[-115.32959758871738,41.69160343424467],[-115.3294591210093,41.691468410286454],[-115.3293185980928,41.691413171744976],[-115.32911919080145,41.69139200716167],[-115.32894712309339,41.691367866536666],[-115.32888787934348,41.69136404674503],[-115.328761812677,41.691355897786735],[-115.32861931996888,41.69134605403675],[-115.32824928142782,41.69124481653681],[-115.32770189080367,41.69104139882884],[-115.32727206684598,41.690917293620785],[-115.32679944080502,41.69088554987073],[-115.3256482126818,41.690951059245705],[-115.32488235122467,41.6911138696621],[-115.32420871268408,41.69109458945381],[-115.32396626268446,41.691053584245566],[-115.32330135435217,41.690826692579186],[-115.32303423768587,41.69063257278783],[-115.32259588456158,41.690378465496536],[-115.32240097414517,41.690284986330035],[-115.32195768872926,41.69021303424682],[-115.32172847935459,41.69016368320525],[-115.32157778143812,41.69013123424699],[-115.32134320956351,41.690064831122044],[-115.32119252206375,41.690022172788765],[-115.32108818873058,41.68999264049719],[-115.32088912310587,41.68993628216392],[-115.3206746897729,41.68986106341406],[-115.3204205335233,41.689761575914204],[-115.32015629706534,41.68966213320603],[-115.31987856373246,41.68955904883114],[-115.31944019185813,41.68942621966472],[-115.3191204460253,41.68936951862311],[-115.31881130123413,41.68932067278987],[-115.31851925852625,41.6892864582066],[-115.31818808248505,41.68925699778997],[-115.31776351998576,41.689247564456636],[-115.31672710227902,41.68929199570657],[-115.31651901790434,41.68927817070656],[-115.31613190436326,41.68921107279004],[-115.31585126165538,41.689136084248474],[-115.31556390019749,41.689045908206936],[-115.31501077832337,41.68880745612397],[-115.31458382832403,41.68865969258253],[-115.31415123353304,41.68855916341608],[-115.31380568040856,41.68846457695784],[-115.31351965436733,41.688335063416424],[-115.31332954603431,41.688231955083225],[-115.31312977103461,41.68806762279181],[-115.31289455332667,41.68792906862531],[-115.31258769291043,41.68779661758393],[-115.31248400332727,41.68777717175065],[-115.31241766582735,41.68776473633391],[-115.31224366061929,41.68782273320885],[-115.31196333874475,41.687916179042055],[-115.3115541231204,41.68805795195846],[-115.31111538978774,41.688255960291514],[-115.31087460749643,41.688338656124664],[-115.31044016583041,41.68844488320793],[-115.3104165470805,41.68845066133287],[-115.31031035228898,41.68848005508286],[-115.31013313874757,41.6884832852912],[-115.30999994083113,41.68843686862462],[-115.30992047312292,41.688409175916256],[-115.30967236270665,41.68831572591642],[-115.30929214916557,41.688161064458335],[-115.30890225645783,41.68797095508361],[-115.30873148562478,41.68790651550043],[-115.30856715125005,41.68787751445875],[-115.30841570750029,41.68787106966708],[-115.30829894500044,41.68790393216703],[-115.30827200437547,41.68791150925041],[-115.30809349187575,41.688054731125206],[-115.30778737937624,41.68819941445831],[-115.30751027521002,41.68832507070806],[-115.30714292312724,41.68845369154123],[-115.30689168666932,41.68851255508284],[-115.3063376939618,41.688586669666016],[-115.30604417625393,41.68860057279092],[-115.30591206792081,41.688652124874245],[-115.30576132417104,41.68878726341568],[-115.3053941022966,41.68901714362371],[-115.3047917002142,41.68950642487285],[-115.30451568771464,41.6898111873724],[-115.30446443146474,41.689876463414016],[-115.30445693458972,41.689886000913965],[-115.30425504813172,41.69012276549695],[-115.30406898250699,41.6903643967466],[-115.30385124292398,41.6905531686213],[-115.30362991375769,41.69072365091265],[-115.30336654396643,41.690867061329136],[-115.30305076584192,41.69103138945387],[-115.30284582105055,41.69113386237043],[-115.30272210334243,41.691195717578665],[-115.30260397313431,41.69123706862026],[-115.30248871792612,41.69125838216185],[-115.3022710033431,41.691231163411906],[-115.30210029292671,41.691130966536996],[-115.30188433771872,41.69100560820392],[-115.30164267313576,41.6908412800792],[-115.30152345021929,41.69077683320428],[-115.30123345334471,41.69066728320445],[-115.30092278459524,41.69061288320455],[-115.30067271376225,41.690585725912904],[-115.3003178012628,41.690572491537885],[-115.30018302417972,41.69054161237131],[-115.29999291376333,41.690424325913206],[-115.29979635959694,41.69032444257999],[-115.29957403043063,41.690185886330205],[-115.29926792001449,41.68983756966405],[-115.29913580751463,41.68970222799762],[-115.29907458980642,41.68954112591445],[-115.29907137001476,41.689447676956384],[-115.2990939210564,41.68928979570661],[-115.29910036584806,41.689130621748525],[-115.29908425543141,41.688979176957105],[-115.2989618148066,41.68876006654072],[-115.2988458106401,41.68862795924928],[-115.2987330408486,41.68858929362431],[-115.2985723523072,41.688603482166016],[-115.29838504293248,41.688586073832695],[-115.29798225647478,41.688389557166296],[-115.29786269918327,41.68833853737467],[-115.29769361064189,41.68825483216654],[-115.29751827522551,41.688131742583415],[-115.29723232210098,41.68808614154181],[-115.29708327314285,41.68798030195861],[-115.29691894501809,41.6878836332087],[-115.2967352846017,41.68784819050048],[-115.29663217210184,41.68784819258381],[-115.29649039710212,41.68786429987545],[-115.29633250856067,41.687861078000516],[-115.29617784501926,41.6878127457089],[-115.29593295647796,41.687651636334145],[-115.29579697001981,41.68760841341753],[-115.29548758772864,41.687539937375995],[-115.2951436064792,41.687427399876114],[-115.29500201689609,41.68739662175118],[-115.2946988564799,41.68738613320958],[-115.29452485960513,41.68733135300135],[-115.29441208981365,41.687254019668096],[-115.29430019085551,41.68715299570986],[-115.29421884918895,41.68703848737676],[-115.29412187106408,41.686988817585146],[-115.29406086585584,41.68695758112687],[-115.29391908981444,41.68699301966842],[-115.29384991377289,41.68706022071002],[-115.29380632002295,41.687102574876626],[-115.2937064262731,41.687186353001465],[-115.29359687627321,41.687254019668096],[-115.29340676064857,41.687337795709574],[-115.2932230960655,41.687376466542894],[-115.29305876794074,41.68740868633452],[-115.29282309814943,41.68740060404288],[-115.29262797106641,41.68741843945943],[-115.29212106794222,41.687408045709475],[-115.29177169294275,41.687408274876184],[-115.29139364711,41.68738276550119],[-115.29107860648548,41.68736150300123],[-115.29085807731917,41.68734661341793],[-115.29060321065286,41.687353225918],[-115.29037418044493,41.68740918945953],[-115.2900053991955,41.68744850925112],[-115.2898266648208,41.6874155332095],[-115.28968984398769,41.687337348834596],[-115.2893380283632,41.687102806126624],[-115.28898620648874,41.686829168627035],[-115.2886474169059,41.68652946758587],[-115.28841938773962,41.68643825508601],[-115.28826254815651,41.68648100300259],[-115.2875643898243,41.687005244668455],[-115.28709213253336,41.68723523529309],[-115.28647369295096,41.68736012695961],[-115.28579833566033,41.68745667904277],[-115.28551007628579,41.687516734251],[-115.2852703794112,41.68767076237579],[-115.28505874086984,41.68782284675053],[-115.28488959920345,41.68795416133365],[-115.28468787524544,41.68805530300015],[-115.28442504816248,41.68816596654166],[-115.2843405450376,41.6882029613333],[-115.28423806066282,41.688256659249895],[-115.28383892733007,41.68847623320782],[-115.28350248774723,41.68862383633263],[-115.28327104399762,41.68870396966581],[-115.28305061899795,41.68872775924908],[-115.28288446691488,41.68871487695747],[-115.28273817316511,41.6886666029992],[-115.28265921379023,41.688628583207624],[-115.28260456379031,41.68856438841609],[-115.28256597941537,41.68846051862455],[-115.2825197335821,41.688343961333075],[-115.28231636379076,41.68774576862563],[-115.28219283566598,41.68755687591759],[-115.28185280545812,41.68716287800153],[-115.28158549920857,41.686806657168766],[-115.2812451492091,41.68658972800245],[-115.28109618254263,41.68652071862755],[-115.28039150441874,41.68630644362793],[-115.27982703983628,41.68598260821172],[-115.2793829200453,41.68571451550375],[-115.27850009296334,41.68486920092176],[-115.27734514713184,41.683910248839936],[-115.27661160234129,41.6834083113407],[-115.27572057005102,41.682895720716445],[-115.27532787005163,41.6824644457172],[-115.27508958567701,41.68180553321822],[-115.2750630398437,41.681576660301936],[-115.27504810338537,41.6815628134269],[-115.27478352317746,41.68084060821967],[-115.27463890026098,41.68064754467829],[-115.27432965338649,41.68032511759549],[-115.27430759921987,41.68029390092889],[-115.27415267942843,41.680074608220906],[-115.27387058880385,41.67970225301321],[-115.27370390338747,41.6794145300969],[-115.27357744401263,41.67923366655553],[-115.27328018984645,41.67888857280604],[-115.27299754505522,41.67860717697319],[-115.27235005755624,41.67818245718215],[-115.27170827005722,41.67771050926619],[-115.27099212630833,41.67732875510022],[-115.27057367526731,41.67684809676762],[-115.27054643464237,41.676801469684285],[-115.2704492190175,41.676642947809555],[-115.27043160026757,41.67660489676791],[-115.27036368047595,41.67645825093485],[-115.27031373568441,41.67633081656005],[-115.27026696693446,41.676228808226924],[-115.27021254818453,41.67608452593545],[-115.27012458672635,41.67598117385225],[-115.26996263672658,41.675897674893974],[-115.26983283672679,41.67583297281078],[-115.26950688985232,41.67576774989428],[-115.26922012318606,41.675730240519314],[-115.26906092839465,41.67569820614434],[-115.26828204818752,41.675574070727905],[-115.2675963419386,41.675527653019635],[-115.2672891856891,41.67548449572809],[-115.26699416485621,41.675443046769736],[-115.26665540964844,41.67535914156155],[-115.26648807527368,41.675309781144975],[-115.2656547481916,41.67511051760355],[-115.26532272840046,41.67498688635382],[-115.2647622398597,41.674751585312535],[-115.26447305652681,41.67460356864603],[-115.26435035652696,41.67451769156281],[-115.26407650861073,41.674241809271635],[-115.2635463721532,41.67363453531422],[-115.26333136277857,41.67334997906467],[-115.26312822319557,41.67298868114856],[-115.26300591069571,41.6727265884406],[-115.262843395071,41.67254021031591],[-115.26272285132119,41.672422564482744],[-115.26260959194633,41.67239329260779],[-115.26225145548858,41.672523117607675],[-115.26202232007228,41.67258160198252],[-115.26194231798905,41.67259534260749],[-115.26177389194766,41.672624269690736],[-115.26156518569798,41.6726107103158],[-115.26124587111514,41.6726355019824],[-115.26089096799069,41.67272644364894],[-115.26059182944948,41.67283207802378],[-115.26051340444964,41.67286091344045],[-115.2603908106998,41.67294463010691],[-115.26024625653338,41.672998538440204],[-115.25989172945056,41.67318385093989],[-115.25977322632578,41.67326937698147],[-115.25969328674256,41.67333840823133],[-115.25950703986786,41.67349762698107],[-115.25944327320127,41.673553871772704],[-115.25931201486816,41.67372858948077],[-115.25902020341029,41.67404211343857],[-115.2588244429939,41.674302674896516],[-115.25865623153584,41.67451789468783],[-115.2586455867442,41.67453151239618],[-115.25842596591116,41.674783649895716],[-115.25825525028642,41.67500894572873],[-115.25813397424497,41.67520236239509],[-115.25803540653682,41.67537008114488],[-115.25795531070357,41.67555616135293],[-115.25783567632874,41.67579195718588],[-115.25775558466222,41.675984378018846],[-115.25745879820437,41.67661267801794],[-115.25734744195448,41.67678912176761],[-115.2568850148719,41.67731186447525],[-115.25636152945607,41.677740164474514],[-115.2556714898738,41.67823985093206],[-115.25516148466623,41.678625470723176],[-115.25484807425003,41.678878651972745],[-115.25456037320885,41.67913888113902],[-115.25427374404264,41.67939893530524],[-115.25396542633479,41.67964696030489],[-115.25374866071013,41.67978997384632],[-115.25327224821086,41.680046961345894],[-115.25265175862847,41.680331923845436],[-115.25219168675422,41.68052696863681],[-115.25168897529664,41.68074269467818],[-115.25107913050589,41.68104761551106],[-115.24972283259139,41.68159489155189],[-115.24798582530242,41.68216596238434],[-115.24691507530406,41.682570474883676],[-115.24622502947177,41.68276083009169],[-115.24604825863871,41.68281628217493],[-115.2455100075979,41.68296832800808],[-115.2450943065569,41.68305837071626],[-115.24481623468228,41.683121515507814],[-115.24458467947433,41.68316011967443],[-115.24421200551656,41.6831746144661],[-115.24384782114215,41.68316344988281],[-115.24327449093472,41.683093954049525],[-115.24244168364432,41.682927396758174],[-115.24194199718676,41.682641857175206],[-115.24120436177124,41.68211837488443],[-115.24067123573042,41.68181955509318],[-115.24044551698076,41.68165730509343],[-115.23995304823153,41.68130841863569],[-115.2396161086487,41.681139791552646],[-115.23940398573241,41.68105075509434],[-115.23914391698274,41.680934295719574],[-115.23881940552496,41.680777319678135],[-115.23843529615056,41.68061119572003],[-115.2377986607349,41.6803282769705],[-115.23741966281882,41.68017123322074],[-115.23696360552782,41.680037733220935],[-115.23649492323688,41.679918820721085],[-115.23602136594594,41.67975896447137],[-115.23543132844685,41.67959101343],[-115.2350661888641,41.679504607180064],[-115.23481612115614,41.67945838530519],[-115.23420513053215,41.67930382176377],[-115.23387261803259,41.67922093009718],[-115.23354228157478,41.67915727280566],[-115.2332434899086,41.67907608113912],[-115.2328168357426,41.678953599889255],[-115.2322108055352,41.678796799889554],[-115.2314568919947,41.678624326973136],[-115.2307482513708,41.6784362550984],[-115.22986112012217,41.678178174890505],[-115.22941411283121,41.67808704155731],[-115.22905829720672,41.67799454989079],[-115.22905429095674,41.67799460614078],[-115.22842377220775,41.67782444364101],[-115.22764768470894,41.67767145718298],[-115.22751522845914,41.677640155099674],[-115.22661904825219,41.677436328016654],[-115.2251962680461,41.67699616447565],[-115.22470774721353,41.67678790405935],[-115.22404287533955,41.676252691560144],[-115.22358301284027,41.6757515228109],[-115.22309917429935,41.67537349676983],[-115.22236663263381,41.67505337906203],[-115.22137986076035,41.67499179052049],[-115.21945260034664,41.67468403322928],[-115.21819956076531,41.67437089989638],[-115.21778375451596,41.674235722813336],[-115.21742936805816,41.67414881552168],[-115.21707754201702,41.674093040521825],[-115.21674190035088,41.6740767311468],[-115.21650223264294,41.674083570730176],[-115.21620502535171,41.67413807698013],[-115.21594005451878,41.67420914677167],[-115.21562920451923,41.67429295822987],[-115.21500139827026,41.6744699144796],[-115.21468300764575,41.6745909436461],[-115.21432551493797,41.674697466562584],[-115.2137953430638,41.67482036447906],[-115.21343395452264,41.674917195728895],[-115.2133241836895,41.674946612395495],[-115.21324431910631,41.674950354062204],[-115.21288848681519,41.67496702072886],[-115.21284056077361,41.6749672092705],[-115.21262988056559,41.67496806239545],[-115.21196362535831,41.674899606145566],[-115.21060910661039,41.67486958114563],[-115.20834457119724,41.67469131447922],[-115.20761132744839,41.67458627593773],[-115.20706874307423,41.674515484271204],[-115.20699862015765,41.67449850406288],[-115.20669327849147,41.674424544688],[-115.20644969620021,41.67436644156311],[-115.20617483370063,41.67430760197982],[-115.2060353378675,41.67426368218823],[-115.20401325037062,41.673491099897774],[-115.20237298266484,41.67287918427371],[-115.20180335037406,41.6726022269825],[-115.20050950350105,41.67201394052511],[-115.19821104204631,41.670809463443604],[-115.19608371913294,41.66937847073754],[-115.19571555350853,41.669148072821194],[-115.19544008892564,41.66897840302974],[-115.19515180767603,41.66881529469667],[-115.19498437225963,41.6686833280302],[-115.19483283163488,41.66853733636378],[-115.1947160024684,41.66837065511406],[-115.19462143267684,41.668172117614375],[-115.19457182851029,41.668063564489586],[-115.19447400767712,41.667849480114874],[-115.19434024517733,41.66751533844869],[-115.1942529097608,41.66719643636591],[-115.19413972642764,41.6668036134498],[-115.19408125976105,41.6665206426169],[-115.19397717121954,41.666332712408874],[-115.19383574830313,41.666177679075794],[-115.19360618684512,41.66603782074274],[-115.1933727358038,41.66595460303448],[-115.19311268997086,41.66589655928462],[-115.1929656878878,41.66585944678461],[-115.19283265247134,41.66582585720137],[-115.19261077747166,41.665756300951465],[-115.1923556326804,41.66564404470156],[-115.19216348788906,41.66554356970177],[-115.19207628788918,41.665445847826966],[-115.19199494413932,41.66535470824373],[-115.19190467122274,41.66521190720226],[-115.19178405247294,41.664904483244456],[-115.19171635768139,41.66466134991145],[-115.19170921497306,41.66426489157872],[-115.19169151809808,41.66393675720428],[-115.19164172747317,41.66376552074622],[-115.19158932955656,41.66363886449644],[-115.19139991705686,41.66333531241357],[-115.19116182747393,41.66307779470559],[-115.19093083893262,41.66291073012254],[-115.19077458059951,41.66282168845599],[-115.19058017955815,41.66266966241457],[-115.19036793893349,41.66254499053971],[-115.19016986705878,41.66243618741491],[-115.19012173476722,41.66241100616497],[-115.18980709830936,41.6622272384569],[-115.18949079726815,41.66207481033215],[-115.18946364830987,41.662062129082194],[-115.18942028997662,41.66203104783223],[-115.18815233893692,41.66123251658354],[-115.18722941706336,41.66074589262588],[-115.1869026920639,41.660433384293036],[-115.18682216081397,41.66019058325176],[-115.18684264623062,41.659875497835564],[-115.18713278998018,41.659174919711695],[-115.1878599597707,41.65867710721245],[-115.1886301691445,41.657825129088714],[-115.18878483893593,41.657498091589304],[-115.18880863476926,41.65726014054801],[-115.1885532358113,41.65689140825688],[-115.18802399727048,41.656283852007775],[-115.18757422643785,41.655805938466834],[-115.18733963372985,41.655344924925934],[-115.18725470039664,41.654779024926825],[-115.18728063789662,41.654304668677575],[-115.18714066810516,41.6536285040952],[-115.18716680560512,41.653215064512544],[-115.18738096185479,41.65292952597132],[-115.18768185352098,41.65283228534653],[-115.18847763164474,41.65229154993073],[-115.18873725039437,41.65195394576455],[-115.1886696556028,41.65149525409858],[-115.18806619727036,41.65045410618351],[-115.18710225456358,41.64924545410209],[-115.1861595243567,41.648776258269486],[-115.18561035769086,41.64807210931223],[-115.18549670039937,41.64780368847932],[-115.18552346498268,41.64738445931328],[-115.18579111810726,41.64684652806415],[-115.18599750248195,41.64593219264891],[-115.18635880143972,41.64528225931658],[-115.18644188893954,41.64510718744182],[-115.18648447227285,41.64501746452535],[-115.18654159102277,41.644867269733886],[-115.18656370248108,41.64471124369241],[-115.1865667753977,41.64460165515092],[-115.18653470664778,41.644524099942736],[-115.18646517227283,41.64443483640122],[-115.18634823164804,41.644329337443054],[-115.18623255873155,41.64425457494319],[-115.18610674727341,41.64420645202659],[-115.18595873894031,41.6441531301517],[-115.18583397748216,41.64415116140162],[-115.18579922019057,41.644150611401635],[-115.18562481914914,41.644147856193364],[-115.18551388581604,41.64415351348498],[-115.18536260873294,41.64418123535993],[-115.1851592826916,41.64421584681819],[-115.18490966185863,41.644256275984816],[-115.18481789310873,41.6442546239015],[-115.18397021081842,41.644334137442996],[-115.18325479727787,41.64447563744283],[-115.18245930352907,41.644492613484395],[-115.18142627332237,41.64463617285924],[-115.18080814519836,41.644760505150735],[-115.18025009311583,41.64491275723373],[-115.17942313686713,41.64492756556714],[-115.17849784311858,41.64482281244225],[-115.17830746811889,41.644798652025635],[-115.17787235978619,41.64474342598405],[-115.17751787228678,41.64473780619242],[-115.17729815770377,41.644743467650756],[-115.17702202332919,41.64476599056737],[-115.17694586291265,41.64477459785897],[-115.17684533374614,41.64478596348394],[-115.17673591707967,41.64479833327563],[-115.17660211187149,41.64482623744224],[-115.17644912958009,41.644891829108815],[-115.17630017749703,41.644962006192074],[-115.17615130145555,41.64501144369202],[-115.17589425978929,41.64503767598359],[-115.17556044208146,41.64501887077533],[-115.17531594416518,41.6449389405671],[-115.17524164312363,41.64485533952562],[-115.17520310354037,41.64481199056729],[-115.17522191083198,41.64464272598425],[-115.1753655722901,41.64441091452623],[-115.17542878895667,41.64430890410973],[-115.17547580562326,41.64396097598533],[-115.17538177437343,41.643716490568984],[-115.1752791962486,41.643382020777814],[-115.17527387124858,41.64264365307067],[-115.1751340399988,41.6419674884884],[-115.17496545770742,41.64152742390569],[-115.17481685458262,41.641183948906246],[-115.17474645770773,41.640923924948325],[-115.17476510041604,41.64076428015698],[-115.17488098895753,41.6406556353654],[-115.1752561587486,41.640465719740654],[-115.17545363687327,41.64019963328281],[-115.17558727020646,41.63980833328335],[-115.175634849373,41.639583759325404],[-115.17551572020655,41.63931117599248],[-115.17537873062344,41.63917508015932],[-115.17529112645691,41.63909614682616],[-115.17507643999886,41.638939587451375],[-115.1749710795824,41.638847671826596],[-115.17490355458249,41.638729665576676],[-115.1748726118742,41.63856956557695],[-115.17488929937417,41.638413305160604],[-115.17489365979083,41.63839145411886],[-115.17491809833247,41.6382689874524],[-115.17500174208233,41.63796387703629],[-115.17517851499872,41.63758628120349],[-115.17535822437345,41.636976868704416],[-115.17537910874842,41.63690605203791],[-115.17551287958156,41.63637444058036],[-115.17566061916466,41.636000124955956],[-115.17578989624774,41.635750517664675],[-115.17584915978932,41.635667831206455],[-115.17602851603907,41.635341465581945],[-115.17610525666397,41.63515971974893],[-115.17608198895567,41.63496579683249],[-115.1759637587475,41.63481777391611],[-115.17565006603968,41.63459900620814],[-115.17500583479068,41.63434377183353],[-115.17425582750015,41.63410895516727],[-115.17411303270872,41.63404986454227],[-115.17405376604218,41.63394666141743],[-115.17406607229213,41.63382050620935],[-115.17434889833335,41.633557612459754],[-115.17462377229124,41.63312411766884],[-115.17470122437447,41.63274852808599],[-115.17475581187438,41.632299937461696],[-115.17480752229096,41.63187496558735],[-115.17480909416594,41.63179221454585],[-115.1748397566659,41.63146347600468],[-115.17487398479086,41.63123135829675],[-115.17481233166599,41.63095214058888],[-115.17474189520773,41.63082677392227],[-115.17472947333277,41.63079408433908],[-115.17469548374947,41.63054720204778],[-115.17476301604103,41.63034988433974],[-115.17478720979102,41.63012318121507],[-115.17461793270792,41.62952180100765],[-115.17455801499966,41.6292320155915],[-115.17444664729152,41.62884348121708],[-115.17435526083335,41.628551541634174],[-115.17429523166675,41.628171945801505],[-115.17428044937515,41.627623399968975],[-115.17424599104186,41.62743628226096],[-115.17398628062558,41.62706130934487],[-115.17387174833408,41.62696356976164],[-115.17382250875085,41.6268946322618],[-115.17381265354248,41.62683062288684],[-115.17402319729216,41.62654696455402],[-115.17423637020852,41.6261389426796],[-115.1746202295829,41.6250701458063],[-115.17504951291556,41.62467103539026],[-115.1755136774982,41.624363741640686],[-115.17576022020614,41.62425898018254],[-115.17604004208073,41.624175174974276],[-115.17620187958045,41.62412624268275],[-115.17632706083026,41.62409491664113],[-115.17645180562175,41.62406370309952],[-115.17656553895488,41.623996835391274],[-115.17665008791312,41.623947145807996],[-115.1767437545796,41.62383230101654],[-115.17679654624624,41.62369767601675],[-115.17680510145453,41.62352371768367],[-115.17677174624623,41.62340375101714],[-115.17658890770487,41.623246662475715],[-115.17645918895505,41.62317268226752],[-115.17623482958044,41.62307990518431],[-115.17615017437221,41.62303849580939],[-115.17477429104105,41.62236545622718],[-115.17340238375145,41.62185707497793],[-115.17284537125232,41.621650664561564],[-115.17203638687862,41.62127453122886],[-115.17199677437867,41.62125908018726],[-115.17140946292125,41.62106940414584],[-115.17109666188009,41.62102875518752],[-115.17071205875565,41.62101500518762],[-115.17033554000623,41.620999120812634],[-115.1700324837567,41.62100578852091],[-115.16996990667349,41.621011993729134],[-115.1697267389655,41.621036099979214],[-115.16953827229914,41.62106622081249],[-115.16933973896613,41.62112217810407],[-115.16912135459148,41.62119468852067],[-115.16882459625856,41.6212903708121],[-115.16875407959203,41.621324271853766],[-115.1684971379258,41.621447796853516],[-115.16845454105083,41.62147065622849],[-115.16798210355152,41.62166040414488],[-115.16747041917735,41.62177570206134],[-115.16727861917765,41.62179188331137],[-115.16684472022001,41.62187735206122],[-115.16669390355356,41.62189815831121],[-115.1665546368871,41.62190089268624],[-115.1663473973041,41.621873102061194],[-115.16585082959654,41.62174492914473],[-115.16581197647162,41.62173847706149],[-115.16555275147198,41.62173504268646],[-115.1654399077222,41.62173934164481],[-115.16533921084732,41.6217320562281],[-115.16522967751415,41.621718630186535],[-115.16514099209763,41.621697327061476],[-115.16497909209791,41.6216359333116],[-115.16469804730667,41.621485620811825],[-115.16462579314009,41.62146072706185],[-115.16435477126555,41.62136734268702],[-115.16408264209927,41.621180129145586],[-115.1638517993913,41.62088002706272],[-115.16379770251638,41.62081255206293],[-115.16327792751719,41.62030902498035],[-115.16318451189233,41.620238513522146],[-115.1630468233509,41.62015176768895],[-115.16283445980959,41.62008298748068],[-115.16271072751806,41.62004923539737],[-115.16254420876835,41.619946756230846],[-115.16231377022702,41.619703222897975],[-115.16203367856082,41.61939833123179],[-115.16168779106137,41.619112728107176],[-115.16139332022844,41.61892587394075],[-115.16095592647912,41.618610183316335],[-115.16067297335456,41.6183288979001],[-115.16039001502169,41.61804760519214],[-115.16026472856356,41.61782694790086],[-115.16020719106365,41.61772557915105],[-115.1601447139804,41.61755454581791],[-115.15999535252229,41.61738711665155],[-115.1598801389808,41.617258286443416],[-115.15972100148105,41.61689945727726],[-115.15967430564778,41.61682184790246],[-115.1596120462729,41.6167645406108],[-115.159564921273,41.61666041248601],[-115.15955552648133,41.616622649986],[-115.15952908273135,41.61651639686118],[-115.15951521293971,41.61643047706967],[-115.15951274314801,41.61633944581979],[-115.15951050043971,41.61625629165324],[-115.15951459106469,41.61607956977856],[-115.15951370981469,41.616041470820285],[-115.15949273689807,41.61591214373717],[-115.15942450773152,41.61574408852909],[-115.1593409181483,41.615538180196026],[-115.1591693702319,41.61529038748818],[-115.15901052023213,41.61511248228003],[-115.15881991710745,41.614959992696974],[-115.15864716606603,41.61477840519721],[-115.15852696606625,41.61471647811401],[-115.15836811085813,41.614666462489105],[-115.15828997023328,41.61464186040582],[-115.15820006294177,41.6146404208225],[-115.15804226085866,41.61464979686413],[-115.15802386190035,41.61465089790578],[-115.15785625148398,41.61467950103069],[-115.15773422231744,41.61470862290574],[-115.15747293065118,41.61483927498881],[-115.15709854106846,41.6150475760302],[-115.15690887544378,41.615120871863375],[-115.1567581931523,41.61514548228004],[-115.15632458898632,41.61509508540504],[-115.15570981815392,41.614933839572004],[-115.15504266294666,41.614769003113906],[-115.15483180357201,41.61474239894729],[-115.15464208482229,41.61474240207229],[-115.15447255773921,41.614780744780546],[-115.15421103273964,41.614869719780415],[-115.15388213794846,41.61509399478003],[-115.15347747440741,41.61559945415426],[-115.15324634628274,41.615910245820494],[-115.15308149836636,41.61611444894516],[-115.15293710878326,41.61620523123664],[-115.15277538378348,41.616282439569865],[-115.15263251711706,41.61632004269482],[-115.15243726607572,41.61633020311152],[-115.15224276503432,41.61631377602818],[-115.1521592171178,41.61628985831986],[-115.15199664420135,41.61624331769493],[-115.1518922244099,41.61620468540339],[-115.15173356607677,41.61614598227843],[-115.15152811191041,41.616054393736924],[-115.15103855878618,41.61572654998739],[-115.15076751086997,41.61548539269614],[-115.15053294732864,41.61524480832149],[-115.15021860045412,41.614961339571956],[-115.14989560670465,41.61474869269727],[-115.14954115566356,41.614533890614275],[-115.14930102024721,41.6144221635311],[-115.14900660878936,41.614235280198045],[-115.14872468274815,41.614104109364966],[-115.1486485504566,41.61403194478174],[-115.1486227004566,41.614007576031774],[-115.14859612649833,41.6139914489485],[-115.14852668274841,41.61396986665683],[-115.1484503692069,41.61398588124009],[-115.14833025045711,41.61412601769827],[-115.1481931150406,41.61432135103129],[-115.14803660045753,41.61445178123945],[-115.147754631708,41.61462684582248],[-115.14757180149991,41.61467255311404],[-115.14728626191705,41.61474393540562],[-115.1468341650427,41.61479152811383],[-115.14623929733527,41.614791526030565],[-115.14585858900257,41.61462496665579],[-115.14540649212826,41.61443460623947],[-115.14539764004496,41.61442410103118],[-115.14497513275393,41.614244794781406],[-115.14460025150453,41.614083821864945],[-115.14436179525491,41.613969112490146],[-115.14422276921346,41.61388323644864],[-115.14409061088031,41.613791053115484],[-115.14394734629718,41.61372059790722],[-115.14376250046418,41.61364114686569],[-115.14363956192267,41.61359296561577],[-115.14353192546453,41.61355077290752],[-115.14322718900668,41.61341615207438],[-115.143028889007,41.61332922290789],[-115.14291120879881,41.61328531457459],[-115.14279884109067,41.61324338644961],[-115.14261159421596,41.61319566040805],[-115.14246455150784,41.61315818019983],[-115.14233303067469,41.613137172908125],[-115.14231659109139,41.613134542699775],[-115.14223401400817,41.61312135311645],[-115.14217669525827,41.6131121906165],[-115.14209405255009,41.61309899269988],[-115.14195816609197,41.61311066561647],[-115.14173516817563,41.61312982499149],[-115.14147929213436,41.61314867707482],[-115.14136158067623,41.613160239574746],[-115.14125957859308,41.61317552707468],[-115.14108085567665,41.61320231144967],[-115.14093304213522,41.613241203116246],[-115.14075039526051,41.61328393644955],[-115.14054597859416,41.61331336249117],[-115.14029602859455,41.61334048644951],[-115.14027906505288,41.61334232499114],[-115.1399875890117,41.61337614999113],[-115.13983737130361,41.61340451249098],[-115.13960792442897,41.61343422394938],[-115.13946077547082,41.61345540728263],[-115.13931867234606,41.613466410407625],[-115.13917809109624,41.61342422915769],[-115.13909191088807,41.61336775311604],[-115.13903129422154,41.61332803436614],[-115.13902007234651,41.6133065249911],[-115.13900990359656,41.61328703957456],[-115.13899550359658,41.6132594406163],[-115.13898681817987,41.613242793741264],[-115.1389658483883,41.61320260936633],[-115.13893749005496,41.61315039790812],[-115.1388995817217,41.61308246874155],[-115.13888477130507,41.61305592811661],[-115.13888064422171,41.613042334366625],[-115.1386253233888,41.61261668853397],[-115.13831996505591,41.61200051978486],[-115.13814495463951,41.61168371561871],[-115.13813220463959,41.611646941660396],[-115.1381116035979,41.61157770103557],[-115.13812264943124,41.61147198853566],[-115.13813719838954,41.611427843744096],[-115.13817738693115,41.61134347395259],[-115.13824826401442,41.6112425968694],[-115.138282205681,41.61111277916124],[-115.138293015056,41.61099959061976],[-115.13828280151432,41.610829383328415],[-115.13826258588938,41.61069164687021],[-115.13825434630606,41.61050583853723],[-115.13824826609773,41.61045472499564],[-115.13829600047262,41.61037047603744],[-115.13838198380587,41.61026984687083],[-115.13851822130562,41.61020401145436],[-115.1386013900555,41.610120712496176],[-115.13865084318041,41.61007118124621],[-115.13887729838842,41.609738184371736],[-115.13895598797161,41.60956079374702],[-115.13896846609657,41.6094838697888],[-115.13897328380494,41.60945424687221],[-115.13896947338827,41.60934089166402],[-115.138913927555,41.609174386455955],[-115.13883062755514,41.60909033437269],[-115.13881609005519,41.60908043749773],[-115.13869118276371,41.60899541770619],[-115.13854919318061,41.608915770831324],[-115.13853469422226,41.60890566770637],[-115.13849296193071,41.608876593748015],[-115.13839282963916,41.60880683541484],[-115.13823799734774,41.608644714581786],[-115.1380791213063,41.60853058333193],[-115.13798613797314,41.608477819790366],[-115.13786665880662,41.60843053541539],[-115.13765104422362,41.60835185312393],[-115.13739178068239,41.608254036457346],[-115.13722398901596,41.60816276249914],[-115.13706679943289,41.607991541666124],[-115.13698403172471,41.60787956041629],[-115.13697539214138,41.60772081354149],[-115.13694613589139,41.60761614895834],[-115.13686124214155,41.60747631458355],[-115.13679916922496,41.60736168229215],[-115.13670921089174,41.607271251042214],[-115.1365034504754,41.60713806041739],[-115.1361551744343,41.60705809375086],[-115.13611020255941,41.607039280209236],[-115.13589488276803,41.606992036459275],[-115.13572043172663,41.60689610416781],[-115.13571594110164,41.60689308750113],[-115.13567722235173,41.60686706458455],[-115.13559873172682,41.60681432500126],[-115.13547665776866,41.6067458447931],[-115.13538519110216,41.60667584687647],[-115.13528212860236,41.606583476043305],[-115.13507020464431,41.60636631250194],[-115.13503386193607,41.606329066668735],[-115.13483181401968,41.60602312187749],[-115.13437185256208,41.60563435625312],[-115.13406887652087,41.60551826354494],[-115.1339400442294,41.60549845000331],[-115.13364090047986,41.60548839166995],[-115.1334760525635,41.60544980521171],[-115.13327799527211,41.60540256875343],[-115.13314639527232,41.60536639062847],[-115.13293134735596,41.605281272920315],[-115.13265569318976,41.6051860697955],[-115.13242276714838,41.605118016670566],[-115.132245159857,41.605070348962336],[-115.13204209839903,41.60499772500406],[-115.13173392235785,41.60489343333755],[-115.13168907339957,41.604878258337614],[-115.13144899839995,41.60476649583775],[-115.13105763277555,41.60462449167134],[-115.13094089110905,41.60457016042145],[-115.13088553694246,41.60452020937987],[-115.13080764110924,41.60441776563],[-115.13068640152613,41.60399978229728],[-115.13059812340123,41.60368422292283],[-115.13031935256834,41.60314078854866],[-115.13031583277673,41.60300545209053],[-115.13078382965098,41.60273079271595],[-115.13081822548425,41.602622119799435],[-115.13064892235951,41.602182638550126],[-115.13064124215119,41.60208910521691],[-115.13070775777607,41.60185003646728],[-115.13081433381755,41.60168255521754],[-115.13083884840087,41.60145588230125],[-115.13072489006773,41.6010909458435],[-115.1304851431931,41.60071733855241],[-115.13025374840178,41.60053475001102],[-115.1301096900687,41.60045112501111],[-115.12995267444393,41.6003792583446],[-115.12975700569423,41.60033642709462],[-115.12968757340269,41.60032657917796],[-115.12965113277774,41.60032141042801],[-115.12954133486124,41.60028395313641],[-115.12952830048624,41.600279506261394],[-115.12950385673628,41.600266693761505],[-115.12942661298644,41.6002262000115],[-115.12937119944485,41.60019714584495],[-115.12923354215337,41.60005975938673],[-115.12897069944546,41.59987500938708],[-115.12873354527915,41.59973964167896],[-115.1285029046545,41.59961614063742],[-115.12798899215528,41.59937356459609],[-115.12767885986415,41.59927400626298],[-115.12745098590614,41.599200860429754],[-115.1272275067398,41.59908831355499],[-115.12699035882356,41.598952947930094],[-115.12686160361541,41.59891547501349],[-115.1268186619488,41.59890702918025],[-115.12671969007397,41.5988985437635],[-115.12665400049072,41.59890786251358],[-115.12645805986604,41.59899599480511],[-115.12634992757451,41.59907925209665],[-115.12618191299146,41.5991445323048],[-115.12603031090835,41.59916473959644],[-115.12578107028372,41.59916633959645],[-115.12552840778415,41.59912265313819],[-115.12529630049283,41.59906441355494],[-115.12514595257636,41.59895834688846],[-115.12502745153489,41.5987694020971],[-115.12498689215995,41.59863814793065],[-115.12495568382667,41.59847591459755],[-115.1249269598684,41.59819176043138],[-115.1249044984101,41.59785692397346],[-115.12515727236801,41.59681816980846],[-115.12527625257616,41.596223311476045],[-115.12530003799283,41.59569982501849],[-115.1253238369511,41.59529530626913],[-115.1252207140346,41.59475603543667],[-115.12541284736761,41.59439094793723],[-115.12561537445065,41.59404957502104],[-115.12566693278391,41.59379203647982],[-115.1256942202839,41.59358678960514],[-115.1256862036172,41.59343889064703],[-115.125616723409,41.59325026043902],[-115.12554306090907,41.59309443127258],[-115.12548637549253,41.59299672085602],[-115.12527073382618,41.592807686481365],[-115.1249025046601,41.592429008356916],[-115.12451136611905,41.59199734585757],[-115.1241205515363,41.59130382710863],[-115.12407226091136,41.59122348648374],[-115.12388207757836,41.59088500419269],[-115.12390439736998,41.59067731356804],[-115.12397554841152,41.59036684586018],[-115.12402016299478,41.59008009794388],[-115.12403922132809,41.58994815002746],[-115.12404900361975,41.5898804802359],[-115.12403950257813,41.58943798440326],[-115.1240312286198,41.58905276877893],[-115.12405784945311,41.58831661773827],[-115.12399700466149,41.5880043750305],[-115.12397900986987,41.58779659690577],[-115.12398882341155,41.58755447711452],[-115.12404430257813,41.58722532607333],[-115.12409795466135,41.586948227115386],[-115.12417598591122,41.586650783365876],[-115.1242827379944,41.58643345524131],[-115.1244423963275,41.58621896253321],[-115.12457058591058,41.58609627920016],[-115.12483995986854,41.58581786982551],[-115.12498495674326,41.58564056461745],[-115.12512142965977,41.58544550315948],[-115.12528886611784,41.5851288146183],[-115.12539899736765,41.58499627607678],[-115.12554526820077,41.58483904795209],[-115.1256911379922,41.58460246045239],[-115.1257512046588,41.58445668857763],[-115.12575661924211,41.5842694739946],[-115.12572847445045,41.58401739586999],[-115.12572019007548,41.58394493024511],[-115.12570494528387,41.583811719828674],[-115.1256668765339,41.583697176078815],[-115.12568804945056,41.583577817745656],[-115.1257382890338,41.58350629378743],[-115.12578043174204,41.58344631253757],[-115.12596018590848,41.58335614066264],[-115.12607445882492,41.58327399378782],[-115.12621112132472,41.58316726982961],[-115.12626811611632,41.58312174691302],[-115.1263221890329,41.58301723753821],[-115.12634317965787,41.58297666774662],[-115.12635900049118,41.58285638753846],[-115.12634968382453,41.5827432187886],[-115.12630197340792,41.58256368024725],[-115.12629506299129,41.58255458337228],[-115.12622300361636,41.58245980941409],[-115.12608703590824,41.582310715664235],[-115.12587911820026,41.58213806149793],[-115.12568851715889,41.58198745941477],[-115.12544060674259,41.58180633441512],[-115.12522955778456,41.58166834170692],[-115.12494971924338,41.581544071915495],[-115.12472890882702,41.58147775629061],[-115.12448815986907,41.581412518790636],[-115.1241595963279,41.58137178649908],[-115.123890862995,41.581349622957454],[-115.12359598070378,41.5813488521241],[-115.12344916091234,41.58137531254075],[-115.12332421507921,41.58139783545738],[-115.12329797237095,41.58139209691576],[-115.12286843903826,41.5814498979573],[-115.12229387237251,41.58148170629059],[-115.1218992713314,41.58159732295709],[-115.12128459112402,41.58169776774859],[-115.12086143904139,41.58178761774843],[-115.12025220258397,41.58210269170632],[-115.11904659841919,41.582726162538656],[-115.11892322654438,41.58279956149684],[-115.1188396942528,41.58283444483015],[-115.1186559848781,41.582877697955084],[-115.11852565154499,41.58287556358011],[-115.11826644112877,41.58287131983009],[-115.11809430258735,41.58287926045512],[-115.11789934633765,41.582885839621774],[-115.11770223279626,41.58289150212175],[-115.1175281755049,41.58289590524672],[-115.11740897550504,41.582892882330036],[-115.11725823592195,41.58287493128841],[-115.11708365675554,41.5828541333718],[-115.11706239738061,41.582851600038516],[-115.11690874008917,41.582816565663514],[-115.11674099529779,41.582778316705244],[-115.11656118696472,41.58272886358033],[-115.11575855050762,41.58229258128932],[-115.11507301196703,41.58193578753986],[-115.11438169842643,41.581626208373734],[-115.11369617967749,41.58126941149928],[-115.11304365988684,41.581031538582934],[-115.1127965223872,41.58099090316637],[-115.11246285155444,41.5809228781665],[-115.11216008488822,41.58086192504161],[-115.11193425155524,41.58083182087498],[-115.11176740572218,41.58080957504163],[-115.11124624113961,41.58069318337519],[-115.11072046509878,41.58058545420866],[-115.11020625884959,41.58038330108398],[-115.1097433578086,41.58027991670908],[-115.10943570364243,41.580220835459215],[-115.10937029114253,41.58022395941758],[-115.10830007447753,41.58040324275058],[-115.10797862656136,41.58042215212557],[-115.10757525052033,41.5803276115007],[-115.10725381406253,41.580195256292576],[-115.10688195156308,41.57988641775139],[-115.10620756198078,41.579167906294174],[-115.10541970781532,41.578386370878754],[-115.10495792864943,41.57795320108773],[-115.10466794114984,41.57778021879638],[-115.10439988802523,41.577644106296546],[-115.10389639635935,41.577348532338604],[-115.10389164427602,41.577344257338666],[-115.10378747031785,41.577268792755454],[-115.10371885781797,41.57721908650549],[-115.10345552865168,41.57700304692251],[-115.10317589636048,41.57669804483967],[-115.10287061094432,41.57634366150687],[-115.10264179427799,41.576125245882245],[-115.10229065573685,41.57542914588332],[-115.10214789323709,41.57497704484234],[-115.10202018907063,41.574657809426185],[-115.10186206719584,41.574343286509965],[-115.10182561094594,41.57427076463514],[-115.10165611615452,41.57412000734372],[-115.10163433490453,41.57410600630202],[-115.10153126511307,41.5740397948438],[-115.1013649713633,41.573992077135514],[-115.10133130469667,41.573982414635566],[-115.10125569636345,41.573970045885616],[-115.10110975782203,41.57397407505227],[-115.10108854636371,41.57397466151057],[-115.10098400261387,41.57397755109394],[-115.10086561198911,41.574019583385464],[-115.10076921198925,41.57405380526044],[-115.10074657761425,41.574068620885434],[-115.10073181928094,41.574068138593766],[-115.10062119532277,41.574110538593686],[-115.10053634219794,41.57414305942706],[-115.10028155886499,41.574289628176786],[-115.10005827761535,41.57443897817654],[-115.09988620990727,41.57456857921798],[-115.09975412969914,41.57464440734289],[-115.09968507865756,41.57469269484279],[-115.0995909609494,41.574785501092634],[-115.09947986824125,41.57488792609248],[-115.09941459949137,41.57494649900909],[-115.09935471719974,41.57502577088392],[-115.0992657630332,41.57515003025877],[-115.09914180261677,41.57537427609174],[-115.09907116928355,41.575563762549805],[-115.09890642032543,41.57602288025736],[-115.09847047865945,41.57642030942341],[-115.09815819324326,41.57689862921436],[-115.09790008491036,41.57745211775521],[-115.09761053699413,41.57800342712931],[-115.097484366161,41.5782565625456],[-115.09720076824475,41.57869976462827],[-115.0971494703282,41.57872000004491],[-115.09701834428671,41.578737445878176],[-115.09687670262026,41.57873510004487],[-115.0968520432453,41.5787284729615],[-115.09671852553721,41.57869257608662],[-115.09656506407906,41.57861994067007],[-115.0964247505376,41.57855071567007],[-115.09630426928783,41.578483032336955],[-115.09613575366306,41.57839614796205],[-115.09600277032997,41.57833490942051],[-115.09583858387185,41.57824546879558],[-115.09568391720545,41.57814631671239],[-115.09552797970571,41.578025793795916],[-115.09541805470589,41.57793288337944],[-115.09531209533105,41.57784803650457],[-115.09497428283157,41.57746155213019],[-115.09448676304066,41.57693980838099],[-115.09426402658268,41.57668340942303],[-115.09407435470797,41.5765073604649],[-115.09392354949983,41.5763997437985],[-115.09381662970831,41.576340606298544],[-115.09358966720868,41.57623684796541],[-115.09334060679242,41.57613579588222],[-115.09316514220939,41.57605876046569],[-115.092990900543,41.575971378174074],[-115.0928522620015,41.57590185525756],[-115.09270348908508,41.57585188442431],[-115.0924509234605,41.57576530421616],[-115.09234649429398,41.57573493963288],[-115.09089564325456,41.57511621150887],[-115.09075553075478,41.5750564583839],[-115.0896366349232,41.57452346046809],[-115.0883458661752,41.5739341510939],[-115.08823154117535,41.5739161375523],[-115.08708590055217,41.57333522296987],[-115.08681774638586,41.57320114484511],[-115.08650384638639,41.57307609797035],[-115.08628728180337,41.572977381303865],[-115.08615102034526,41.57288388755394],[-115.08598577763719,41.57270070422085],[-115.08588141513737,41.57252880213781],[-115.08581275784577,41.57243572817961],[-115.08579975680412,41.57227590109653],[-115.08580214847082,41.57219489172169],[-115.0858023661791,41.5721875490133],[-115.08580299013744,41.57216645213835],[-115.08580682347078,41.572036611513596],[-115.08576643076253,41.57190270734716],[-115.08569723180428,41.57175110109731],[-115.08562386930441,41.571634547972586],[-115.08558357451278,41.57161148859756],[-115.08552906097123,41.57158030838929],[-115.08543227972139,41.57152494797272],[-115.08530508284656,41.57150065526442],[-115.08520175680508,41.57153440630606],[-115.08504006201366,41.5716115167226],[-115.08486276097227,41.57173888755574],[-115.08463271722258,41.57190416776374],[-115.08447811305616,41.572028203180245],[-115.08433559638974,41.57211915630511],[-115.08413530680674,41.57220345734667],[-115.0838072443072,41.572286604221496],[-115.0836539953491,41.572311218804884],[-115.08338937347453,41.57232884172151],[-115.08303379430839,41.57234449692979],[-115.08302239118342,41.57234562192983],[-115.08287479535035,41.5723601604714],[-115.08262289639237,41.572355959429686],[-115.08227370472629,41.57233570734645],[-115.08166368493556,41.57236723859641],[-115.08119680160291,41.572391374013],[-115.08042428285415,41.5724424458879],[-115.08021583389615,41.57247969380458],[-115.07993742035491,41.57256384380448],[-115.07964825785535,41.572758519845806],[-115.07950594431391,41.57290679797063],[-115.07937418598078,41.573017664637014],[-115.07914021410613,41.57317684588682],[-115.07894659327309,41.5732543656783],[-115.07870946202348,41.5733179021366],[-115.07853331410706,41.573325121928264],[-115.07825320577416,41.57329934171999],[-115.07805379431613,41.57326849588673],[-115.07789399639972,41.57324792297001],[-115.07765663702509,41.57323440526175],[-115.07731373910896,41.57323821880343],[-115.0769652089012,41.573260253178375],[-115.07674555994316,41.57331967921994],[-115.07669257140162,41.57333401463651],[-115.07601624327764,41.57353191255296],[-115.07464502557144,41.573984321927206],[-115.07354456723982,41.57459032400962],[-115.07344197036498,41.5746417292179],[-115.07339050369838,41.574667517759515],[-115.07315712349043,41.57473674067607],[-115.0727684995327,41.57481415421761],[-115.07245770994984,41.57484632609256],[-115.07212720057532,41.57485914588421],[-115.07181523182584,41.574853912550815],[-115.07152269224298,41.57481817609255],[-115.0712010964101,41.574746102134405],[-115.07118419120184,41.574741207342676],[-115.07095384536883,41.57467453755115],[-115.07077238807746,41.574600972967914],[-115.07055896516114,41.574503591718084],[-115.07017245474503,41.574413135468234],[-115.06983414953726,41.57437339692659],[-115.06920222766321,41.574344527135004],[-115.06865678912243,41.57432855317677],[-115.06830868078958,41.5743017594268],[-115.06782210995705,41.57423332505187],[-115.06730107558286,41.574155385468714],[-115.06683592037524,41.574053820885496],[-115.06623424745948,41.57389103130236],[-115.06577822558518,41.57374359484427],[-115.06547899850231,41.57360923651111],[-115.06543200996073,41.57358720421947],[-115.0651723089195,41.573465419844716],[-115.0649561787115,41.57337966776149],[-115.06491857871151,41.573364750053216],[-115.06482921308668,41.57332929484494],[-115.06455032142044,41.57317829380352],[-115.06442708079562,41.57308894380357],[-115.064420701629,41.57308431567862],[-115.06432494433744,41.573014890678735],[-115.06429062037915,41.57295558026215],[-115.06426137662925,41.57290505422057],[-115.06421360683765,41.572792662554065],[-115.06417429954605,41.57261055005438],[-115.06413290579609,41.57241097088804],[-115.06410012871282,41.5722396615133],[-115.06404594121291,41.572073794846844],[-115.06391919746308,41.57175997297238],[-115.06377073287996,41.57151438547269],[-115.06352446204706,41.57119034484819],[-115.06335447454728,41.57104861568175],[-115.0632593537141,41.57097696776521],[-115.06242145163208,41.57038918964116],[-115.06214535892417,41.57014512714152],[-115.06177012038307,41.56983678235031],[-115.06146039017523,41.56959349901739],[-115.06092198496776,41.569211911517975],[-115.0605680849683,41.56898371360164],[-115.06007160788575,41.56863973547715],[-115.0600562839274,41.56863258651886],[-115.0599465870526,41.56855792610227],[-115.05983044017778,41.56847668860248],[-115.05975915059456,41.56842867089421],[-115.05968220163636,41.56831931881103],[-115.05962900267811,41.56817757506122],[-115.05959554538644,41.56802360214479],[-115.05957415684487,41.567880539645],[-115.05950961934492,41.56764666777041],[-115.05943558184505,41.56743386256237],[-115.05937390684518,41.567290601104276],[-115.05932966934523,41.56714325631285],[-115.05926549955366,41.5669077865215],[-115.05918675788713,41.56662240631363],[-115.05910427247058,41.566367205272364],[-115.0589938735124,41.56603408652286],[-115.05889369538757,41.565716365690044],[-115.05883116101268,41.56548584694044],[-115.05876693601276,41.56527264798246],[-115.05866790476288,41.56504544694112],[-115.05856946101306,41.56485556985806],[-115.0584473255966,41.56471311152497],[-115.0582932266385,41.56458286465011],[-115.05827559538854,41.56456796256684],[-115.05813554122204,41.56447361985864],[-115.05809708288876,41.564447707358674],[-115.05782902247256,41.56426714069229],[-115.05766303393114,41.564168455275855],[-115.05727734330675,41.56400231152604],[-115.05694998914056,41.5638433584013],[-115.05671863080762,41.563769269859684],[-115.05664329226609,41.563728956318116],[-115.05656293184951,41.56368595631817],[-115.05647804747463,41.56363586152659],[-115.05622106205841,41.56343151986022],[-115.05613125268349,41.56336011986038],[-115.0557900568507,41.56300249694422],[-115.0555667391427,41.56277277194466],[-115.05543710476792,41.56261937923648],[-115.05533317976807,41.56253028652832],[-115.05524719435154,41.56245655736173],[-115.0550741735185,41.562320617778674],[-115.0548295599772,41.56221007819551],[-115.05453304122767,41.56205875111243],[-115.05452910060269,41.56205735944578],[-115.05421762872815,41.561947010487586],[-115.05388621935366,41.56186423444607],[-115.05376062143715,41.561832867779415],[-115.05356190893752,41.561829502154424],[-115.05337122560444,41.56183026777947],[-115.05326907143798,41.5618306813211],[-115.05306441310495,41.561811624029474],[-115.05279474435537,41.561826389654435],[-115.05209529018974,41.561864704237706],[-115.05203269018989,41.56186213236269],[-115.05156505269059,41.56187285007102],[-115.05118779644117,41.56185834902938],[-115.0509912120665,41.561849751112725],[-115.05077363498349,41.56184023236268],[-115.05046458498394,41.56181666673783],[-115.05037848290078,41.56180709590443],[-115.05015836206782,41.561782630279524],[-115.05014890165114,41.56178157611277],[-115.05004359331798,41.561769869862836],[-115.04979222977668,41.561702162571336],[-115.04955501415209,41.56162643444643],[-115.04927774123581,41.56150277715496],[-115.04923588394423,41.56148698965492],[-115.04904025894449,41.56142784694677],[-115.04876130581994,41.561309441738594],[-115.04848233915374,41.561197283405434],[-115.0482211985291,41.56109950319725],[-115.04811037248761,41.56105801257227],[-115.04784668707134,41.560974812572375],[-115.04754692665517,41.56088210528085],[-115.04743486415533,41.56084743757264],[-115.04738496623878,41.56082513236429],[-115.04725408186397,41.560766611531086],[-115.04719184123906,41.56072987090613],[-115.04711881103083,41.56068675215621],[-115.04708882040586,41.5605871292397],[-115.04705442248928,41.56047285215653],[-115.04705521623924,41.560446458406645],[-115.04706037144756,41.560275345906874],[-115.04707586936422,41.560127502157044],[-115.04713747561414,41.559835406324176],[-115.04720851728071,41.55959681049116],[-115.0473203464472,41.55922959174171],[-115.04741839228033,41.558923790700575],[-115.04749784957193,41.55868479590932],[-115.0475909964468,41.55852237924288],[-115.04772275061322,41.55825153236832],[-115.04782237040473,41.557976795910434],[-115.04788112248798,41.5577604698691],[-115.0479198349879,41.55754562820269],[-115.0479470151962,41.55728143132812],[-115.04797839332117,41.55697040320366],[-115.04797760165452,41.55687501362045],[-115.04792170790459,41.55666364382911],[-115.04786935269635,41.55656165424588],[-115.04783417248808,41.55649311466272],[-115.04775168915484,41.55638633862121],[-115.04761514957174,41.55625941674639],[-115.04745097978031,41.55607825945499],[-115.04729095478058,41.55586119383039],[-115.04690573290618,41.55550457612255],[-115.04680309957297,41.5554327052894],[-115.04646924332347,41.55511613237321],[-115.04605656103246,41.55471831258208],[-115.04530925686699,41.55396990529162],[-115.04491887770094,41.55356093133394],[-115.04478503395116,41.5534010625841],[-115.04459170165978,41.553256062584396],[-115.0441818193687,41.55305478341809],[-115.04402060061899,41.55294695320986],[-115.04333580582836,41.552589790710456],[-115.04265916312109,41.55229508758587],[-115.04218559645518,41.55202404591963],[-115.04117100791507,41.551525041753706],[-115.04112229124848,41.55150108237881],[-115.04078174020731,41.55133111571238],[-115.04038125062465,41.55117250842098],[-115.040155206875,41.5510356521712],[-115.03996163395864,41.550915965713024],[-115.0398037912505,41.550776904254946],[-115.03961568291749,41.550591977171834],[-115.03955842666754,41.550545696963574],[-115.03946698395937,41.5504301344638],[-115.0390714829183,41.54978363029811],[-115.03876668500214,41.54942911675696],[-115.03822285791968,41.54870086154979],[-115.03782154958691,41.54810156675906],[-115.03750348396242,41.54734143655189],[-115.03748626208746,41.54726624176034],[-115.0374762652125,41.547222655302086],[-115.0374730558375,41.547208657385454],[-115.03746337354586,41.54682620634439],[-115.03745969021247,41.54654634384479],[-115.03740445479595,41.54636589697005],[-115.03737131417097,41.5463032969702],[-115.0372206360462,41.54611527926212],[-115.03717109125459,41.54604276884561],[-115.03708112979643,41.54591109801247],[-115.03689068500506,41.54563235113791],[-115.03673681938028,41.545323494888464],[-115.03628441313101,41.543812650099085],[-115.03604711521466,41.54359378551607],[-115.03571848709021,41.543461257391314],[-115.03535764021574,41.54341707822463],[-115.03500806313296,41.54343005114135],[-115.0340126266762,41.54339558134972],[-115.03335010792722,41.54334735739139],[-115.03304322980267,41.5433090428082],[-115.03269782667819,41.54325639072491],[-115.03253126626178,41.54320546676665],[-115.03213463709575,41.54308420635017],[-115.03183863501289,41.54300242301693],[-115.03147047355516,41.54286295947557],[-115.0311597652223,41.542673078225846],[-115.03087116522272,41.54243771989286],[-115.03084861834776,41.54241317510123],[-115.03079602459786,41.54235592093464],[-115.03076194022287,41.54229218864314],[-115.03073059126461,41.54215865010162],[-115.03072956730625,41.542119921976685],[-115.03072621418129,41.54199274489352],[-115.03072619751465,41.541989609476936],[-115.03072612147292,41.541914496976986],[-115.03076874022285,41.54161445114418],[-115.03080546418114,41.54144169593613],[-115.03082380793113,41.541393656352795],[-115.03084630272276,41.54121160114475],[-115.03102512251418,41.54053371989583],[-115.0311244777223,41.539985992813335],[-115.03122587876385,41.539421735522474],[-115.03158440792993,41.53882781052342],[-115.03177645584636,41.53855554177385],[-115.03206161001253,41.538324736565926],[-115.03211428188746,41.53829333031601],[-115.03244653813692,41.53813632406621],[-115.03272724855316,41.538017159483054],[-115.03285915167793,41.537978293858046],[-115.03305541313597,41.537950735524795],[-115.03321738709406,41.537921940733206],[-115.03341457771876,41.53787341573322],[-115.03358651313518,41.53785149177497],[-115.03374364021823,41.53783881469165],[-115.03384045688479,41.53781926052504],[-115.03404110271781,41.53777873552509],[-115.03430282667574,41.53772586990013],[-115.03441766938387,41.53769229177524],[-115.03520360584099,41.53748522927557],[-115.03596687667313,41.537205156359306],[-115.03650442667231,41.53695696781804],[-115.03665241729708,41.53689356573481],[-115.03717871729629,41.5367012719851],[-115.03737689542095,41.53663528344358],[-115.03750009021239,41.53659144802696],[-115.03761359125394,41.536535216776976],[-115.03774983187873,41.5364736938604],[-115.03794112562845,41.53641290219385],[-115.03801077354495,41.536390764693934],[-115.03813941729477,41.53632330948569],[-115.03852065583584,41.53604773448604],[-115.0385666266691,41.53601905219445],[-115.03879108083545,41.53576572823653],[-115.03896463812679,41.53559586990352],[-115.03900841937673,41.535466769903735],[-115.0390399725017,41.53526715219565],[-115.03905227354336,41.53503874698768],[-115.0390438225017,41.5347326792799],[-115.03900678812676,41.53448240532187],[-115.03896821104348,41.534305766780484],[-115.03883778812703,41.534027511572546],[-115.03864818187732,41.5336741886564],[-115.03849894333587,41.533433210531875],[-115.03836383396111,41.53321809386552],[-115.03819239437804,41.53299190844919],[-115.03811932146147,41.532935649074254],[-115.03797407458673,41.53275064803292],[-115.03777123604533,41.53237543657511],[-115.03768462979546,41.53213307615886],[-115.03762715062891,41.5318878626176],[-115.03761309333727,41.531702814701134],[-115.03762225583723,41.53139972511832],[-115.03765002771219,41.53094735011905],[-115.03765153708719,41.530578058452946],[-115.03767120583717,41.53030093241172],[-115.03770130687879,41.52995569491228],[-115.03770998083714,41.52966880428768],[-115.03773621937876,41.52954416782962],[-115.03769505896213,41.52885094908059],[-115.03744277875421,41.52807160116508],[-115.03723888604617,41.527463448041125],[-115.03725117771279,41.527080508458376],[-115.03741249437923,41.52677686679213],[-115.03799071729499,41.52619822200145],[-115.03848636104424,41.5255186042941],[-115.03884860271035,41.5243797709626],[-115.03965536312573,41.52374563346351],[-115.03988822145875,41.52345271054728],[-115.03997807770862,41.523265743880934],[-115.04018556312491,41.52284574179828],[-115.04024547874985,41.52262738138199],[-115.04029132979143,41.52239299075732],[-115.04032803291636,41.522098948049425],[-115.04035378812468,41.52178264075827],[-115.04033414437471,41.52138960534218],[-115.04032394854136,41.521149833467554],[-115.04015972250001,41.52069016055163],[-115.04012572145838,41.5205925147184],[-115.03995246416696,41.52046985742694],[-115.03976941208391,41.52040883971873],[-115.03974219333395,41.52039976471866],[-115.03973098083395,41.52039921888537],[-115.03932119854295,41.520379288677105],[-115.03920811937644,41.520377358468714],[-115.0391327475016,41.52037607305211],[-115.03908422145997,41.5203702022187],[-115.03892353500193,41.5203507772188],[-115.03887665375197,41.520345112635496],[-115.03883723708536,41.52033762305217],[-115.03870666312724,41.52031281992719],[-115.03858052146074,41.52028886263559],[-115.03856678604411,41.52028551159389],[-115.03853417875251,41.520277547010615],[-115.03831676312787,41.52022445742733],[-115.0379144527118,41.52006756159424],[-115.03786238812852,41.5200499168026],[-115.03677845479687,41.519593492845],[-115.0354922037572,41.51898013034595],[-115.03479324646662,41.51874095742967],[-115.03431119021737,41.51854071263832],[-115.03385402771806,41.518249398055445],[-115.03372287875993,41.518170665763876],[-115.03369873500999,41.51814578659722],[-115.03358877771848,41.518032456389],[-115.03346648605202,41.51790032722263],[-115.03334195896889,41.517794814722805],[-115.0332533287607,41.51774052201455],[-115.03310834021927,41.51770811784793],[-115.03297446626112,41.51770786263953],[-115.03285928605293,41.51772205326454],[-115.03274250688649,41.517747451181236],[-115.03259747980337,41.51781330326441],[-115.03252454230345,41.51784642826433],[-115.03236173084542,41.51796335013925],[-115.03229254647052,41.51807115222238],[-115.03219291730396,41.518193400138884],[-115.03208657355418,41.51832525222191],[-115.03195607667938,41.51850173659673],[-115.03184600272117,41.51883623555453],[-115.03180759022128,41.518937468887636],[-115.03172373709641,41.51936011055366],[-115.0316369693882,41.51980635534463],[-115.03152754126336,41.52017960951074],[-115.03148091938846,41.52055724180181],[-115.03140172355523,41.520817211593126],[-115.03137042876365,41.52089069284294],[-115.03133428084698,41.52097559388444],[-115.03125073397213,41.521094326176055],[-115.03120291522221,41.52116228242593],[-115.03112357772233,41.521251423050714],[-115.0309537516809,41.52141051575882],[-115.03078126730615,41.521518182425304],[-115.03074742980624,41.52152877096695],[-115.03066594855636,41.52156566263358],[-115.03055065480658,41.52159031159187],[-115.03047462876499,41.52160656888356],[-115.03033549126519,41.521636316800176],[-115.03023239543205,41.52165108555014],[-115.0300544516823,41.52161699596686],[-115.02993481418252,41.521585902216906],[-115.02987951522427,41.521571535550315],[-115.02969016418292,41.52150958034203],[-115.0294964068915,41.52143257305049],[-115.0292683839752,41.52134194805064],[-115.02886576522582,41.52116131471757],[-115.02851313085137,41.52099296055115],[-115.02794853918562,41.520691709509954],[-115.02722110793673,41.520426707427056],[-115.02697541002044,41.52030649284385],[-115.02671419439584,41.52016904180245],[-115.02668699752087,41.520153587635775],[-115.02650569335452,41.52004599180255],[-115.02625849231323,41.519871966802924],[-115.02625146627156,41.51986701784454],[-115.0261724881467,41.5197734334697],[-115.02600673189693,41.51958194076164],[-115.02583450273058,41.519355462636995],[-115.0255630631476,41.518977903262616],[-115.02551334648103,41.51894560117933],[-115.02533641002299,41.51880444388788],[-115.02515496627325,41.5186943449297],[-115.02502264648176,41.5186267688882],[-115.02496976002357,41.518599758471495],[-115.02476137981552,41.51853469180499],[-115.02435368398285,41.51844222097178],[-115.02392572148354,41.518363984513584],[-115.02328370690118,41.51830716472201],[-115.02286248398515,41.51829653451368],[-115.02274224336031,41.518294428263715],[-115.02213797877795,41.51828382930536],[-115.0217157444036,41.518254557430346],[-115.02132133398756,41.518217690763834],[-115.02089428502991,41.518164314722185],[-115.02061096315533,41.518101934513986],[-115.02029841940578,41.51800855118086],[-115.02025469336424,41.51799452097254],[-115.02008070794778,41.51793870534758],[-115.01984509232318,41.5177728178478],[-115.01961722774018,41.51756315743152],[-115.01945460899043,41.51734742722346],[-115.01937884961558,41.517160734515464],[-115.0193857600322,41.5169341272241],[-115.01946408815708,41.51665704909954],[-115.01957323711525,41.51645023034984],[-115.01959260169855,41.51641355430829],[-115.01975151836494,41.516136974100334],[-115.01991079128142,41.51589329389243],[-115.02070078919685,41.51513909181022],[-115.0212301277377,41.514699954310906],[-115.02138198086244,41.51449631368626],[-115.02172291627858,41.51404402097859],[-115.02195283398657,41.51346495014615],[-115.02190821940331,41.51305714806347],[-115.02155253607056,41.512603819939145],[-115.02114504857116,41.51231350743962],[-115.02088135065493,41.512097610565],[-115.02061836523863,41.511924958481835],[-115.02041700482228,41.5118408001487],[-115.0202240735726,41.511784274107086],[-115.019967773573,41.5117476105655],[-115.0197044475317,41.51170750014882],[-115.01947723607374,41.511681869940624],[-115.01927581211571,41.511610385565675],[-115.01892433503293,41.511513635565855],[-115.01858828711674,41.51140581473272],[-115.018223469409,41.511252159524574],[-115.01778620586806,41.511048145983246],[-115.01688805691111,41.51062832098393],[-115.01626152878708,41.510060835568105],[-115.01566418920463,41.50925733140267],[-115.01494933608073,41.50863605536202],[-115.01427101837352,41.508231568904286],[-115.01366352983275,41.50802247619629],[-115.01311300691695,41.507864975154845],[-115.0125037673346,41.50780383348825],[-115.01223127358497,41.50778781473832],[-115.01200275275198,41.507744026196704],[-115.01189770275215,41.50770224703011],[-115.01181212983562,41.50760765953024],[-115.01178122775237,41.507460817863816],[-115.01180903921062,41.50726307411416],[-115.01182191421059,41.50704931890614],[-115.01177539025235,41.506744062656615],[-115.0117710767107,41.50672692411497],[-115.01172474337746,41.50634719078222],[-115.01141678504456,41.50534838453381],[-115.01134187879472,41.50512365432576],[-115.01135019337802,41.504649222034864],[-115.01126885171148,41.50383314703608],[-115.01122918816985,41.50363881891145],[-115.01095685275361,41.503024651204036],[-115.0109152215037,41.5029441657875],[-115.0108914444204,41.50289821266257],[-115.01075698921225,41.50277188037105],[-115.01070678608734,41.50267790432954],[-115.01075568192063,41.50260843870472],[-115.01075725171229,41.50260619703806],[-115.0107992767122,41.502546502246496],[-115.01082549025381,41.502536336621475],[-115.01086130171211,41.50252244287154],[-115.01086450900378,41.50252119703818],[-115.01092171421203,41.50249900120485],[-115.01093614962866,41.50249341162152],[-115.01099623504524,41.50247010016331],[-115.01110088817006,41.502405745996704],[-115.01114898712831,41.5023761730801],[-115.01117522775333,41.502361720996745],[-115.01135922879467,41.50226036162191],[-115.01141023608626,41.50223226891363],[-115.0114533412945,41.50221498870526],[-115.01171496421081,41.50211011683046],[-115.01194688087706,41.50204761891386],[-115.01212048816849,41.50201355537233],[-115.01240671733474,41.501966206414004],[-115.01242718191803,41.50196281995565],[-115.01250644025124,41.50196094078905],[-115.01260562150107,41.5019585918307],[-115.012873082959,41.50196468453906],[-115.01311482775027,41.502005366830645],[-115.01337391837491,41.50211674912214],[-115.01352441629132,41.50218845016367],[-115.01362324441618,41.502235530371884],[-115.01381997149919,41.502323926205165],[-115.01400306004058,41.50239340433005],[-115.01426971629013,41.50246018974653],[-115.01454942774808,41.50251276474652],[-115.01481627253929,41.50252283037152],[-115.01494209649746,41.50245849599655],[-115.01497710795569,41.5023991928717],[-115.01503400483062,41.50231098245513],[-115.01503497878893,41.502309909538525],[-115.01516229233046,41.50211559287217],[-115.01520972983036,41.50208878141382],[-115.01547162566327,41.50188577933082],[-115.01576221316282,41.50167460953951],[-115.01609707253732,41.50150190328977],[-115.01642034753684,41.501350827248274],[-115.01659472566155,41.501278092873406],[-115.01679038816128,41.501201028290225],[-115.0168221381612,41.501192741831844],[-115.01685344753618,41.50117531266522],[-115.01732211524376,41.500970002248856],[-115.01776034753475,41.500808457457424],[-115.01783132357627,41.50078229079089],[-115.0179383433678,41.50068613766592],[-115.0179589329511,41.50061739287451],[-115.01798195482606,41.50053108558286],[-115.01791869961784,41.50038223766648],[-115.01784996315963,41.50027611891665],[-115.01782412774297,41.500236233500054],[-115.01771504024317,41.500102006416874],[-115.01748576316015,41.499812636625734],[-115.01728031211883,41.49951498245943],[-115.01685635378612,41.49906966996024],[-115.01660151941154,41.498880442877116],[-115.0163636350369,41.498718119960714],[-115.01621167878716,41.49860739391919],[-115.01608634857898,41.49850199912772],[-115.01596474232919,41.49835979600296],[-115.01586746941268,41.49822754287815],[-115.01581387878775,41.49804401267014],[-115.01576588087117,41.497815335587134],[-115.01574029128788,41.497557655379175],[-115.01576161941284,41.497342387671175],[-115.01582401212107,41.49693879288015],[-115.015859580871,41.49679240746363],[-115.01600987774579,41.496088765798156],[-115.0159893308708,41.495230343924455],[-115.0159696506625,41.49504490954971],[-115.01590307357928,41.49490341163327],[-115.01567221420464,41.494704174133595],[-115.01542386316335,41.49442828246737],[-115.01522055587203,41.494104364759515],[-115.01501247253903,41.493355272052334],[-115.01494588295577,41.49309724913615],[-115.01483103191431,41.49283071788651],[-115.01482075170595,41.49273664497001],[-115.01477210899769,41.49229159080403],[-115.01484600795597,41.491890365804586],[-115.01489594545588,41.491524132471916],[-115.01484600066425,41.49123281684734],[-115.01480256733102,41.490798994973034],[-115.0148055381643,41.49071990538983],[-115.01480853503932,41.49055765434836],[-115.01484052983098,41.49039962309867],[-115.01488778087254,41.49010816997407],[-115.01496273608076,41.4896196335165],[-115.01498333295568,41.489334616850286],[-115.01494424337244,41.48909077205897],[-115.01487680899753,41.48877631476788],[-115.01471970587276,41.48842916893498],[-115.01456483191468,41.488168306435455],[-115.01443008295655,41.48797380539406],[-115.01434612774835,41.48780008664429],[-115.0142272412902,41.487638423102865],[-115.0140038798322,41.48742111789493],[-115.0137522798326,41.487173453312],[-115.01355642774963,41.48702658768721],[-115.0133633756666,41.486899061645744],[-115.01321599025012,41.4868110720625],[-115.01300078920877,41.486718505396006],[-115.01286703087567,41.48666379289606],[-115.0127381058759,41.486588535604575],[-115.01260754962608,41.48652651893801],[-115.01256374025115,41.486505713729755],[-115.0124820433763,41.48641351581322],[-115.0124596277513,41.486388215813164],[-115.0124276610847,41.48629271477166],[-115.012413166293,41.48622379706346],[-115.01242664233467,41.48611094810533],[-115.01243538191801,41.48605839602203],[-115.01245320587628,41.48595119498054],[-115.01250013816794,41.48569326893926],[-115.01254868504283,41.48541003664801],[-115.01258461733443,41.48510638039854],[-115.01267082983429,41.4847385647741],[-115.01276054233416,41.48433651581636],[-115.01283379233406,41.484036439775196],[-115.01288975379232,41.48379931790054],[-115.01291506525058,41.483692024150756],[-115.01298275900048,41.483559204359274],[-115.01312408400027,41.48337063560959],[-115.01314640900024,41.483340852276235],[-115.01318206212517,41.483307877276346],[-115.01360752774953,41.48291434915191],[-115.01411496941542,41.482475612694216],[-115.01470098087282,41.482088072069836],[-115.01511909545547,41.481522168945745],[-115.01573424962123,41.480898613738354],[-115.01614652357891,41.480379905405876],[-115.01662806420313,41.47955657415716],[-115.01689477566106,41.47919168561607],[-115.01713045274404,41.47885508144991],[-115.01718438399395,41.478836461658254],[-115.01722338607726,41.47871741999173],[-115.01720317566058,41.47865921999191],[-115.01718225691064,41.47862668770019],[-115.01713418711904,41.47855194499204],[-115.01704674336918,41.47845067311724],[-115.01689927982771,41.478326110617445],[-115.01679097774456,41.47822369499259],[-115.01668036107812,41.47810812832596],[-115.01638852253689,41.47792309395131],[-115.01621216628712,41.47781128457651],[-115.01605656732902,41.47773520436825],[-115.0158585287877,41.47765641686837],[-115.0156346558714,41.47759261374351],[-115.0154699808716,41.47756099916022],[-115.01526030899697,41.47753674186865],[-115.01474148191443,41.47750706791029],[-115.01424403295687,41.4775270491603],[-115.01418805274865,41.47752929707695],[-115.01406982670716,41.47753443249359],[-115.01388215066578,41.47755561791021],[-115.01356300691621,41.477588672076855],[-115.01331308295829,41.47761246582681],[-115.01313310066689,41.4776652460351],[-115.01301969129209,41.477698503326685],[-115.01288477879227,41.47773807103489],[-115.01261719129275,41.477813251243134],[-115.01236605275142,41.477928614784695],[-115.01213219337684,41.47805757624281],[-115.01184529962723,41.47818562936765],[-115.011594570461,41.47828770124239],[-115.01123697046152,41.47841452311726],[-115.01095571837864,41.478521332492036],[-115.01095243087867,41.47852266790875],[-115.01056403087928,41.478680467908475],[-115.00972377046389,41.47893411165805],[-115.00957470692242,41.47898429499138],[-115.00937781421442,41.47906069499123],[-115.0091825548397,41.479083916866244],[-115.00913146421483,41.4790791783245],[-115.0088306423403,41.47902461374128],[-115.00875774754871,41.47898149290798],[-115.00866298713218,41.478925440824774],[-115.00857178400736,41.478871487699834],[-115.00848886838247,41.47882243665826],[-115.00832629546602,41.47873595749171],[-115.00818389442458,41.47866750540849],[-115.00793894546666,41.47857697311694],[-115.00763105171711,41.4784828314505],[-115.00725708296774,41.47837221790901],[-115.00701732150976,41.478301029367415],[-115.00678501421847,41.47822286790923],[-115.00669679755191,41.478172976242625],[-115.00657665171877,41.478067806451094],[-115.00642407776064,41.47785234811807],[-115.00625292567757,41.47766458666003],[-115.00613335796947,41.477528087701984],[-115.00594462359476,41.4773386033273],[-115.00576070692836,41.47720691166078],[-115.0057542558867,41.4772022929108],[-115.00558509442862,41.47709554603596],[-115.00486583609643,41.47663939811997],[-115.0042944506806,41.4758852762462],[-115.00374932776482,41.474918749164296],[-115.00333996214046,41.47439019187349],[-115.00282661526627,41.47380675958278],[-115.00223601214219,41.47305641687556],[-115.00205518297577,41.47278290125101],[-115.00189659130932,41.47257805854299],[-115.00176443714291,41.47243268458486],[-115.00155549651824,41.47231330750173],[-115.00081778610269,41.47188079708569],[-115.00055486526975,41.471753718960926],[-115.0003330381868,41.47165482104445],[-115.00018799443701,41.47158179812781],[-115.00015455277043,41.47156023979455],[-114.9999972444373,41.471458779378025],[-114.99993901631238,41.47141708250306],[-114.99980691214593,41.47132246062824],[-114.9996696069378,41.47118706479512],[-114.99949352777145,41.47096209083713],[-114.99930696527173,41.47077155333746],[-114.99902807360549,41.47048670437956],[-114.99841893089808,41.46995599604704],[-114.99817322569015,41.46979869188063],[-114.99731633194149,41.46948607521443],[-114.99648748298443,41.46902334188184],[-114.99642079235952,41.468902727298676],[-114.99644705069285,41.46873273563227],[-114.99684073194221,41.46821491584146],[-114.99693345381706,41.467721512717226],[-114.99677300798396,41.46697232730171],[-114.99661352673422,41.46651991480231],[-114.99634098194298,41.46599305438654],[-114.99626115485978,41.46573081584525],[-114.9962151475682,41.46542010855407],[-114.99618110381823,41.465164193971184],[-114.99622316840151,41.46489690126326],[-114.99628671006809,41.46466524188857],[-114.99637603298459,41.46421257938924],[-114.99642097881788,41.463424576265524],[-114.99642250069286,41.46290097730796],[-114.99638658194289,41.46251271689197],[-114.99618547881823,41.46200360543442],[-114.99608414340173,41.461786935643026],[-114.99587351215206,41.46145579085194],[-114.99579954131883,41.46117840960232],[-114.99571389236064,41.460857214811135],[-114.99573669131894,41.460526561686684],[-114.99574809861058,41.46048665439509],[-114.99579940277715,41.460315630437016],[-114.99575949965218,41.46004769189567],[-114.99563978194408,41.45980255647946],[-114.99551423923594,41.45976832314615],[-114.99538895277777,41.45973415127117],[-114.99506970486165,41.45974555439613],[-114.99468775590388,41.45978545752118],[-114.99426589340455,41.459876672104365],[-114.99387253194682,41.45997928668754],[-114.99342787361417,41.46013890752061],[-114.99334011215598,41.46020273356219],[-114.99311432986468,41.46036693877028],[-114.99274566007358,41.46058814085324],[-114.99261157361542,41.46064954293646],[-114.99245934340733,41.46071872314463],[-114.99235779965751,41.46076487001968],[-114.99212828194955,41.46084061481117],[-114.99191498507487,41.46087679501949],[-114.99172060278352,41.460873399186156],[-114.99145551320056,41.460868770019545],[-114.99120339132595,41.460843073144545],[-114.99106796945121,41.460822093977896],[-114.99078644757664,41.460777275227926],[-114.99052218091039,41.46074605543633],[-114.99044533924382,41.46075487731133],[-114.99022052986913,41.46078068460296],[-114.98999667466114,41.460851117936144],[-114.98990611320295,41.46087961481113],[-114.98960419341178,41.461011123144274],[-114.98904771528765,41.46125350543553],[-114.9884216423719,41.46170951480985],[-114.98782985591453,41.46214411376747],[-114.98732260383197,41.46291791064128],[-114.98686797258269,41.4632668981408],[-114.98620836216703,41.4634824991821],[-114.98552907258477,41.463601492931936],[-114.984932602794,41.46379872105662],[-114.98458589029457,41.46390617522309],[-114.98421746217015,41.46395292105638],[-114.98398336946218,41.46394881584795],[-114.9835768934211,41.46394168980628],[-114.9830781944636,41.46389960855649],[-114.98275517779742,41.46383738772315],[-114.98231023300644,41.46373325959835],[-114.9817484205073,41.46360369397356],[-114.98153965279931,41.46349362314038],[-114.98133211946629,41.46334366897398],[-114.98127185175805,41.46328421480746],[-114.98118301425819,41.46317758251584],[-114.98049448613426,41.46260556064177],[-114.97984529967692,41.462226737725715],[-114.97916871426128,41.46194120855949],[-114.97868435072041,41.461764380434744],[-114.97785490905501,41.46156332835168],[-114.97728228509756,41.461332693977106],[-114.9764127038489,41.46120022418564],[-114.9761660059326,41.46120602835237],[-114.97596151530799,41.46120093981059],[-114.97566109655845,41.46119565126897],[-114.97539726010046,41.46115110439403],[-114.97515192364256,41.46108028356082],[-114.97483671947634,41.460981624186],[-114.97457495697677,41.460870608561194],[-114.97437449343539,41.46079524293624],[-114.97381568822796,41.46070838043643],[-114.97309125489573,41.460681309603096],[-114.97240612468845,41.460847416894566],[-114.97152105906487,41.461094698144066],[-114.97120149760701,41.46111985543576],[-114.97069664760778,41.4611081908524],[-114.97031728719173,41.46110533564413],[-114.96933310594324,41.46113139918574],[-114.9687968861524,41.461117515852436],[-114.96874939031916,41.461115311685774],[-114.96845899448626,41.461095239810774],[-114.96803570698694,41.461061153352496],[-114.96775420282069,41.4610162804359],[-114.96734983198796,41.46094262939437],[-114.96730800698805,41.460933361686024],[-114.9668932757387,41.460841449186226],[-114.9659734955318,41.460538173144954],[-114.96538108928267,41.46041704918685],[-114.96521658615798,41.4603921116869],[-114.96511486532478,41.46037668981186],[-114.96493036011675,41.46034120022863],[-114.9647006403254,41.46033713564533],[-114.96444222886748,41.46029908772868],[-114.9643484517843,41.46029099606204],[-114.96415198199293,41.46035402835367],[-114.96398878824321,41.46048413981176],[-114.96371864449362,41.46076760856132],[-114.96371456324361,41.46077190022794],[-114.9635088809523,41.46089871272778],[-114.96349253616062,41.46090893460275],[-114.96324731011936,41.46106219085249],[-114.96297962366145,41.46113867939401],[-114.96275973407843,41.4611577991857],[-114.96248248512053,41.46110999606076],[-114.96217177574603,41.46102395126924],[-114.96199853512127,41.46086568043616],[-114.96162901220522,41.46061351897827],[-114.96113094970599,41.46029282939536],[-114.96037696637381,41.45973988981291],[-114.95943570804195,41.4589119221059],[-114.95902094241758,41.45843045231494],[-114.9586854611681,41.45798705335724],[-114.95862861325149,41.4578992721074],[-114.95858914762658,41.45783832731586],[-114.95858042470991,41.4577842148159],[-114.95854298200163,41.457551862732956],[-114.95854798616831,41.45739234294156],[-114.95857149137663,41.45720654919182],[-114.9586114267932,41.45706094294202],[-114.95859876220989,41.45690111794233],[-114.95854991845998,41.456767238775846],[-114.95844889346012,41.45660584085942],[-114.9584395486685,41.45659938669278],[-114.95831045075204,41.45651027419294],[-114.95810174658567,41.45640016169311],[-114.95783961325276,41.4563024023182],[-114.957667491378,41.456153038776776],[-114.95755006116985,41.455951439818755],[-114.95738038200346,41.45556926586099],[-114.95730621117023,41.45527142627815],[-114.95724429346198,41.45499101065359],[-114.95714326742053,41.454829607528836],[-114.95702625908734,41.454614720029106],[-114.95694250179582,41.454466924196055],[-114.95680531637936,41.454331476279656],[-114.95659828721303,41.45416818773815],[-114.95630249554681,41.45401662419676],[-114.9560412028389,41.45389227003031],[-114.95585016846417,41.453782466905444],[-114.95569490804775,41.45366000232242],[-114.95559091846457,41.45349810336426],[-114.95558040388124,41.45336534815616],[-114.95562326533953,41.45312670232316],[-114.95563007054785,41.45300243774001],[-114.9556662038811,41.4524574804492],[-114.95568564138108,41.45179232628354],[-114.95562951013119,41.450717175243554],[-114.95531072992334,41.44971875441177],[-114.95471465388262,41.4489150492047],[-114.95385301430058,41.44821166795577],[-114.9532155257599,41.447739422123206],[-114.95277428930228,41.44739124399871],[-114.95230352055302,41.44704370545757],[-114.9520275247201,41.446825967957906],[-114.95182178722041,41.44662280024989],[-114.95166946534566,41.44640727316695],[-114.95156847784578,41.446245870042176],[-114.95145066638764,41.44605755441744],[-114.95134968097112,41.44589614504273],[-114.95128486638794,41.445708783584735],[-114.95121337992971,41.445544058584915],[-114.95120621013804,41.445527538793264],[-114.95117859867975,41.44542490129345],[-114.95108777263823,41.44518358046042],[-114.95092878201346,41.444761196086134],[-114.95051802055576,41.44399433462902],[-114.94979660493192,41.44318177733861],[-114.94952785493234,41.442852052339106],[-114.94941497680747,41.442747555464294],[-114.94900539451648,41.44251136171469],[-114.94877615493347,41.44238498983977],[-114.94863802472535,41.44227037004832],[-114.9485968809754,41.4421616346318],[-114.94858806118378,41.44201762421541],[-114.94853810180881,41.44192063984052],[-114.94844993514234,41.44188831379892],[-114.94834119035086,41.44191770234054],[-114.94830664555924,41.441975847132134],[-114.9482383330593,41.44206758775695],[-114.9479885580597,41.44232746796495],[-114.94775386326842,41.44248289088141],[-114.94755660701874,41.44257247629791],[-114.94728783306078,41.442687388797765],[-114.94703798722787,41.44276273775593],[-114.9468238924365,41.44282541275583],[-114.9465559549369,41.44291373775566],[-114.94630611222898,41.44298907213055],[-114.94607435285435,41.443051442963835],[-114.94577233827148,41.44309925129704],[-114.94548967577192,41.443094201297086],[-114.94520616639734,41.443115733588684],[-114.94494158931447,41.44309770858868],[-114.94465934243989,41.44307936588045],[-114.94442701431524,41.443054978380495],[-114.94420126744058,41.44303127004722],[-114.94393752994097,41.44298665233892],[-114.94356904869159,41.4429002627557],[-114.94325357056705,41.442814815880844],[-114.94297384973414,41.44271670442266],[-114.94271522369291,41.442625996089454],[-114.94232846536015,41.44249436275638],[-114.94204718515225,41.44239420858985],[-114.94167997681951,41.442267930465015],[-114.9412425289035,41.442127086715175],[-114.94070074869603,41.441931175257174],[-114.94044065286306,41.44184509088234],[-114.94040336744649,41.4418327492157],[-114.94010682369696,41.44170772525757],[-114.93981028619737,41.441582707549436],[-114.93950863307289,41.44144881171624],[-114.93913098411514,41.441264620049886],[-114.93865776536586,41.44108163567518],[-114.93839985078291,41.44097071380042],[-114.93813664974164,41.44084776588386],[-114.93782328724217,41.44069584505083],[-114.93774361849228,41.44066125338417],[-114.93754080599257,41.44057319192594],[-114.93719579765981,41.44047480130112],[-114.93687859870194,41.440386282551316],[-114.93661529349403,41.44032835025967],[-114.93635241641113,41.44025713567649],[-114.9358607299535,41.44015520442664],[-114.93549227474574,41.44006877942681],[-114.9350708195381,41.43998141796856],[-114.93475583308027,41.43989918046867],[-114.93456273516387,41.4398392794271],[-114.93441863516409,41.43979103671891],[-114.93403783412305,41.43967024296903],[-114.93374215391515,41.43951862109425],[-114.93366886849863,41.439465594011004],[-114.93351052787388,41.43935103567784],[-114.9333397851658,41.439161760678175],[-114.93318534037434,41.43897437317843],[-114.93306810912452,41.438811052345415],[-114.93293227162474,41.43863570338733],[-114.9327278862084,41.438392619012696],[-114.93234895704234,41.438079884638206],[-114.93192397370962,41.43788713984678],[-114.93158224141847,41.4377335763054],[-114.93125083621065,41.437594605472285],[-114.93064979558659,41.437457574222464],[-114.9302851737122,41.437391019014235],[-114.92986291017115,41.43733021797267],[-114.92936998413028,41.43726813672278],[-114.9291905455889,41.43725313776448],[-114.92918172267224,41.43725239922286],[-114.92916900392225,41.43725133463953],[-114.92896453204759,41.43723423255611],[-114.92870040704797,41.43720287838956],[-114.92843586746507,41.43718481588955],[-114.92813724767387,41.437126228389694],[-114.92787312267426,41.43709486693138],[-114.92755895600806,41.43696949609824],[-114.92733270809174,41.43685901693178],[-114.92712537475876,41.43670896797363],[-114.92708559246717,41.43665984818204],[-114.92697232580063,41.43651999714055],[-114.92685375288421,41.4363582565159],[-114.92671709038439,41.436209481516045],[-114.92654467684298,41.436073364849605],[-114.92637141955157,41.43596383359972],[-114.92614559246864,41.43584005547504],[-114.92590167684398,41.435729250266796],[-114.92557745392781,41.43563403776698],[-114.9252531726783,41.43555794297543],[-114.92490200080387,41.435485100267236],[-114.92453232372111,41.43543852839229],[-114.9244813768462,41.435434263808915],[-114.9244157799713,41.43542877943394],[-114.9243094466381,41.43541953151735],[-114.92408347268014,41.43539988985063],[-114.92368655393075,41.43535675443402],[-114.92323029559816,41.43530478880917],[-114.92296528726517,41.43525062735094],[-114.92264987476568,41.43516512422599],[-114.92217591122477,41.4350634575595],[-114.9216493789339,41.43494753776808],[-114.92121352060127,41.43483275339322],[-114.92116392580964,41.43481804401822],[-114.92005449664474,41.43448896485212],[-114.9196368674787,41.43440792943561],[-114.91947643935396,41.434362910685635],[-114.91895077164645,41.43422039089417],[-114.91849575914716,41.434079157561],[-114.91802269768955,41.433901723186345],[-114.91758616019024,41.43378336589481],[-114.91714371123258,41.43380195443646],[-114.91685896331637,41.43386330235307],[-114.9165382904002,41.43398942422785],[-114.91612581852583,41.43412933464426],[-114.91566102477657,41.43429382006072],[-114.91526731227712,41.434446298185485],[-114.91489667894437,41.43457745756033],[-114.91481189144451,41.434607457560205],[-114.91208647165713,41.4353535367257],[-114.91118602061682,41.435553341933755],[-114.9109964518671,41.43557251276702],[-114.91078675499244,41.43563307422532],[-114.91075048936752,41.43564354610032],[-114.91038989770142,41.43574769818351],[-114.90974054457742,41.43587929922501],[-114.90921552791154,41.43599237005808],[-114.90875283416227,41.43609036172459],[-114.90824581020473,41.436169402349435],[-114.9077223268722,41.43625782839105],[-114.90700741437333,41.43638304089084],[-114.90644365708256,41.43644736901573],[-114.9056621518754,41.436566146098905],[-114.90495215291816,41.436659615890406],[-114.90413616541944,41.43675115755692],[-114.90329738625405,41.4368235658901],[-114.90231521333891,41.43693635234831],[-114.90122806750729,41.43704394088977],[-114.9000932477174,41.43715622630626],[-114.89878341855275,41.43731803880606],[-114.8987800737611,41.43731845026433],[-114.89831934042849,41.43741275338921],[-114.89645625918138,41.43779298672191],[-114.89443260189285,41.43829216067948],[-114.89299987377008,41.438618994012316],[-114.88943753002559,41.43953260026095],[-114.88697956440438,41.44021504400982],[-114.88477959044947,41.440972421092],[-114.88438773628341,41.4410793429669],[-114.88350663836813,41.44136922109142],[-114.88336155920165,41.4414169512997],[-114.88232394045333,41.44178736796574],[-114.88152163212119,41.442153383590224],[-114.88082375920561,41.44250180442299],[-114.88016949670663,41.44282122525583],[-114.87956020504089,41.44307601067205],[-114.87915259149985,41.44326980025513],[-114.87891384566696,41.4433833085883],[-114.8784571529593,41.44358070546295],[-114.87799824566834,41.44366262108786],[-114.87619814775445,41.44407887629555],[-114.87441230088223,41.4445707950448],[-114.87340076025879,41.444931616919256],[-114.87278882692642,41.44516345546056],[-114.87220478942733,41.44540875650182],[-114.87141102484526,41.44583969816785],[-114.87094553109597,41.446077082542445],[-114.87036976859686,41.446385631500256],[-114.86968886443123,41.4466656356665],[-114.8688648779742,41.44699619191601],[-114.86806743110044,41.447245352332324],[-114.867900426934,41.44729753045721],[-114.8671367290185,41.4475001158735],[-114.8669362436022,41.44755330129019],[-114.8663326665198,41.44766746899833],[-114.8656198842292,41.447840448164726],[-114.86515696443826,41.44801293670606],[-114.86493981756361,41.44809383878928],[-114.86433555818955,41.44838274503882],[-114.86320811964964,41.448891271079766],[-114.86231106860936,41.44923204920425],[-114.86138728423579,41.449785141911676],[-114.86095250923648,41.44991730753647],[-114.86075738423678,41.449986534619704],[-114.86059822590369,41.45008140441122],[-114.86045295507058,41.45019840441104],[-114.86028826757081,41.450368252327436],[-114.86014168319605,41.45052512732717],[-114.85997699465463,41.45069497420194],[-114.85977783944664,41.45083757315998],[-114.859517198822,41.45098322107642],[-114.85922941861413,41.451116670034565],[-114.85893434361458,41.45122089295116],[-114.8586442019484,41.45127577940934],[-114.85849458319859,41.451298015867685],[-114.858472110282,41.45130135649266],[-114.85841144778209,41.451310372117625],[-114.85808146861594,41.45135131899259],[-114.85779659569971,41.451412511700816],[-114.85747463424183,41.451526216908974],[-114.85713456861737,41.4516528939921],[-114.85668498215979,41.4519014846167],[-114.85662000715986,41.451948964825],[-114.85613834257727,41.452300906491125],[-114.85577820403614,41.4525870387823],[-114.85554907174486,41.45287456586522],[-114.85543889257838,41.4530817939899],[-114.85512993216219,41.45327400440622],[-114.85447473424654,41.45370337211395],[-114.85412203216373,41.45404683773843],[-114.85383561966417,41.45438982732127],[-114.85365279466448,41.45457262523756],[-114.85352517070635,41.4546899460707],[-114.85339972903984,41.45474081169564],[-114.85322216237347,41.454764093987336],[-114.85300992174881,41.454771393987286],[-114.85281578424913,41.454756507528955],[-114.85258154362445,41.45478722315387],[-114.85233521966649,41.4548539366955],[-114.85220939050005,41.45492589086207],[-114.85215502383345,41.4549569773203],[-114.8519202300838,41.45514605544502],[-114.85179810508401,41.45528611586149],[-114.85169881862585,41.45538737419462],[-114.85153673008445,41.4554774481529],[-114.85126635925148,41.45558177836105],[-114.85108885821012,41.45565529398593],[-114.85089186862706,41.45573140648579],[-114.85078146966892,41.45586236065228],[-114.85075721237729,41.45606140961024],[-114.85080938112719,41.45633927002652],[-114.85082157591889,41.45641230856807],[-114.85082819258554,41.45649040335959],[-114.85078032279392,41.45673575648424],[-114.85061089466917,41.45699839085876],[-114.8504738352944,41.457146770025275],[-114.850290562378,41.45734284606662],[-114.85025483112808,41.45736198356655],[-114.85007457592003,41.457458520024716],[-114.8498918259203,41.45753049502466],[-114.84975213112887,41.45758549919122],[-114.84962429987905,41.45761274606622],[-114.84946086550428,41.45764757939951],[-114.8492357665463,41.45769554606609],[-114.8486761290472,41.457788714815926],[-114.84714440925791,41.45839353148164],[-114.84635458425913,41.45892730752242],[-114.8459756978014,41.45923858148036],[-114.84585211342659,41.45940138460512],[-114.84584628009327,41.45940906793837],[-114.84568109155187,41.459592176271435],[-114.8455015269688,41.45981276377116],[-114.84516219155263,41.46006114189568],[-114.84440384572046,41.46055449710335],[-114.8433021259305,41.461261368977226],[-114.84253779364008,41.46180188460133],[-114.84149715614167,41.462275065850555],[-114.84082265093441,41.46283241897477],[-114.84034903426846,41.463223764807445],[-114.83925913218678,41.46383622522321],[-114.83809896448025,41.46425322105589],[-114.83789540927228,41.464321881472465],[-114.83746138531463,41.46442827626395],[-114.83724289364831,41.464505380430495],[-114.83688839781547,41.46464361063863],[-114.83667394781584,41.46479069293006],[-114.83650580719109,41.46498223042982],[-114.83635692073295,41.465205542929446],[-114.83614084469167,41.46547409501233],[-114.8358336926088,41.46590443147001],[-114.83562458219245,41.4663570502193],[-114.83522019990141,41.46688717834344],[-114.83464416969395,41.46723590230123],[-114.83394671552838,41.46762915542568],[-114.83289400407169,41.468074016883286],[-114.83217949573947,41.46852599500764],[-114.83172529157349,41.468954872090265],[-114.83130445407416,41.469218554381456],[-114.83107966657451,41.4693689939646],[-114.83085296553321,41.469483057506125],[-114.83038772386726,41.4696471845892],[-114.82996136449292,41.46970564292241],[-114.8294144103271,41.46968022521414],[-114.8291455738692,41.469668285630824],[-114.82872140199483,41.469649441880854],[-114.82858986137,41.46964360229754],[-114.82818586345398,41.46967070542244],[-114.82798361866264,41.46969717625575],[-114.82755479157998,41.46975329917235],[-114.82718270199723,41.46986812521386],[-114.8264033936651,41.47003445646361],[-114.82436969575156,41.47086751687894],[-114.82300272179538,41.47173413250259],[-114.8222519915882,41.47240681062658],[-114.82190196554706,41.47270152937607],[-114.82068222492397,41.4735790210414],[-114.8201349540915,41.47391214395756],[-114.81795537596987,41.47514762416395],[-114.81744667284566,41.47553934499673],[-114.81654141972207,41.475911114787785],[-114.81608155097278,41.47632228978716],[-114.81577684680663,41.47672891686984],[-114.81558478326521,41.477055250202675],[-114.81555154993193,41.47716110020252],[-114.8155455697236,41.477209024160786],[-114.81555488639027,41.477269087702325],[-114.81559384680685,41.477379352285524],[-114.81560794784849,41.47748601999374],[-114.81560393014018,41.47760565020181],[-114.81556500826525,41.47771131686836],[-114.81547470826541,41.47781124707648],[-114.8153829030572,41.47786746374314],[-114.81529927180729,41.477905291868],[-114.8152396593074,41.47793225228461],[-114.8151509176409,41.477973148118],[-114.81500822076613,41.478006279367904],[-114.81486093222469,41.47812818040932],[-114.8148328395164,41.47818470957597],[-114.8146341738917,41.478503725200476],[-114.81445201451697,41.47872760332507],[-114.81425133430893,41.47891000124142],[-114.81401620722598,41.479065137699536],[-114.81367864576816,41.47925243561591],[-114.81345807701855,41.47937403249076],[-114.81329534681043,41.47946375019891],[-114.8128467676445,41.47965472624026],[-114.8123990791035,41.479819113740106],[-114.81205833118737,41.4799589366565],[-114.81168357806295,41.480058210614686],[-114.81123900931362,41.48012955123963],[-114.8109310843141,41.48013167311454],[-114.81072599160609,41.48013308144788],[-114.81026777389849,41.48008445123967],[-114.80988249994073,41.479970703323126],[-114.80946278119137,41.479829710615036],[-114.80911287077527,41.479716638740186],[-114.80872983744251,41.47953642936553],[-114.8084877686929,41.479372212699126],[-114.80844261035965,41.47930600853257],[-114.80828552077656,41.47907574290783],[-114.80815131869343,41.47893877936646],[-114.80802127806861,41.4788487241582],[-114.80785750306887,41.47880690332493],[-114.80747058015282,41.47882903040822],[-114.80714114161168,41.478920910616495],[-114.8068975926537,41.47901049811632],[-114.8068337186955,41.47903398978288],[-114.8066495895291,41.47907277728292],[-114.80640840098778,41.47914634811614],[-114.80622425202971,41.47916708561606],[-114.80614704577988,41.47917577624112],[-114.80587935203027,41.47922071478259],[-114.80565985619728,41.479316610615854],[-114.80552792807248,41.47947226894893],[-114.80545189682262,41.47971332103194],[-114.80539021973935,41.479911976239904],[-114.80533401453113,41.48009856061463],[-114.80524787390624,41.48025607728107],[-114.80510198432313,41.48038629811416],[-114.80497286557335,41.48054344082223],[-114.80484466036523,41.4806739991554],[-114.80480702286529,41.48071231894695],[-114.80471644265708,41.480804555405214],[-114.80451753432409,41.48093375957163],[-114.80426693224115,41.48102208040483],[-114.80394654265831,41.48108246894642],[-114.80377451453354,41.48109436061313],[-114.8036451499504,41.48110330540478],[-114.80325494474273,41.481135754362995],[-114.80298667286809,41.48122373457118],[-114.80262868016037,41.481349892904326],[-114.8022874509942,41.48150297832082],[-114.8020878645362,41.481637906445506],[-114.80194263224473,41.481762398112004],[-114.80175869474499,41.48197169394511],[-114.80157384162034,41.48220756686139],[-114.80133641974567,41.48242913977765],[-114.80111667078768,41.48265104394398],[-114.80089051557968,41.48284145436033],[-114.80056539995519,41.482993360610116],[-114.79982741141471,41.483321236651335],[-114.79923885412394,41.48346940644277],[-114.79811176558401,41.48374553769229],[-114.79741551975178,41.483894319983776],[-114.7971235301689,41.483963836650254],[-114.7967840801694,41.48405012831684],[-114.79658829371135,41.48409988977506],[-114.79600093017064,41.48420834394164],[-114.79562567808786,41.484320851233065],[-114.7951629374636,41.484405078316314],[-114.79448203433964,41.48452420539941],[-114.79394374684045,41.484681550190835],[-114.7936111385077,41.48478762831568],[-114.79318059163332,41.48496556894042],[-114.79283226767552,41.48522786477331],[-114.79230047913468,41.48563705748103],[-114.79166598017737,41.486030949147086],[-114.79152054267757,41.486116880396985],[-114.79149783121926,41.48613030435524],[-114.79113842809483,41.48629630539662],[-114.79100084580335,41.48634477206325],[-114.7907803718454,41.48642243247978],[-114.79049574476251,41.48647016268813],[-114.79014130205474,41.486489953313026],[-114.78964636247213,41.486480437688094],[-114.78938477393088,41.48642881581314],[-114.78908388018135,41.4863765199799],[-114.7887838218485,41.48635744289658],[-114.78872792705693,41.48635636893823],[-114.78872629893192,41.48635633664656],[-114.78851867601556,41.486352342896524],[-114.78823493955771,41.48637348977157],[-114.78799503955806,41.486473005396434],[-114.78791044059984,41.48655345539628],[-114.78776496247508,41.486670358521074],[-114.78765300935027,41.48684111268747],[-114.78762562705863,41.48693193143736],[-114.78761313747532,41.48697334706229],[-114.78759003018367,41.48713251372871],[-114.78756691976703,41.48729167206181],[-114.78754426976705,41.487437542894924],[-114.78746949060054,41.487555811644725],[-114.78734032497572,41.48771293247775],[-114.7871599416427,41.48781586476922],[-114.78709047185112,41.48783335643592],[-114.786963676018,41.48786528456089],[-114.78671438747672,41.48791369289416],[-114.7864818749771,41.487989019977384],[-114.7862847145607,41.48806501789394],[-114.78606671039437,41.48823373456034],[-114.78562795831171,41.48865089810137],[-114.78548873539529,41.48879644705944],[-114.78438428331367,41.48976436476631],[-114.78314532602388,41.4907940053897],[-114.7825093760249,41.49136803143048],[-114.78223845310862,41.491552904346854],[-114.78177408227607,41.49186977726295],[-114.781168154152,41.49215136684592],[-114.78010561561194,41.492789009553256],[-114.77954363540448,41.493224637677606],[-114.77898766353037,41.49361307205201],[-114.77824946457315,41.49394079496816],[-114.77713314374161,41.49450312413397],[-114.77657413436742,41.49491514288331],[-114.77601945520162,41.49554169913231],[-114.77578112186865,41.49592132934007],[-114.7757585229104,41.49595004184001],[-114.77564491457724,41.4960793720481],[-114.77562873749389,41.49611503246475],[-114.77554924166073,41.49629032413119],[-114.7754837229108,41.49642634392263],[-114.77539932811926,41.49665285433897],[-114.77539359166094,41.49667014808889],[-114.77537511041093,41.49672587413052],[-114.77524180832785,41.497002603296735],[-114.77510986249473,41.497239463712965],[-114.77489224374506,41.49739484912938],[-114.77465740103709,41.49753661683757],[-114.77436997707917,41.497664057462394],[-114.77374573749682,41.49781157621215],[-114.773021328123,41.49778424808712],[-114.77260156979025,41.49764310642076],[-114.77228790208245,41.49750402204592],[-114.7719751499996,41.49733835121289],[-114.77159258437518,41.497144736629835],[-114.77147940312534,41.4970774210049],[-114.77129416250064,41.496970780380074],[-114.77123060520904,41.49693546267185],[-114.77120479687581,41.496921124130196],[-114.7710373260427,41.49682806267195],[-114.7706547729183,41.4966344335056],[-114.77011584375249,41.49635796996441],[-114.76964626041986,41.49612275329814],[-114.76910733958738,41.4958462866318],[-114.76854724375488,41.495594611632285],[-114.76792009688087,41.49533961371595],[-114.76749574896486,41.49518902413285],[-114.76699552084062,41.49501313663314],[-114.76659173021623,41.494919613716604],[-114.7661511312586,41.49487114913337],[-114.76572730730095,41.49484960955011],[-114.76551477188463,41.49485935850844],[-114.76546485834302,41.49486164184172],[-114.7654481750097,41.49486240434172],[-114.76531978021826,41.49486828975836],[-114.76496815834378,41.49496811059154],[-114.76483743230234,41.49500521684153],[-114.76418269376165,41.49514106684122],[-114.7627401437639,41.49543076371579],[-114.76247617188932,41.49547648975748],[-114.76246833334767,41.4954778460074],[-114.76179053959872,41.49556611892395],[-114.76086991772512,41.49565953454879],[-114.76007016668474,41.49574231579865],[-114.7590937937696,41.49586433975681],[-114.75832901668743,41.4959824345483],[-114.75780979064656,41.49609225850648],[-114.75758054793856,41.49614074079805],[-114.75726115418911,41.49624473246453],[-114.75649574273196,41.496457459547614],[-114.75531823127545,41.49675331058874],[-114.75341869065339,41.49707467100498],[-114.75312885419551,41.497145636629874],[-114.75212255003038,41.497430697046035],[-114.7511386916986,41.49774396579555],[-114.7502808916999,41.497993191836805],[-114.7501976812834,41.498004902253506],[-114.75012626774185,41.49801495537853],[-114.7492853250348,41.498133314753346],[-114.74852281357767,41.49818488454491],[-114.74728480107954,41.49817392829488],[-114.74720908649635,41.498173985586604],[-114.74564831670709,41.49817510121159],[-114.74474850420853,41.498140468919956],[-114.74403783025127,41.49817984912825],[-114.74341334171055,41.49834405850298],[-114.74255458337859,41.49861980850257],[-114.74168862921323,41.49893362621033],[-114.74075741254802,41.49919529495997],[-114.74069019171479,41.49920739808498],[-114.74006704379912,41.49931960745974],[-114.7398790052577,41.49935346266805],[-114.73902393442573,41.499507424126115],[-114.73902077505072,41.49950799183446],[-114.73873751359282,41.49956921162606],[-114.73821149171863,41.49968268558422],[-114.73622906880507,41.50020574808345],[-114.73547760318122,41.50041635954142],[-114.73514980214009,41.50050823245789],[-114.73503221151527,41.50055845849956],[-114.73458608339092,41.5007269720409],[-114.73431608339138,41.50084163662416],[-114.73400691776686,41.50106217933216],[-114.73358864068418,41.50136056787333],[-114.73297356151846,41.50170839183105],[-114.73293925318518,41.50172358558108],[-114.73225306776959,41.50202746891395],[-114.73161052297888,41.502277348080234],[-114.73137214485429,41.502370044955065],[-114.73084741152172,41.50253433557979],[-114.73007352402294,41.50279702620441],[-114.72980059069006,41.502890443912555],[-114.72977578756507,41.502898937662565],[-114.72905674902454,41.50316422307885],[-114.72828910735906,41.50330903557855],[-114.72763013756838,41.503389336620174],[-114.72663724173663,41.50338303557854],[-114.72544349278014,41.503309848078594],[-114.7248282011144,41.503387237661826],[-114.72451759069823,41.50346595432834],[-114.72429141465693,41.50352325849494],[-114.72386141569928,41.50364806370312],[-114.7233752157,41.50382507411944],[-114.72335385632505,41.50383854078608],[-114.7226927771594,41.504255311618806],[-114.72212693966033,41.504560258493306],[-114.72169459903597,41.504751663701406],[-114.72122680320336,41.50494236682604],[-114.72050827299616,41.505181035575745],[-114.72011648445506,41.50531155640877],[-114.71958140008091,41.50544781474196],[-114.7191322032066,41.505522825158444],[-114.71868520737395,41.50553493036681],[-114.71829857924956,41.50552754078346],[-114.71782259904201,41.50547819286692],[-114.71740245945927,41.50535014495047],[-114.71700529487659,41.50519351161732],[-114.71674831362697,41.50505587828416],[-114.71660770008553,41.50494751890934],[-114.71642546779412,41.50480709078459],[-114.71615747300292,41.50452739599338],[-114.71582813654504,41.50429078766042],[-114.71573789904524,41.50422595432722],[-114.71548382092062,41.50406179078577],[-114.71508039800453,41.50387716161934],[-114.7146333657136,41.50382493036945],[-114.71418890842261,41.50385608766104],[-114.71386288029812,41.50404958245241],[-114.71344542404874,41.504321238702026],[-114.71310864279927,41.50458488974327],[-114.71281728967473,41.504762659534684],[-114.71245313759198,41.50497048557602],[-114.71203307925931,41.5051463657841],[-114.71171690217643,41.50527054078389],[-114.7113777823853,41.505389677242036],[-114.71113341259398,41.505436941825316],[-114.71098435217762,41.505465768908614],[-114.71084810009444,41.50544762620027],[-114.71056952092825,41.50541052411701],[-114.71004208238736,41.50528003349222],[-114.70937567822178,41.50506677828419],[-114.70879930530594,41.504815317867916],[-114.70865528968119,41.5047772043263],[-114.7082675240568,41.50467455953481],[-114.706845774059,41.50441217411862],[-114.70587937093553,41.504294386618724],[-114.70431391468793,41.504156880368996],[-114.70301761989829,41.50389608974434],[-114.70285377927355,41.503858825161096],[-114.7019487740666,41.50362492203648],[-114.70128009594264,41.5034594355784],[-114.70079069281843,41.50329003349535],[-114.70022525948592,41.50303449287072],[-114.6997631001117,41.50283056474602],[-114.69946819073715,41.5026650584963],[-114.69871925428,41.50233085641341],[-114.69816032928084,41.50206303766384],[-114.69779729386471,41.50188678662252],[-114.69734751157375,41.501598466831226],[-114.69691009594943,41.501286137665105],[-114.69616790428394,41.50053520120788],[-114.69612225845066,41.50047795849964],[-114.69594435115926,41.500366131416534],[-114.69584457511773,41.500326099124905],[-114.69562538240973,41.50024672829173],[-114.69545940220168,41.50021197100005],[-114.6953907709518,41.500206619958405],[-114.6953647313685,41.5002045897501],[-114.69523004491039,41.50019407516676],[-114.69481477407767,41.5001450012085],[-114.69433994699507,41.500099521000294],[-114.69373178970439,41.500010925167004],[-114.69285652512241,41.50003783037537],[-114.6924402480397,41.50002907100038],[-114.69196700741543,41.5000641199586],[-114.69159894179101,41.50006850120862],[-114.69106436054183,41.500134230375224],[-114.69062180012588,41.500094796000276],[-114.69050786783436,41.50010793350027],[-114.69033698137628,41.500116704333564],[-114.68986514700202,41.500059619958634],[-114.68951976366924,41.500025725167006],[-114.68907842929492,41.49995086787553],[-114.68883095742028,41.49988090225058],[-114.68859512304567,41.49979920329238],[-114.68843139387923,41.49973835120912],[-114.68824209596289,41.49968277829253],[-114.68814764804638,41.49965505329265],[-114.68799367617157,41.49960984704269],[-114.6877898824219,41.49953128037616],[-114.68765503867212,41.49947930745949],[-114.68754391054728,41.49942378870964],[-114.68734531575593,41.49935452829305],[-114.68717317200624,41.49930073141814],[-114.68693659700659,41.499258289751545],[-114.68689438034,41.499250846001615],[-114.68677962617346,41.49923061058493],[-114.68662923659036,41.499191691835],[-114.68657704909047,41.49916262725173],[-114.68648985117392,41.49911407933512],[-114.68646860013229,41.499055130376895],[-114.68644154909067,41.49898010746032],[-114.68639419492412,41.49881954287728],[-114.6863454157575,41.498698860585776],[-114.68628038138256,41.49853794704434],[-114.68619728554938,41.49840415329452],[-114.68614652513283,41.498322446002966],[-114.68606238763294,41.498201050169875],[-114.68595915742475,41.498119166836666],[-114.68585734179993,41.497997414753556],[-114.68572884492511,41.497895490795315],[-114.68557443971703,41.49777737308714],[-114.68542133763394,41.49768543662902],[-114.68525774075918,41.49760238871242],[-114.68511943242605,41.49752897412925],[-114.68488724596807,41.4974192647544],[-114.68474771367663,41.497363253296214],[-114.68460664284352,41.49727677204629],[-114.68447006992704,41.49721134808807],[-114.68427844805232,41.4971276949632],[-114.68413986367756,41.49704510225491],[-114.6840841011777,41.49704015121333],[-114.6840477574277,41.49703693246336],[-114.6839458751362,41.49702788871332],[-114.68388849596967,41.49706878558826],[-114.68386649388634,41.49708445954665],[-114.6838006647198,41.49713137204648],[-114.68372283763654,41.49727857517132],[-114.68362264284502,41.49739868037947],[-114.68351718138689,41.497611138712436],[-114.68347472201195,41.49769669392066],[-114.6833954053454,41.49789916892036],[-114.68335717097044,41.49800752308678],[-114.68332529701219,41.498238565794736],[-114.68332848451219,41.4984648251694],[-114.68332211367886,41.49861779287754],[-114.68331361263724,41.498875690793824],[-114.68331885430389,41.49890205850203],[-114.68329268034559,41.499088493918464],[-114.68322331784566,41.499200969960036],[-114.68317870117909,41.49938898975136],[-114.68315957930413,41.499577010584346],[-114.6831677730541,41.4997500616258],[-114.68318198555407,41.499876154333926],[-114.6833560136788,41.50023511995834],[-114.68338903555377,41.50036541787482],[-114.68335397826213,41.50065541891605],[-114.68328068138726,41.50084343558244],[-114.68317233451239,41.50101552412382],[-114.68299387826272,41.50117804704022],[-114.68290158972115,41.50129485016503],[-114.68289200326285,41.50130699079004],[-114.68274287617976,41.50152388662309],[-114.68267808347152,41.501780995997635],[-114.68257280742999,41.502106564747116],[-114.6825508501384,41.502276925163486],[-114.68258779388832,41.50236856058007],[-114.68261715534665,41.502585988704695],[-114.68262415430495,41.502637786621214],[-114.68266055117988,41.50280894391276],[-114.68259755847161,41.503086975162276],[-114.68251829909678,41.503324784536964],[-114.68242041263859,41.50358881786984],[-114.6823796543053,41.50367642411973],[-114.68226712305551,41.50391823974435],[-114.68202995638923,41.504289066827106],[-114.68187497618113,41.50449554599346],[-114.68172593868132,41.50470534703477],[-114.68160882097315,41.504900634534444],[-114.68143676889014,41.505165806408996],[-114.68126068868209,41.505347686617085],[-114.6810643157657,41.505497578283496],[-114.68092191680755,41.50558307828339],[-114.68077992409947,41.50565231994995],[-114.68060534909974,41.50574930953317],[-114.68058510430808,41.50576131578315],[-114.6804901803499,41.50581760119967],[-114.68004785951729,41.50611458349091],[-114.6799772313924,41.50615857724083],[-114.67982116055931,41.50625580015737],[-114.67964554076786,41.506348779323886],[-114.67951424910143,41.50649083661538],[-114.67938642305997,41.506626906406744],[-114.6793105668101,41.506761631406576],[-114.67923807618519,41.50692481057295],[-114.67917866681029,41.50707317307274],[-114.67912325014369,41.50721696057251],[-114.67904846472715,41.50743363869717],[-114.67898544910223,41.50762267828026],[-114.67886217931078,41.50804875848792],[-114.67882780639418,41.5083152241125],[-114.67878524493591,41.50864535952861],[-114.67882019181081,41.50885954494497],[-114.67874363139431,41.50927899598595],[-114.67865048764448,41.50944483140246],[-114.67846113868637,41.509930890776666],[-114.67832540951991,41.510492263692456],[-114.67831734701997,41.51050930640072],[-114.67831604076997,41.51050997202583],[-114.67831390639498,41.510516578275784],[-114.67828795222835,41.51059702202554],[-114.67825633347837,41.51069496994211],[-114.67820425639513,41.51074840327537],[-114.67809102931199,41.51086453765018],[-114.67798563556217,41.510946430358345],[-114.67789347202063,41.51101994494164],[-114.67783138660404,41.51106947827489],[-114.67774196785415,41.51114375535805],[-114.67769652097923,41.511186616816374],[-114.67764518868768,41.51123503973296],[-114.67755439077115,41.51134734806611],[-114.67751300952119,41.511425076190996],[-114.67748993868793,41.5115099699408],[-114.6774627595213,41.51160996577405],[-114.67749854285455,41.51171704181551],[-114.6775512459795,41.51187473035693],[-114.67758075431279,41.511928272023624],[-114.67760006472939,41.51201907723176],[-114.67760299285442,41.512032862648354],[-114.67762923556268,41.51212047202328],[-114.67766804389596,41.51221419181482],[-114.67770900535425,41.512397485564456],[-114.67770624493755,41.51250803868928],[-114.67766478556263,41.51257989806423],[-114.67750386056288,41.512678880355736],[-114.67739613972971,41.51272503139736],[-114.6771363438968,41.51285762202212],[-114.67681163868895,41.51299334181356],[-114.67644307827288,41.513107767855026],[-114.67633606056471,41.51314025223003],[-114.67617497827325,41.51318914493828],[-114.6758856636904,41.51322447722989],[-114.67568217723237,41.51321391785488],[-114.6755557855659,41.513207363688245],[-114.67527526369133,41.513189024104925],[-114.67513292410825,41.51315617931327],[-114.67487130952532,41.513074912646765],[-114.67461854285904,41.51296229910522],[-114.6742672761929,41.51288869285537],[-114.67420074285967,41.51289233556375],[-114.67398229181835,41.512904303272045],[-114.67395910744341,41.51290557514703],[-114.67393498036013,41.512913981397],[-114.67369715431882,41.51299685223022],[-114.67347401890248,41.51329824702146],[-114.67344213973588,41.51349387202114],[-114.67343657411085,41.51352799702107],[-114.67342146786088,41.513777090770674],[-114.67343483765252,41.51397580118702],[-114.67346867827747,41.514301335561484],[-114.67350055015244,41.51451546889457],[-114.67351269077739,41.5147829709775],[-114.67361477619392,41.515218866810145],[-114.67377351369367,41.51570648555934],[-114.67390696994347,41.516144674100325],[-114.67395239181837,41.51652883555808],[-114.67385406369357,41.51704531784895],[-114.67365458556883,41.51736402201513],[-114.67326662202778,41.51840684597184],[-114.67308117202809,41.519107405345736],[-114.67300690223652,41.51968277617822],[-114.67276948036192,41.520348544927145],[-114.67275894494527,41.520401109510345],[-114.67272585744531,41.52056623659353],[-114.67276325119525,41.52079816784311],[-114.67276361265358,41.52083136888473],[-114.6728137595285,41.52128369180071],[-114.67276050848695,41.521451872008726],[-114.67262568244547,41.52165440638347],[-114.67238871057081,41.52201796888291],[-114.67205762619636,41.52237466367402],[-114.67137569703073,41.52282699388162],[-114.67120915223933,41.52293747096477],[-114.67116285536441,41.52301586783966],[-114.6711841386977,41.52311357304783],[-114.67128521994755,41.52326061263092],[-114.67151197098883,41.5234158355474],[-114.6718587730716,41.52366931575535],[-114.6723748272375,41.52408779283801],[-114.672504306404,41.52431146679603],[-114.67265087307044,41.524893416795074],[-114.67272098973694,41.52527065429452],[-114.6727739616119,41.525424628252594],[-114.67276853036192,41.525576147002376],[-114.6727670741119,41.5256167897106],[-114.67277223661188,41.5257583761688],[-114.67278492202854,41.52581209179367],[-114.67281529598682,41.525940658460094],[-114.67288907932004,41.52607307408497],[-114.67302288036149,41.526234010543035],[-114.67318033661128,41.526418160542725],[-114.6732960241111,41.526588451167434],[-114.67333424911101,41.52670102200066],[-114.67334023244435,41.52684235220874],[-114.67330342202774,41.526997997000144],[-114.67325096890285,41.527204619916525],[-114.67319338661123,41.52731475116634],[-114.6731905314029,41.52733685429134],[-114.67286338140343,41.52790806679038],[-114.67244184077907,41.52835567303969],[-114.67226840119598,41.52850660845616],[-114.6721154439046,41.528716690747515],[-114.67203459077973,41.5289033469972],[-114.67202443140474,41.528961701163766],[-114.67200620327975,41.52906623553858],[-114.6720069074464,41.52908650949689],[-114.67201491890474,41.529316890746514],[-114.67208584702962,41.52941628762143],[-114.67219535015448,41.52956410116288],[-114.6723643251542,41.529768394912544],[-114.6725441355706,41.52993848553724],[-114.6726611324454,41.530086379286985],[-114.67283781682012,41.53029907512001],[-114.67288410223671,41.53038809699489],[-114.6728941272367,41.53046522303647],[-114.6728744053617,41.53049072616139],[-114.67282845327851,41.530550161578006],[-114.67278275327858,41.53060926886955],[-114.67255162515393,41.530821204285886],[-114.67232926473758,41.53102616053558],[-114.67218911161281,41.53115636678537],[-114.67205684182136,41.5312739615769],[-114.67198436577979,41.5313491876184],[-114.67194757307153,41.531387364701686],[-114.67182965119669,41.531520987618116],[-114.67167061265523,41.5317689126177],[-114.67162909286367,41.531824054284385],[-114.67112883661446,41.5322636240753],[-114.67106466682289,41.53233416782514],[-114.67090065640645,41.53252982511652],[-114.67075898557336,41.53274819803289],[-114.6705768397403,41.53312466469897],[-114.67044808765719,41.53339071990686],[-114.6703714834906,41.533643668864876],[-114.67030732099072,41.5339892709477],[-114.6702978439074,41.534304441780506],[-114.67028422932407,41.53450072719692],[-114.6702414761992,41.53462436261337],[-114.67019067411587,41.534701523029895],[-114.67010361786608,41.53478110011303],[-114.6699369522413,41.534857131362905],[-114.66957416682521,41.53500929907108],[-114.66938359390883,41.53508888032089],[-114.6692716355757,41.53513562719585],[-114.66900563349276,41.53523971157072],[-114.66890331474292,41.53533066886221],[-114.66869442307653,41.535526002195255],[-114.66860025432669,41.535683695945025],[-114.66854671682677,41.53588046886135],[-114.66856214078507,41.53607769490273],[-114.66859965536838,41.536466013652095],[-114.66862663557669,41.53671963031845],[-114.66864100953497,41.536889059484785],[-114.66861238453504,41.53705049177618],[-114.66855914286845,41.53722657302599],[-114.66851766682686,41.537315801150825],[-114.66845610641026,41.53744824802563],[-114.66831302724381,41.5377184511501],[-114.66818512307735,41.53794049489982],[-114.6680058772443,41.53827668760767],[-114.66790439703612,41.53848636573233],[-114.66780483245293,41.5386293844821],[-114.66766930432819,41.53879594802351],[-114.66754643141167,41.539023282398155],[-114.6674943355784,41.53921062302287],[-114.66752537099507,41.53933583031427],[-114.66759189703657,41.539480162605805],[-114.66759711370325,41.53950162614743],[-114.66761310120326,41.539567430313966],[-114.66757781474496,41.53967664593878],[-114.66752336266173,41.539753338647024],[-114.66740016370358,41.53986042927188],[-114.66707090537072,41.54013189906311],[-114.66663331682975,41.54057601260409],[-114.6665278699549,41.54068056885397],[-114.66627846578865,41.54083752614537],[-114.66612805120553,41.540868667811935],[-114.66583437412265,41.54087474177024],[-114.66555469391476,41.54092261572857],[-114.66540483870666,41.54099428447846],[-114.66535923766507,41.54103988656168],[-114.66533317308178,41.54112458447822],[-114.66535033558178,41.54143301781106],[-114.66534404912342,41.54148162406108],[-114.6652941709985,41.541730531352286],[-114.66520104287368,41.541958665726966],[-114.6650790782905,41.542101867810054],[-114.66498786683228,41.54229731885148],[-114.66494877308236,41.542440660517855],[-114.66496254808236,41.54262948968417],[-114.6649264928741,41.542780218850694],[-114.66479999495762,41.5429938553087],[-114.66444649287484,41.54327747614156],[-114.66396898870892,41.54357268655772],[-114.66372047620928,41.543778296974075],[-114.66354018350121,41.543974412598814],[-114.6634426178764,41.544113489681926],[-114.66336621475148,41.54428110530663],[-114.6633658303765,41.54428196572331],[-114.66332886787656,41.54443146155646],[-114.66330365954325,41.54453339593131],[-114.66329751787657,41.544812182389215],[-114.66354209808456,41.54561553030463],[-114.66402165120884,41.546317028220145],[-114.6641712012086,41.54687541155262],[-114.66444542204148,41.54720486571876],[-114.66471728245773,41.547481526135],[-114.66487107099913,41.54789445738441],[-114.66478499079095,41.548088719884134],[-114.66459229079122,41.548215394883826],[-114.66435394391665,41.548306759467096],[-114.66427822829174,41.54836662092534],[-114.66423456266683,41.548401143841964],[-114.66414573558365,41.54847957196686],[-114.66404313141709,41.54857974488337],[-114.66392411787564,41.54878539800803],[-114.66379917516747,41.548960580299436],[-114.66363774912607,41.54911945009079],[-114.66356317204288,41.54918008863241],[-114.66356111579286,41.549181761549015],[-114.66336545641816,41.54926997404888],[-114.66321903037668,41.54933972821551],[-114.66310746266856,41.549378840715406],[-114.66307557621032,41.54939001259037],[-114.66287808766891,41.54946579800693],[-114.66279093975237,41.549534695923505],[-114.66264948350262,41.549656630298344],[-114.66249959287786,41.54982685321477],[-114.66242340641963,41.54998781154777],[-114.66239365641968,41.55013426467257],[-114.6623855126697,41.550360201130616],[-114.66241191787799,41.550512483422],[-114.66245358558626,41.5507440271716],[-114.66249205121117,41.55097201467127],[-114.66253466475281,41.55122705217089],[-114.66255610329443,41.55141341362894],[-114.66256271787772,41.55147092092053],[-114.66252392829449,41.552015549044654],[-114.66252785121112,41.55223006258596],[-114.66251347308616,41.55258605321046],[-114.6624768605862,41.552869016751686],[-114.66244735433628,41.55309694695965],[-114.66242180850298,41.55329356779264],[-114.66242127725297,41.55329762404266],[-114.66240509287799,41.55333449695926],[-114.66236957100307,41.55341541570912],[-114.66236341058641,41.553429449042504],[-114.66225389808653,41.55352032820903],[-114.66216207412839,41.55361155841715],[-114.66199948142032,41.553701356333725],[-114.66197620225365,41.55370754175032],[-114.66186759912881,41.55373640529197],[-114.66169146892076,41.55379259279193],[-114.66163202100421,41.5538157636252],[-114.66156546267099,41.55384170841684],[-114.66142616475452,41.553887211541756],[-114.66104345642181,41.55394970424997],[-114.66076345642223,41.55399543237493],[-114.6605870022558,41.55409703237475],[-114.6605330449642,41.5542298052912],[-114.6605608376725,41.55456683445736],[-114.66057992621415,41.55485682612359],[-114.66057344079752,41.55533402612286],[-114.66053157933926,41.55590223549697],[-114.66054943142252,41.55649860945438],[-114.660463396006,41.55694873341206],[-114.66044494600601,41.55711476882841],[-114.66041009392274,41.557194713619865],[-114.66037730225611,41.557221357369905],[-114.66028300538132,41.557241859453185],[-114.66027032100631,41.55725144070322],[-114.6602327855897,41.557279784453165],[-114.66018549496478,41.557330938619806],[-114.66013747204818,41.55738329695297],[-114.66000221059005,41.5574442094529],[-114.6597750699654,41.55758458028601],[-114.65895058455004,41.55783378028566],[-114.65858896892559,41.55805724382698],[-114.65844326371747,41.55821938653504],[-114.6582947741344,41.55873798236758],[-114.65820841580114,41.55916011882524],[-114.65816223871794,41.55954912194966],[-114.65816568142623,41.559683397991115],[-114.65820699288452,41.55976946361599],[-114.65823627309277,41.55980850736593],[-114.65825285642607,41.55983061882421],[-114.65827472205109,41.55989470319909],[-114.65829307517606,41.55994849694899],[-114.65825326684275,41.560113050073745],[-114.65824487100944,41.56029967819845],[-114.65820016788452,41.5604472334066],[-114.6581485741346,41.560560118823055],[-114.65799984080151,41.56071493965619],[-114.65778709080183,41.560802882364364],[-114.65748319080228,41.56084473444767],[-114.65668088142854,41.56116694382209],[-114.65627972726246,41.561328054238516],[-114.65590037726308,41.56144314694668],[-114.65554269288862,41.56152141465494],[-114.65536908351392,41.56157618965481],[-114.65501925851449,41.561792340696144],[-114.65494573038956,41.56191690527932],[-114.654879838723,41.56211834798737],[-114.65481802309806,41.562458962570105],[-114.65472858455655,41.562904680277796],[-114.65465836893169,41.56311148027742],[-114.65456635018182,41.563245857360556],[-114.6540718178909,41.56357074798506],[-114.65341420955862,41.563998724026064],[-114.65306005539247,41.56432429381719],[-114.6529819845593,41.56456981256686],[-114.65298153872597,41.564728645899905],[-114.65291693872602,41.5649950823578],[-114.6528256095595,41.565137067774295],[-114.65257532830994,41.56543421256551],[-114.65220563976878,41.56574317819],[-114.65162225747804,41.566406185480716],[-114.65154633351983,41.566580120897065],[-114.65156613039483,41.56673558860517],[-114.65153494914485,41.56706343860461],[-114.65144802518665,41.56748083964565],[-114.65142268560339,41.56755793131217],[-114.65140234602006,41.56768653756198],[-114.65136962518676,41.56787164693671],[-114.65137265018677,41.567996403186534],[-114.65142825539505,41.56812790422797],[-114.65155601060314,41.5683515729776],[-114.6518045564361,41.56871795318542],[-114.65193953664425,41.56901803235162],[-114.6519817606025,41.569425765684294],[-114.65194507831093,41.569708718808904],[-114.65196506789421,41.570043422975004],[-114.65188780851929,41.57039481047447],[-114.65170413351962,41.57083363859878],[-114.65146988768663,41.571173549014965],[-114.65125786060362,41.57158649172256],[-114.65118059185374,41.57193788755539],[-114.65114476268712,41.57201347505534],[-114.65103831581229,41.572237970888295],[-114.65093151789581,41.57241119692973],[-114.65084742831262,41.5724784625546],[-114.65074690122943,41.57253578130448],[-114.65055849289637,41.572574336512716],[-114.65041526893827,41.572604250054404],[-114.65030127102177,41.572615074012646],[-114.65012691060535,41.57262084901271],[-114.65000307831389,41.572639661512625],[-114.64985635956413,41.5726732396376],[-114.64975137935595,41.57271957401249],[-114.64964278873113,41.57278385213743],[-114.64958535435619,41.57290237609552],[-114.64958401998122,41.57293913755384],[-114.64958101373124,41.57302199380371],[-114.64960856477285,41.57307640109529],[-114.6496199564395,41.57309889484521],[-114.64976464706429,41.573422396928066],[-114.64977951060592,41.57345400213642],[-114.65005150018885,41.57404516671882],[-114.6501151178971,41.57428784380177],[-114.65022672414688,41.57508571255049],[-114.65022051060521,41.575338544841756],[-114.65017091373034,41.57550547296653],[-114.64998890018893,41.57582021359105],[-114.64977220123093,41.57612359900727],[-114.64945437310644,41.57683148233946],[-114.64936241373158,41.5770831687974],[-114.64925662727343,41.57728890004711],[-114.64918983664849,41.57743237713014],[-114.64911984185694,41.57753070317171],[-114.64905130748207,41.5776075167133],[-114.64892867519056,41.577723571921425],[-114.6488139137324,41.57782546879627],[-114.64870903560755,41.577918578171165],[-114.64845932727464,41.57821351879571],[-114.64832013977487,41.578350604212154],[-114.64775429706737,41.57877003233647],[-114.64748136581784,41.578991115669425],[-114.64741626685958,41.579041793794325],[-114.64728896373482,41.57914088337757],[-114.64714512102664,41.57923674587735],[-114.64696911998527,41.57930991462728],[-114.6467466043606,41.579378454210556],[-114.646509607486,41.5794348406688],[-114.64625041998642,41.579494836502015],[-114.64604673769503,41.57954577608525],[-114.64584328561205,41.579571066710216],[-114.64556341165411,41.57959526671015],[-114.64531215748787,41.57961697921015],[-114.64517091686311,41.57961520629351],[-114.64499020436337,41.579624053168494],[-114.64484381165522,41.57968017712671],[-114.64472596061374,41.57975461775162],[-114.64460316998894,41.57987088545972],[-114.6444959074891,41.57999225004293],[-114.64446342623917,41.58004151670948],[-114.64438342415595,41.58016284066769],[-114.64434083040601,41.58020385004252],[-114.64424462936451,41.58029648337578],[-114.64402718353153,41.58049089483386],[-114.64380504082351,41.58067132920851],[-114.64367938665701,41.580773400041636],[-114.64361536061546,41.58082540733324],[-114.64338649290751,41.5809734708747],[-114.64328761269934,41.58104101774963],[-114.64314301999121,41.58125644379098],[-114.64298738249147,41.58153206879052],[-114.64290787519991,41.58176983962344],[-114.64284121478335,41.58197907608147],[-114.64276435332515,41.58215038545624],[-114.64264996582534,41.58241080941419],[-114.64235957624243,41.58274006670532],[-114.64218511895105,41.58287637712172],[-114.64186268770152,41.58316220941298],[-114.64153865436874,41.5834660906625],[-114.6415054877021,41.583497194829164],[-114.64148700124377,41.58365323232892],[-114.6415274022854,41.583820738578666],[-114.64171815749343,41.584036069828315],[-114.64186262207653,41.58412274899487],[-114.64204809707628,41.58417550524475],[-114.6424693814506,41.584202206286314],[-114.64268912415862,41.58425103545295],[-114.64278013770013,41.58429200836955],[-114.64285037936668,41.58432362399452],[-114.64300726582474,41.58439334170279],[-114.64312925124125,41.58444904899427],[-114.64322070644944,41.5845398573275],[-114.64335525124089,41.584664497952296],[-114.64342669707413,41.58474225628551],[-114.64349659394902,41.58484643753537],[-114.643518322074,41.584886565660305],[-114.6435678054072,41.58497793232675],[-114.64364768665712,41.58514592086822],[-114.64367344290709,41.58520009795151],[-114.64367395019872,41.585204329201495],[-114.64369706686534,41.58539703128452],[-114.64370982832367,41.58560238961754],[-114.64370324186537,41.58581415836725],[-114.64372961478199,41.58610826774169],[-114.64374069603195,41.58619874378328],[-114.64378373769858,41.586346155241344],[-114.6438444512401,41.586444385449596],[-114.64413798457298,41.58687773961558],[-114.64450636269743,41.587793320864144],[-114.64483419290525,41.58835454169658],[-114.64494222832178,41.58874329169594],[-114.6449537866551,41.58938681565332],[-114.64482055123864,41.58992453127742],[-114.64460227936394,41.59038461252674],[-114.64432652936438,41.59055485002652],[-114.64385928665679,41.59073487294294],[-114.64319439499116,41.59097183127589],[-114.642441411659,41.5911547344006],[-114.64208735228455,41.59127936356701],[-114.64185545853492,41.59143891773344],[-114.64177017415999,41.59156259794158],[-114.64138180436895,41.59186740210785],[-114.6412358408275,41.59212651356576],[-114.64106213770278,41.592283316690526],[-114.64080577416148,41.59239649273199],[-114.64016644395417,41.59268052918989],[-114.63987620853794,41.592730794814806],[-114.63969163874657,41.592754582314775],[-114.63955492103844,41.592781944814675],[-114.63946577208024,41.592793433356356],[-114.63937118353874,41.59279149064806],[-114.63926453249722,41.59279596460638],[-114.63913961583076,41.592805827106325],[-114.63909997103916,41.59281288856461],[-114.63907328353919,41.592817659397966],[-114.63899826166431,41.59284720835624],[-114.63892396791442,41.59288059793956],[-114.6389194627061,41.592882616689536],[-114.63885982416453,41.59290941668953],[-114.6388078252063,41.59295454689782],[-114.63874495541472,41.59300911981439],[-114.63873209708142,41.593024613564346],[-114.63865816166488,41.5931137021059],[-114.63854873041505,41.59329520523056],[-114.63837015333196,41.593664039605024],[-114.63829904291539,41.593849916688086],[-114.63829177104043,41.59387381252134],[-114.63820831791556,41.59414779585428],[-114.63818724187394,41.594348512520604],[-114.63813040541567,41.594571779186914],[-114.63811603666569,41.59464584897851],[-114.63808501062408,41.59480568647827],[-114.63805563874911,41.59525981564422],[-114.63804662520744,41.59532914689407],[-114.6379899429159,41.59570845626848],[-114.63790892520767,41.59614974064287],[-114.63785424187445,41.596487902100634],[-114.6378165512495,41.59672498543359],[-114.63778413562454,41.59682816460008],[-114.63775851895794,41.59700973751651],[-114.63775203249958,41.59717812084957],[-114.63778315958287,41.597599769807246],[-114.63788613979104,41.5981822218896],[-114.6378870387494,41.59844120105594],[-114.6378030824995,41.59885335418021],[-114.63781753666615,41.59917840209649],[-114.63787325541608,41.59935141772119],[-114.63794033354094,41.599655783345774],[-114.6380765856241,41.60004544897007],[-114.63815901374898,41.60026836251141],[-114.63821106166553,41.60046080938609],[-114.63826572208212,41.60067836459414],[-114.63834765124864,41.60088198438549],[-114.6383938856236,41.60106145417688],[-114.63843479499856,41.601162735426776],[-114.63843046583185,41.60128142709318],[-114.63841748874853,41.60139969792634],[-114.6383923408319,41.60152066355115],[-114.6382917064571,41.6017186500092],[-114.6382021595822,41.60186286459229],[-114.6380663824991,41.602032975008626],[-114.63804841687414,41.60206625313357],[-114.63789362312433,41.60235300000821],[-114.63768024499969,41.60278125521588],[-114.63757143249985,41.60313033021535],[-114.63743120750006,41.60347709688146],[-114.63731625229194,41.60387331979753],[-114.63705725333399,41.60440181458835],[-114.63697370750079,41.604800348962705],[-114.63697422208412,41.60496214479583],[-114.63692637104255,41.60509596042062],[-114.63678459708444,41.60526553437862],[-114.6367051366679,41.60544611562843],[-114.6367093168762,41.60561407187813],[-114.63677601583443,41.606040904169205],[-114.63674181270949,41.606161594793925],[-114.6366762377096,41.606226243752175],[-114.63643388875164,41.6065397375017],[-114.63615006062709,41.60674418750137],[-114.63588722521082,41.607058172917554],[-114.63576919500264,41.60747797604189],[-114.6358396397942,41.607911592707936],[-114.63562809916955,41.6085625739569],[-114.63550605750306,41.608988455206166],[-114.63532031792003,41.609328505205745],[-114.6352858418784,41.6093696937473],[-114.63512080021202,41.6097974572883],[-114.63494902937896,41.61036943853744],[-114.6347275231293,41.61085305937003],[-114.6346845002127,41.61089035207827],[-114.63429975437994,41.61146823957737],[-114.63425641792168,41.611757166660304],[-114.63442255437974,41.612197795826305],[-114.63459591792116,41.61263842395055],[-114.63459591271283,41.61302126040823],[-114.63466814604601,41.61332463540782],[-114.63461950542114,41.61355164269912],[-114.63455797625454,41.61371678332389],[-114.63448833042135,41.613856263532014],[-114.634480009588,41.61387292499028],[-114.63432832104655,41.614175076031515],[-114.63412253250522,41.614581691655836],[-114.63397676063046,41.61486404582212],[-114.63383407417233,41.6151079312384],[-114.63375462729745,41.61528986352975],[-114.63366463667262,41.615472105196154],[-114.63349814083955,41.61576276873741],[-114.6333393877148,41.616053254153584],[-114.63318464604832,41.61630318123658],[-114.63317980334,41.61631436665323],[-114.63312548875679,41.616439737486346],[-114.6331230575068,41.61649194165291],[-114.63311119500679,41.61674663644418],[-114.63313419084012,41.616913628110574],[-114.63318575438166,41.61707343748534],[-114.63329478458985,41.61724189894341],[-114.6334494970896,41.61741612185988],[-114.63359644708936,41.61757686769288],[-114.6337221533392,41.61780751560924],[-114.63367183771425,41.61806188956712],[-114.63353652938109,41.618288765608476],[-114.63321835854828,41.61854979789976],[-114.6326197658409,41.61900577394066],[-114.63231009292468,41.61943532706502],[-114.63226457000809,41.61978501456444],[-114.63229888250805,41.61998891873084],[-114.63242581896618,41.62019372810547],[-114.6325165512577,41.62028594893869],[-114.63272827000735,41.62063174581316],[-114.63286738563217,41.62081951872956],[-114.63301624604861,41.62096568956264],[-114.63318035229834,41.62109587914575],[-114.63329721167314,41.621195172895625],[-114.63335956896474,41.62128513018716],[-114.633407199173,41.62140301872865],[-114.63342458875634,41.62144607185351],[-114.63340152000632,41.62159189789498],[-114.63337157729806,41.62167836039486],[-114.6333406460481,41.62180777914464],[-114.6333319272981,41.62184432706128],[-114.63327878979817,41.62209684581085],[-114.63321372625666,41.622429913518715],[-114.63307460125685,41.62313553122599],[-114.6330501814652,41.62339008851729],[-114.63308199917351,41.623759156225],[-114.63316957521505,41.62465795518188],[-114.633185125215,41.62538356976403],[-114.6330109877153,41.62593062288831],[-114.63300693354864,41.62616299684624],[-114.6330986366735,41.626426317679126],[-114.63318216167335,41.626565961428874],[-114.63363148563099,41.62695802601169],[-114.63375336167248,41.62706436038649],[-114.63380041479742,41.62716220726138],[-114.63388607521392,41.627273376011196],[-114.63389716792223,41.62728777601118],[-114.63395010229716,41.62738988538596],[-114.63399086375539,41.62753794163576],[-114.63402252729703,41.62769602080223],[-114.63396504813043,41.627805256218714],[-114.63390969396386,41.627891998926884],[-114.63375005438081,41.62800457705166],[-114.63355491063112,41.628068930176646],[-114.6332903554232,41.62820994163472],[-114.63321607313162,41.628241338509646],[-114.63302180854863,41.62832343642624],[-114.63271192938242,41.62850463642593],[-114.63202318980011,41.62890382913369],[-114.63186611167538,41.628951199966934],[-114.6318252564671,41.62895919059192],[-114.63170261584231,41.62902319892519],[-114.63154580334253,41.62920586038319],[-114.63151876688427,41.62926443746645],[-114.6313540575095,41.62952228538265],[-114.63125640646801,41.62963314371586],[-114.6310586158433,41.62976602913233],[-114.63100409605175,41.629823274965524],[-114.63090169292691,41.63002186142362],[-114.63078198146872,41.63025403850655],[-114.63055805542741,41.630477965589506],[-114.62971873459539,41.63080052913067],[-114.6289737398049,41.631168313505135],[-114.62828715751427,41.63136585829652],[-114.62810384709792,41.63139653225475],[-114.62796632626475,41.63149417600466],[-114.62789479397323,41.63159837600451],[-114.62785986688992,41.631765058295926],[-114.62785552105662,41.63188350621238],[-114.62788608355659,41.63201713746207],[-114.62800230334808,41.63215607079529],[-114.62810486063955,41.632236263503486],[-114.62812711897288,41.63225366767009],[-114.62820489084771,41.63232033954494],[-114.62829660334764,41.63242461766988],[-114.62834994918086,41.63251048537811],[-114.62838195751414,41.6325911957946],[-114.6283870366808,41.63268873329447],[-114.62838913563911,41.6328018707942],[-114.62838675126415,41.6328669010025],[-114.6283864366808,41.63287549891908],[-114.62840239188911,41.63297262079405],[-114.62843263563907,41.63306583329388],[-114.62847275751399,41.63317200933534],[-114.6285500220972,41.63344612183494],[-114.6287624491802,41.633722687459475],[-114.62881609188844,41.63382978954272],[-114.62881664084678,41.63383479058427],[-114.62882377626345,41.63389978225089],[-114.62880673563849,41.633983274959114],[-114.6287948627218,41.63400193120907],[-114.62874926688858,41.63407350412564],[-114.6287060835553,41.63416291766713],[-114.62855822313882,41.634315324958564],[-114.6284179043891,41.63445995829172],[-114.62832062938925,41.63471941662457],[-114.62814575751453,41.63508743433242],[-114.62807438251464,41.63539163433195],[-114.62783973355664,41.63573146662307],[-114.62735980230742,41.6360057020393],[-114.62692353043303,41.63642155099696],[-114.6267773148083,41.63657339370512],[-114.62663949710014,41.636743287454784],[-114.62651726168372,41.63690489995453],[-114.62641848668385,41.6370901353709],[-114.62630995960068,41.63733353120395],[-114.62619312001755,41.63765501662004],[-114.62607287001771,41.63789067286964],[-114.62600285126778,41.63805990307776],[-114.62595400647622,41.63819102286929],[-114.62584135960138,41.63836159266066],[-114.62571842730995,41.6384920030771],[-114.62560976897673,41.63859905307691],[-114.62548557939364,41.63870914682682],[-114.62530648564389,41.638853284326515],[-114.62518957210246,41.638940813493114],[-114.62505380335261,41.639037193701284],[-114.6249889835611,41.63909422495123],[-114.62492382210284,41.63915153849278],[-114.62485248147793,41.63921895828427],[-114.62479960960303,41.639278667659234],[-114.6247834773114,41.639306680159194],[-114.62480425022801,41.639358116617416],[-114.62484809814464,41.639398702034036],[-114.62500907522771,41.63952265515883],[-114.62511108147754,41.63962536870037],[-114.62546056064366,41.639865247866624],[-114.62568432210168,41.64009589578299],[-114.62598085439289,41.64049849890729],[-114.62604816376775,41.640955694739986],[-114.62608403460104,41.641410574947564],[-114.62563309501836,41.64194876348844],[-114.62546025126869,41.64207167182152],[-114.62529256793562,41.642200620779676],[-114.62512953668585,41.64236620827946],[-114.625033299186,41.64250115515421],[-114.62489460335286,41.64267145932062],[-114.62474416481143,41.64280815307042],[-114.62455654397843,41.642930200986896],[-114.62444064502023,41.64300612182007],[-114.62437267731202,41.64304137598669],[-114.62434599814539,41.64306978952831],[-114.62419542002061,41.64317815619482],[-114.62407674502084,41.64332305827789],[-114.62401827002088,41.643474888486004],[-114.62401733668759,41.64361065306917],[-114.62404020960416,41.643729240569],[-114.62407760960417,41.64414350202669],[-114.62415015231238,41.644469377026134],[-114.62414453043738,41.6449403353588],[-114.62406030022919,41.645348957233125],[-114.62407967939583,41.64548065410793],[-114.62424742522889,41.645761393690854],[-114.62462043876998,41.646063781190314],[-114.62496846064444,41.646516846814635],[-114.6251243606442,41.64677900514755],[-114.62517207939413,41.646941015563996],[-114.62517548460244,41.64695257389728],[-114.62519577001906,41.647021444730534],[-114.6252662439773,41.64726074056347],[-114.62527220231061,41.647403807229864],[-114.62526065960232,41.647617148896266],[-114.62519052314406,41.64782675722928],[-114.6250699939776,41.64799582285399],[-114.6249180179362,41.64817932702038],[-114.62468085751988,41.64851992285319],[-114.62438977731199,41.64904840722739],[-114.62429682418711,41.64951765201836],[-114.6240627585625,41.65009554368407],[-114.62382635335457,41.65070553534983],[-114.62366476585483,41.650896753057815],[-114.62347780439671,41.651280191598914],[-114.6233987262719,41.65154054472353],[-114.62316643877222,41.652100617639285],[-114.62312763981396,41.65220885618083],[-114.62295961689755,41.65245276763876],[-114.62288130543932,41.65250150513874],[-114.62271876377294,41.65262921972183],[-114.62268392835632,41.65279177076322],[-114.62274197939786,41.65301236972125],[-114.62287308356434,41.65320949680427],[-114.62303548981409,41.653453727012234],[-114.6232968710637,41.65377640201172],[-114.62350835231338,41.65410137388623],[-114.62373522939635,41.65430844471926],[-114.62378508668793,41.65436342805249],[-114.62426296897888,41.65508485096801],[-114.62444873564523,41.655526055134004],[-114.62465398668661,41.655780260341956],[-114.62484942835295,41.65598503013329]]]]},"properties":{"id":"17040213","label":"17040213"}}