{"type":"Feature","geometry":{"type":"MultiPolygon","coordinates":[[[[-118.84238471555648,46.87412545640866],[-118.84301590826385,46.87383810120083],[-118.84326040826346,46.87423096265851],[-118.84377859055434,46.87488012828249],[-118.84380712284593,46.8749158741158],[-118.84435876763679,46.875744231406095],[-118.84439421138671,46.875786401197765],[-118.8447494874278,46.876209103280445],[-118.84533593221857,46.877057263695825],[-118.84623943221715,46.87796490119447],[-118.84752897700685,46.87880847827639],[-118.84765242700665,46.87888923348464],[-118.84894620721298,46.8795163782753],[-118.85004710200293,46.87988040639971],[-118.8505272332522,46.8800391647329],[-118.85104013741808,46.8801554928577],[-118.85163427804214,46.88051975223214],[-118.85203400512484,46.880910567856496],[-118.85216091345798,46.88103464598125],[-118.8535045728309,46.88310656160306],[-118.85431488012131,46.8845161574343],[-118.85457926553757,46.88483660743369],[-118.85490876345368,46.88528577305797],[-118.85498922282859,46.885595444932584],[-118.85487282074541,46.8862671282648],[-118.8548745436621,46.88631707097309],[-118.8549751238703,46.886746654305725],[-118.85528212386981,46.88721524597168],[-118.85569383845251,46.88755751472116],[-118.85570690303581,46.8875744199295],[-118.85600745824365,46.887803616804106],[-118.85648375720126,46.8883323563866],[-118.85673271032591,46.88860871888617],[-118.85687823740898,46.888770263677586],[-118.85725916449174,46.88969701367621],[-118.85753218011634,46.89052982617486],[-118.85755117178297,46.89107970742403],[-118.85729446553336,46.89172975013134],[-118.85696965615887,46.89242873763027],[-118.85709492074197,46.89302473762938],[-118.85766945199113,46.89349383867028],[-118.85787506553244,46.893538737628596],[-118.85868912073954,46.89371649596157],[-118.85980516240441,46.893698364711604],[-118.8608097280279,46.893808039711466],[-118.86152154886015,46.89388574908639],[-118.86261099469176,46.89410723554432],[-118.86261514885842,46.894109608461015],[-118.86346542802376,46.894595674085174],[-118.86364073948181,46.894673774085106],[-118.86374678948165,46.894721018876716],[-118.86413886135608,46.8948956824181],[-118.86469854885517,46.89493440637633],[-118.86532301760424,46.89482854387656],[-118.86650716968569,46.89476139491832],[-118.86748621135088,46.89481718658488],[-118.86808884780828,46.894997494918016],[-118.86810235405824,46.895001534501255],[-118.86900253322351,46.89527085845915],[-118.87007949051348,46.89583708345836],[-118.87028222280486,46.8959436699165],[-118.87155611967783,46.89644911158235],[-118.87238299259327,46.896709908456955],[-118.8732145290503,46.896972168873276],[-118.8732436123836,46.896996464706476],[-118.8741131477989,46.89772293553873],[-118.87495120404759,46.898737826162126],[-118.876205343629,46.89967412199409],[-118.8781755134176,46.90112492511679],[-118.87953775299883,46.90215509386526],[-118.88047561028901,46.90302477615555],[-118.88065541653873,46.90311717303036],[-118.88134105299599,46.90346948657146],[-118.88144293737088,46.90352183969643],[-118.88164846862055,46.90362745011286],[-118.88295167278517,46.903964834487354],[-118.88363007590914,46.90406928448715],[-118.88369511340903,46.904079298028876],[-118.88449571965776,46.90420255427868],[-118.88603306861374,46.90424899282027],[-118.8869825425706,46.90430354907015],[-118.88732708007005,46.904323344903545],[-118.88849248527657,46.90471078344456],[-118.88898594048413,46.90521736886039],[-118.88918046444218,46.90541706469339],[-118.88961166652484,46.90576876573457],[-118.89031354048211,46.90587678031773],[-118.89142981443872,46.9058583365678],[-118.89267552068675,46.905550688651566],[-118.89367450297686,46.905175341777166],[-118.89559306651556,46.90514358031882],[-118.89609482276478,46.905208295943815],[-118.89772101963729,46.90541802615179],[-118.89822279463648,46.90548273240165],[-118.8999413633838,46.9057173469847],[-118.90111094254864,46.9058893032344],[-118.90169474463107,46.905975129275944],[-118.90169567171444,46.90597526573426],[-118.90288424567092,46.906027273025806],[-118.90414682379395,46.90619764281723],[-118.90564935399993,46.90624439698385],[-118.90658612066518,46.90608526573406],[-118.90816784045438,46.9054130324018],[-118.90894552586987,46.90470634386121],[-118.90998010607655,46.90435418552843],[-118.91060883524229,46.90436761157012],[-118.91116864878308,46.90440610636167],[-118.91186204149032,46.90427491886189],[-118.9138043716956,46.90393147615399],[-118.91599510710887,46.903703450112694],[-118.91793909460586,46.903407753238234],[-118.91914458106235,46.902956959488925],[-118.9198642758529,46.902586068864494],[-118.9210110706428,46.902447218864744],[-118.92227618001579,46.902689107406],[-118.92385180397173,46.90283008344745],[-118.92490079980342,46.90288420636403],[-118.92601441751003,46.90279370740585],[-118.92706255709176,46.90282390532246],[-118.92779505396555,46.90281156886415],[-118.92835969771473,46.90274846053089],[-118.92836311021472,46.9027480803226],[-118.92880316542234,46.90269889490596],[-118.92998224250384,46.902487646989634],[-118.93123536646021,46.902394741781464],[-118.9319843122924,46.902675286572666],[-118.93257972895817,46.902898317822334],[-118.93316628520722,46.903265016780104],[-118.93317922374888,46.90327310428017],[-118.93343664249846,46.903434032404846],[-118.93377465187297,46.90409811990381],[-118.9342601143722,46.90567243135977],[-118.93428832791385,46.905763930317875],[-118.9347981977047,46.90635334385869],[-118.93573248311992,46.907043906357636],[-118.93587395916137,46.90714847510741],[-118.93677021540996,46.907632759481636],[-118.93733347478411,46.90793710218955],[-118.93830841957426,46.908351635522344],[-118.9383614914492,46.90837419802223],[-118.93952560915567,46.90871329489667],[-118.9402419529046,46.908701154271704],[-118.94025817998791,46.90870087614669],[-118.94112251852823,46.908470929272035],[-118.94116449665319,46.90845458760538],[-118.94151591123598,46.90831779698062],[-118.94197476436024,46.90813918239754],[-118.94208631956838,46.908095757397675],[-118.94283596956723,46.9076494990649],[-118.94287223102548,46.9076279126067],[-118.94361546539938,46.9069454948994],[-118.94375228102415,46.90681380219122],[-118.94457713414789,46.90601980323419],[-118.9447285508143,46.90587404802611],[-118.94573158206278,46.90515165427719],[-118.94578307789601,46.905114563652276],[-118.94656624560311,46.904794862611126],[-118.94688371539428,46.9046652584446],[-118.94799473101756,46.90450282615317],[-118.94837620601696,46.904528933444915],[-118.94939432268205,46.90459860115307],[-118.9507904508049,46.90459873136135],[-118.95121925080423,46.904675766777956],[-118.95237140496907,46.90488275011094],[-118.95242641955237,46.90491562406926],[-118.9532276726761,46.90539440740179],[-118.95391302267507,46.90600466156754],[-118.95449200184083,46.90656888552505],[-118.95531475496455,46.906983371982676],[-118.95555823621415,46.907106029274125],[-118.95559424142243,46.90712416989913],[-118.95661415496251,46.90737533969041],[-118.95732004871144,46.907549168856754],[-118.95868223829264,46.90757370739843],[-118.95937380183325,46.90739441885709],[-118.95991885391571,46.907026264690984],[-118.96049355495649,46.90651407302507],[-118.96140746745505,46.905732932401264],[-118.96211471016234,46.905425366776704],[-118.96250199662006,46.90525693865204],[-118.96261000599486,46.90520996781879],[-118.96361458620164,46.90500136261071],[-118.96466190495006,46.9050073084441],[-118.96603364661458,46.905294729276974],[-118.96779698098682,46.90579069073458],[-118.96990654035852,46.906208904275594],[-118.97135121327297,46.906337643858706],[-118.97413517160199,46.906351328233676],[-118.97581302680771,46.90641805740029],[-118.97729038930544,46.90672743864971],[-118.97848958513691,46.90706553344092],[-118.97925876221906,46.90710007614909],[-118.9796407090934,46.90704562719092],[-118.98008801534273,46.90687043760782],[-118.98052386846706,46.9063844699003],[-118.98092130909146,46.90580347927618],[-118.98262218304717,46.904601879278054],[-118.98316792887965,46.9042575230286],[-118.98410617471148,46.90414557615371],[-118.98526252991803,46.90426904907025],[-118.98618090699996,46.90456409073641],[-118.98677389658235,46.90493359073587],[-118.98700260283204,46.90507609594393],[-118.98741391116472,46.90526370011036],[-118.98831619241332,46.905675238651355],[-118.98881283928756,46.9057733105262],[-118.98965230178625,46.9059390709426],[-118.98968767470286,46.90593921469267],[-118.99076939657618,46.9059435657343],[-118.99219245074062,46.9057274292763],[-118.99271739448983,46.90558330219319],[-118.99288857157285,46.90553630323496],[-118.99340177261377,46.90539539490183],[-118.99427025177908,46.905284576151956],[-118.99476568302828,46.90546731261],[-118.99530753615244,46.905960215734304],[-118.99540514448563,46.90600043344258],[-118.9957735028184,46.906152204275706],[-118.99608735490125,46.906281516775415],[-118.99704537677474,46.90637383865026],[-118.99713824448294,46.90638278865023],[-118.99814981218968,46.90636513031699],[-118.99818871843964,46.90637931677527],[-118.99870062364721,46.90656598344165],[-118.99896364760512,46.906661894899855],[-118.99911758614655,46.90676692510801],[-118.99971573197892,46.90717502510741],[-119.00067178718582,46.907541057398454],[-119.00127185801817,46.90781356989808],[-119.0020920121836,46.908186014689164],[-119.00332716426499,46.90854714281359],[-119.00437543509672,46.90857663031353],[-119.00468168717958,46.90848639281374],[-119.00558384863648,46.90822055948076],[-119.00692999134276,46.90781421989804],[-119.00740722571702,46.90771596573152],[-119.00769204446658,46.90765732406499],[-119.00842814654874,46.907740091773164],[-119.00949159550542,46.908175929272474],[-119.01080461008672,46.90875090114664],[-119.0116613673771,46.90917904489594],[-119.01172946112693,46.90921307406258],[-119.01194532779328,46.90929799906235],[-119.01254430695906,46.909533644895326],[-119.0136782965406,46.90969209593681],[-119.0139128204986,46.909724863645046],[-119.01402281945674,46.909716445936795],[-119.01412856320655,46.909708358436745],[-119.01513105174666,46.90963165322864],[-119.01686086841069,46.90921843864587],[-119.01839601215829,46.909040427187854],[-119.0190504184073,46.908964537604646],[-119.01963497673967,46.90890208447972],[-119.02092779965437,46.90876394906324],[-119.022243447569,46.90847757302203],[-119.0227796392348,46.908281842813984],[-119.02327642360905,46.90810049593923],[-119.02383543923315,46.90811453031428],[-119.02509273714789,46.908330090730615],[-119.02510020693954,46.908331369897255],[-119.02604823922974,46.90872835010495],[-119.02630603089604,46.90883629593822],[-119.02700692047824,46.90901417510449],[-119.02701089651993,46.90901518447954],[-119.02702313818656,46.909015848021184],[-119.02729522256111,46.9090306167712],[-119.0283400486012,46.90908731885438],[-119.0292479038081,46.90909514385446],[-119.03014672672337,46.90886391156314],[-119.03115651318012,46.908798149063244],[-119.03182625380414,46.90881584385486],[-119.03223967880346,46.90882676364648],[-119.03319054963531,46.909049086562824],[-119.03415047671719,46.90951045635373],[-119.03517294234058,46.909779333436646],[-119.03563004338157,46.909866890728274],[-119.03591544858944,46.910029260519636],[-119.0363494433804,46.91042820426896],[-119.03682376733803,46.91096995426825],[-119.03776791108658,46.91193392197496],[-119.03797499754454,46.912225753224554],[-119.03803698504447,46.91231310634943],[-119.03832109962737,46.91271347614045],[-119.03919643295934,46.91370257926393],[-119.0399086642082,46.914072627180026],[-119.04001137983305,46.91409868030496],[-119.04043739649904,46.91420673030476],[-119.0410662496231,46.91421943759643],[-119.04207612149652,46.914153578221516],[-119.04328295170298,46.91415500842987],[-119.04333291524455,46.91415506676322],[-119.04339070066118,46.91416830738821],[-119.04449505899277,46.91442136676279],[-119.04506545065857,46.91469033238733],[-119.04520425899165,46.914755784470685],[-119.046059163157,46.915158898011676],[-119.04807319232054,46.91579266884398],[-119.04944177877678,46.91611193342683],[-119.04980691106782,46.916197106343375],[-119.05015981731731,46.91627943030161],[-119.05064454960825,46.91639249800975],[-119.05123746731562,46.916567274051104],[-119.05140111210704,46.91661551050943],[-119.05156256627346,46.91666310113429],[-119.05224814023074,46.91700412405039],[-119.05293205897966,46.91706426467535],[-119.05342985689555,46.91710804071702],[-119.05446078606066,46.917591885507846],[-119.05571752564204,46.91850224904817],[-119.05678921730703,46.919004660505635],[-119.05686710584861,46.91904117717227],[-119.05738839647273,46.91928555113027],[-119.05810060480496,46.91948727508826],[-119.05992971313549,46.920005317795805],[-119.06114682667527,46.920296051128666],[-119.06123345167516,46.920316740712],[-119.06307625896392,46.920283535503714],[-119.06346636833833,46.92027650217043],[-119.06405946937905,46.92022583654549],[-119.06410053187905,46.92022232717041],[-119.06524112250226,46.920124881337344],[-119.06740978291555,46.920085725087404],[-119.06792758187306,46.920076368837385],[-119.06887418707991,46.92017886675384],[-119.0696018537455,46.920202594878816],[-119.07076188186869,46.920240411545436],[-119.0733776349896,46.920169128212194],[-119.07486216727897,46.91973555842121],[-119.07564705581946,46.919266818838565],[-119.07638503602658,46.91848794592314],[-119.07701463602564,46.917615351132845],[-119.07795542248249,46.91666533655098],[-119.07829186831533,46.91623586675999],[-119.07848771414835,46.91598587196873],[-119.0786720620647,46.91533664488636],[-119.07858564643988,46.914907629262046],[-119.07850108081499,46.91452642405433],[-119.07865608602312,46.91402125738839],[-119.07869626518972,46.9132550417646],[-119.07876577977292,46.91234476572438],[-119.07895658498097,46.91186287093349],[-119.07899953393924,46.9111683709345],[-119.07889832664775,46.91035687926907],[-119.07858043498152,46.90935795427065],[-119.07896136310592,46.90927927093745],[-119.07965067143823,46.90905145218775],[-119.08033072352049,46.90858458552184],[-119.08226400372583,46.90622904385889],[-119.08247880372551,46.90600562823417],[-119.08310321726616,46.90535615740188],[-119.08327055268258,46.905182101152114],[-119.0838228380984,46.90495412406919],[-119.08430116726431,46.904756668861125],[-119.0843188797643,46.90475513031948],[-119.08499688601326,46.90469615427785],[-119.08508134642977,46.90470069490284],[-119.0856614349705,46.90473188656949],[-119.08617348392806,46.904435494903225],[-119.08688087351034,46.90377671886265],[-119.08744131205113,46.902929244905664],[-119.08771846830071,46.902436828239686],[-119.08775342455061,46.902374718864856],[-119.0880202568419,46.90190063449058],[-119.08825753079986,46.9014790657412],[-119.08892993809047,46.900761831367305],[-119.08916548392341,46.90051057615939],[-119.08932991308984,46.900335181367986],[-119.09004464746376,46.899867620952115],[-119.09106890787882,46.899387715744496],[-119.0911071870454,46.899369780327824],[-119.09147231621155,46.899231042828056],[-119.09282674745941,46.89871638657885],[-119.09456530579006,46.89765595324717],[-119.09640095682887,46.89640234283247],[-119.10065766932229,46.89280781783799],[-119.10161807869576,46.89203776992256],[-119.10227054536143,46.89164327513148],[-119.1035674922344,46.89085908242435],[-119.1052928901484,46.89035377825842],[-119.10659203806308,46.89010554596726],[-119.10920592972566,46.8900075449257],[-119.11032828284891,46.88988715221758],[-119.11488237555017,46.89012709805053],[-119.11632381200629,46.89001882825902],[-119.11739650367127,46.889867939717604],[-119.11857260783613,46.88960695638466],[-119.11946787450142,46.88930331992679],[-119.12133752345683,46.88804867513704],[-119.12146598595659,46.88795570847049],[-119.12401743907766,46.88610915847334],[-119.12559879740854,46.88473406785053],[-119.1257040442834,46.88464254493403],[-119.1264596296989,46.88345635014416],[-119.12690603282317,46.88151040327221],[-119.12716402969778,46.88009423556612],[-119.12724581928099,46.87863349806828],[-119.12727584428097,46.87762823348658],[-119.12713251823948,46.876650111613124],[-119.12718616928106,46.87624244807206],[-119.12737926094748,46.875832190781026],[-119.12766315573867,46.874876028282536],[-119.12862375157052,46.87366176578442],[-119.12915854844472,46.87315506161855],[-119.13143906198282,46.87176173037062],[-119.1336554328127,46.87047649912265],[-119.13632006510022,46.86906324495821],[-119.13753431301501,46.867956936626605],[-119.13776753072302,46.86774444287697],[-119.13791654947278,46.867418036627456],[-119.13803940468091,46.86714893037785],[-119.1382644473889,46.86665598558694],[-119.13835039530545,46.86646771683717],[-119.13850552759686,46.86612790329611],[-119.13871909113817,46.86565079392182],[-119.13892099426289,46.86536793454725],[-119.13900513905442,46.86504740642279],[-119.1389484734295,46.864596611631804],[-119.13900534009605,46.864077246007646],[-119.13933168280391,46.86351297309182],[-119.13991007551135,46.862465551218484],[-119.14046485884383,46.861312252261854],[-119.14084027655156,46.860521128304796],[-119.14148461092556,46.85967181268118],[-119.1422040911328,46.85925284809846],[-119.14423731508793,46.85845263872466],[-119.14491280467024,46.85819318560009],[-119.14554865675258,46.85794895330875],[-119.14587462446043,46.85782374497561],[-119.14708878800019,46.856974294976986],[-119.14714904633342,46.85693426997705],[-119.14717301091675,46.856907842893726],[-119.14783566404071,46.856177153311585],[-119.14825442445668,46.85550480018758],[-119.14852466612297,46.854994712688395],[-119.14868034424774,46.8545266449808],[-119.14866706299775,46.85419385331459],[-119.1486617952894,46.85406185018986],[-119.14843455153976,46.85370729185706],[-119.14834705362323,46.85345642623242],[-119.14834574945655,46.852938147066595],[-119.14861597862284,46.85242805852568],[-119.1494976817465,46.85170713665184],[-119.15044510153666,46.85106483456948],[-119.15066706507797,46.850914352278046],[-119.15154340986827,46.8500606137377],[-119.15220862757559,46.84780212103289],[-119.15223915257552,46.84739951999182],[-119.15231812340875,46.84635782832681],[-119.15238620361696,46.84545976686982],[-119.15266962861655,46.843825869997325],[-119.15271844111648,46.84360006999774],[-119.15351975361521,46.84115479500154],[-119.15397350257285,46.839557279379015],[-119.15400105882281,46.838883783546706],[-119.15423850361407,46.83732772625741],[-119.15438166194718,46.83682029709163],[-119.1543281452806,46.833291860638745],[-119.15475139736334,46.832922774181014],[-119.15562770152862,46.83256072938983],[-119.15740812965083,46.83204873459894],[-119.16025916610477,46.8319485616825],[-119.16067614422911,46.831933904390844],[-119.16183767235232,46.831925252307556],[-119.1623402369349,46.83190246480759],[-119.16258911922614,46.83183131168266],[-119.16298907026722,46.8316642741829],[-119.16368795151608,46.83122578251693],[-119.16453468068148,46.83061172105958],[-119.16536097443014,46.829971460643904],[-119.16597281192925,46.82929538356157],[-119.16639488172025,46.828715926270846],[-119.16674542234466,46.82828401272988],[-119.16728184213554,46.82814095231334],[-119.16819068380079,46.828110443980144],[-119.16952626192369,46.82809841481343],[-119.17029805983918,46.82803061585526],[-119.17131817337922,46.82787836168884],[-119.17195506400328,46.82782640335558],[-119.17224314837779,46.827767774189006],[-119.17282038171027,46.82767707314744],[-119.1733615973344,46.827653503355826],[-119.173613659834,46.827662006480814],[-119.17398830462508,46.827349220022896],[-119.17426727649968,46.827064829398346],[-119.17456076816588,46.82666055544072],[-119.17517942024826,46.82615706689976],[-119.1761151233718,46.82583360752526],[-119.17688634212061,46.82575248565034],[-119.17760917336949,46.82591149815019],[-119.17826752753513,46.825912256483484],[-119.17907529107556,46.82577726481712],[-119.18042746503176,46.82569834190049],[-119.181764051488,46.82571273148377],[-119.18261641294504,46.82572305231712],[-119.18358162961022,46.82565147419233],[-119.18364044627678,46.8256347387756],[-119.18418881085927,46.825478699192495],[-119.18440590252563,46.82541692419257],[-119.1848832556499,46.82528108773444],[-119.18593119418989,46.82486237211015],[-119.18731550668777,46.82414483877795],[-119.18849823064427,46.82323179815433],[-119.18885071397705,46.82285293565491],[-119.18889742856034,46.822572954405345],[-119.18907363272672,46.82214430544771],[-119.18933315147626,46.82186025023976],[-119.18993657647538,46.82146329294877],[-119.19031755772477,46.821309812740616],[-119.19065984522422,46.82115706794923],[-119.19114132751515,46.821094687741024],[-119.19173996084756,46.82105664190769],[-119.19221928272181,46.82094113878289],[-119.1923926660549,46.82085100753304],[-119.19301559001224,46.82052717940857],[-119.19354225667809,46.82008206899254],[-119.1939327098025,46.81975206899311],[-119.19487088688435,46.81949485649344],[-119.19599709834095,46.81910112524407],[-119.196195262924,46.81895726586931],[-119.19674205979813,46.818560309619976],[-119.1975765952135,46.817954443995866],[-119.19952789625212,46.81690691066416],[-119.20120182020788,46.81576300233258],[-119.20143227958249,46.815605504416176],[-119.20176909624865,46.815375324208176],[-119.20257916603909,46.8148281335841],[-119.20347581812099,46.81450519920958],[-119.20444657228614,46.814101090876875],[-119.20516765457671,46.81315305650333],[-119.20523650040991,46.8130625398368],[-119.2060655264503,46.8119511325469],[-119.20628252019996,46.81166021692233],[-119.2068121691575,46.81137118463103],[-119.20691868790733,46.811313055464495],[-119.20734284415666,46.81108158671484],[-119.20817267853039,46.81054726275742],[-119.20852766186317,46.810234740882855],[-119.20884123998769,46.80985657005015],[-119.20920002019545,46.80963700234213],[-119.20949515352832,46.8095683606755],[-119.20969854102799,46.809521055467314],[-119.21013309415237,46.80957013984215],[-119.21030138581875,46.80958914921721],[-119.21077319727637,46.80976609192524],[-119.21123982748395,46.8102886710911],[-119.21176830456649,46.81090308359018],[-119.2121710649825,46.811198482548036],[-119.21222732748242,46.81123974713129],[-119.21272231602332,46.811509262755926],[-119.21321185873093,46.81164598463069],[-119.21387548164655,46.81177933358881],[-119.21465838685367,46.81199196900517],[-119.21469766289529,46.812002638796805],[-119.21537056914423,46.812361726296245],[-119.21571193581036,46.81266078567075],[-119.21616936289297,46.81295759400364],[-119.21719100143304,46.813323209628024],[-119.21836357226454,46.813592855460975],[-119.21939747226298,46.8137854429607],[-119.22126475871842,46.81400171171033],[-119.22256455142467,46.814069497126894],[-119.22274524517447,46.81407943983522],[-119.22434955663029,46.81416770441851],[-119.22624349725231,46.814090992960196],[-119.22832811391578,46.8139440908771],[-119.22882663058164,46.81382805858557],[-119.22908919308122,46.81362359400258],[-119.22944187328903,46.813257891919825],[-119.23004599828812,46.81288728879545],[-119.23067989724547,46.81276861067058],[-119.23155029307742,46.812751634629024],[-119.23221232328474,46.81284503879544],[-119.23262290661744,46.81294334921202],[-119.23310646182499,46.81293390858699],[-119.23381882119888,46.81284026275384],[-119.23544913682139,46.812476167962714],[-119.2376530732763,46.811941352338515],[-119.23960938264828,46.8115043721309],[-119.2414490638954,46.81105635129822],[-119.24318297014271,46.810682427340545],[-119.24325595243425,46.810666685673866],[-119.24348267326724,46.810617791923946],[-119.24492054826499,46.81028391484116],[-119.24591798680513,46.81006498879985],[-119.24603176701328,46.81004306692489],[-119.24660928159574,46.80993180546661],[-119.24757411284423,46.80985969296683],[-119.24803884826014,46.80986385025844],[-119.2482814232598,46.80983458880014],[-119.24882850034226,46.80976859088353],[-119.24926890971659,46.80965361380045],[-119.24949601284122,46.80952953984228],[-119.2495479430495,46.809382327342526],[-119.24949707638291,46.80909094817632],[-119.24950699825791,46.808864823176634],[-119.2496523076327,46.80863603567704],[-119.24999101492381,46.80840344609398],[-119.25043140867315,46.80828846276081],[-119.2507796732559,46.80822722213598],[-119.25102707742218,46.808183714844304],[-119.2512796086718,46.808205323177695],[-119.25136057846333,46.80825405755255],[-119.25155758054638,46.80837262421914],[-119.25175486283774,46.80846177109395],[-119.25204496804561,46.808456059635645],[-119.25245000554499,46.80842150546906],[-119.25319872950219,46.80827386171923],[-119.25400491283428,46.80811179296948],[-119.25479119824968,46.80793681588637],[-119.25506977741594,46.807871382553195],[-119.25529299616558,46.80776936067828],[-119.25555878887349,46.80761456901192],[-119.2556061669984,46.8074453888038],[-119.25560330033177,46.80737689922064],[-119.25565197845667,46.80723885234591],[-119.25575298262316,46.80704991901276],[-119.25591229824795,46.80695330963796],[-119.25631488262229,46.806814510679814],[-119.25666752845513,46.80684467213814],[-119.2569297753297,46.807194955470976],[-119.25723543053756,46.807992765886354],[-119.25750135762048,46.80807759401118],[-119.25802920345296,46.8080231252613],[-119.25906924199303,46.80794544505303],[-119.26012494615804,46.807888270053205],[-119.2602279742829,46.807882688803154],[-119.26098167740675,46.807854505469855],[-119.26115767428149,46.807796577344966],[-119.26132534198956,46.807741392970065],[-119.26151595761422,46.80767117422017],[-119.26195743469691,46.807582706512065],[-119.26238123886293,46.80753445651207],[-119.26249449094604,46.80746576797051],[-119.26275689094565,46.807261227345826],[-119.26291312115377,46.80683285547148],[-119.26311025552843,46.80645683568038],[-119.26329696386149,46.80629366484735],[-119.26377598886074,46.806177865889126],[-119.26447387740131,46.806203922139126],[-119.26510761490033,46.806085055472685],[-119.26562531281621,46.80596848359789],[-119.26604742739887,46.8058803846396],[-119.26630925031515,46.805662557556595],[-119.26676334198112,46.80541434193206],[-119.26729981073028,46.80528410130726],[-119.26764400447973,46.80518424714072],[-119.26788759406271,46.804993359641],[-119.26819143052057,46.80485443568291],[-119.26857262322831,46.804713976308086],[-119.26893112010276,46.804494226308464],[-119.26942107426864,46.80417883776721],[-119.26973418468481,46.803800506517895],[-119.2697919815597,46.80333421068524],[-119.26983546593463,46.80298780651908],[-119.26986408364297,46.80274801693617],[-119.27004908364269,46.80254499610314],[-119.27044679614204,46.80233775443674],[-119.27091291384964,46.8019165138124],[-119.27114809093264,46.801526434646384],[-119.27143456593218,46.800975855480516],[-119.27170729093177,46.800558450272874],[-119.2720982711395,46.800191853398395],[-119.27255341072213,46.79997017423208],[-119.27277706384679,46.79976638048244],[-119.2728062273884,46.79953987214948],[-119.27264258051368,46.79933048048308],[-119.2723276003058,46.79920383777504],[-119.27183299926492,46.79894786173374],[-119.27147040134878,46.798609523192574],[-119.27130955864074,46.79846652631781],[-119.27130340968239,46.79832045756802],[-119.27152258676539,46.79801043361021],[-119.27204107634793,46.797455248194396],[-119.27341735759575,46.79659063361236],[-119.27424742113614,46.796082403404846],[-119.27467926384384,46.79576814715525],[-119.27516070759305,46.79525355236442],[-119.27518545238468,46.7952540596561],[-119.27581922530038,46.79526703465609],[-119.27701857113188,46.79525645653116],[-119.27943715862807,46.79524816069779],[-119.28016347946034,46.7950343346565],[-119.2812198586253,46.79438864299076],[-119.28252587841494,46.79369808986683],[-119.28299519820592,46.793356474242394],[-119.28335940966367,46.7928176023683],[-119.28333637112205,46.792273171119064],[-119.2830648013308,46.791800151328125],[-119.28264137737314,46.79139660862042],[-119.28197023049917,46.790625886746625],[-119.2810724075839,46.78952743153999],[-119.28100424300068,46.788372557583415],[-119.28110053362553,46.78698847321061],[-119.28141267008336,46.78612722842032],[-119.28146441070828,46.785984462795525],[-119.28149182320824,46.7859124315456],[-119.2816733773746,46.78543540446294],[-119.28170987424954,46.785385154463064],[-119.28194763362423,46.78505781071361],[-119.28217479924882,46.78448180654787],[-119.2822403346654,46.784201409673244],[-119.28233273883193,46.78364138363249],[-119.2823133284153,46.7827247565506],[-119.28239032945686,46.78225806905134],[-119.2826743502897,46.781654350302254],[-119.28275134612295,46.78118766071959],[-119.28270337945634,46.780510826345704],[-119.28279858258121,46.780017194054814],[-119.28296131799759,46.77974814613849],[-119.2832439617472,46.77956973363876],[-119.28342209195523,46.77920734509771],[-119.28370776903813,46.778643459681945],[-119.28379430445466,46.778402510723886],[-119.28387634403786,46.778055332599465],[-119.28399647945436,46.77769410239172],[-119.28440261070368,46.777234129475744],[-119.28458616278674,46.77686915551798],[-119.284652917995,46.77657381281009],[-119.2846929096616,46.77619883572733],[-119.28470418049494,46.77609316697747],[-119.2848501721614,46.775468301353484],[-119.284886045078,46.77531476177038],[-119.28538827424389,46.774493062813384],[-119.28575345340994,46.77423980656379],[-119.28632908257572,46.773883957605996],[-119.28694411903314,46.773613406564735],[-119.2881946586145,46.77301079094063],[-119.288949422155,46.77251493989972],[-119.28901840340491,46.77249033364976],[-119.28962166277893,46.77211942740034],[-119.2903772742361,46.771692309692696],[-119.29097657111022,46.77122844615177],[-119.29174303256735,46.77060174719433],[-119.29239295756635,46.76996409198705],[-119.29288882423221,46.769342808654635],[-119.29333741798155,46.76897498469689],[-119.29352164818955,46.76875864928064],[-119.29380532943912,46.76860676907243],[-119.29404922527209,46.768429106572796],[-119.29413618152195,46.768210495114786],[-119.29468287006279,46.768338032614615],[-119.29505981277049,46.76844925657271],[-119.29606461901898,46.76865580136401],[-119.296261267977,46.768670756572405],[-119.29694947422593,46.7687230930307],[-119.29773614505804,46.768664763864045],[-119.29869107109825,46.76856052115583],[-119.29938226172216,46.76844030969775],[-119.30026764401242,46.76815670553154],[-119.30061779922022,46.768022079490066],[-119.30111576276113,46.76772499615714],[-119.301831972135,46.76746604928254],[-119.30252042213391,46.76728208157458],[-119.30311928359133,46.76717433574137],[-119.30372040338206,46.76711970240815],[-119.30468254192226,46.76718537740803],[-119.30505333254668,46.76728583469954],[-119.30577833775385,46.76748225449083],[-119.30648719191942,46.767776296157095],[-119.30711009921016,46.76823154511467],[-119.30783304191739,46.76885488469706],[-119.30878289608256,46.76971817948744],[-119.30959591587295,46.77027589615327],[-119.31022843149697,46.77059271906939],[-119.31085686378765,46.770813930527346],[-119.31140890545343,46.77105794719361],[-119.31206553982749,46.7712147888601],[-119.31282830232625,46.77148834406806],[-119.31285132628454,46.7714966013597],[-119.31382356586641,46.771795902400875],[-119.31397724294948,46.77183613052576],[-119.31465301794844,46.77201302531714],[-119.31523555544754,46.77224577427516],[-119.31581992315495,46.7725210096914],[-119.31646431586228,46.77275250135765],[-119.3170614189864,46.77296368052401],[-119.31788182627673,46.77332981281514],[-119.31881321169196,46.773757483647806],[-119.31938534398273,46.774107374272305],[-119.3198656293987,46.77443728052169],[-119.31991155439863,46.774468826355054],[-119.32022460023143,46.77460797010483],[-119.3203690773146,46.77467218572977],[-119.32071699918903,46.774845874271136],[-119.32096034293863,46.77510673989573],[-119.3211173116884,46.7755182055201],[-119.32128609189648,46.77584437531121],[-119.32154490439609,46.77610492322754],[-119.32191652418715,46.77646950239358],[-119.32230269918652,46.77681252218473],[-119.322452372103,46.777054019059364],[-119.32265391793601,46.777422050308765],[-119.32280176481078,46.77762105864179],[-119.32311878772698,46.77779536489151],[-119.32379785751755,46.77811116593275],[-119.32445199397489,46.77828822322408],[-119.3244555273082,46.77828917843245],[-119.3251409231405,46.778392203432304],[-119.32562301897308,46.77844619614056],[-119.32572432938959,46.77845798468219],[-119.32608965022233,46.77850049926542],[-119.32676371167962,46.7786994315568],[-119.32781209188636,46.778965168014764],[-119.32839590646877,46.77907118988956],[-119.32865442521836,46.779118135722804],[-119.32938485438387,46.77918832009771],[-119.33045363563224,46.77920907947269],[-119.33166021063039,46.77919512218101],[-119.33218687000452,46.779205650306],[-119.33221269187955,46.77921123676435],[-119.33254618979565,46.779283380514194],[-119.33316072416972,46.779536649263804],[-119.33376255958547,46.779853965929945],[-119.33430392520961,46.78020440967946],[-119.33467060541739,46.78045209509579],[-119.33515961999996,46.780665388845414],[-119.33595606479037,46.78082987113679],[-119.33694894395552,46.78088401488676],[-119.33816015124528,46.78097621592828],[-119.33930996999351,46.78108029301148],[-119.34010270645058,46.7812765357195],[-119.34012966374223,46.781283207594484],[-119.34042077103346,46.78135526801099],[-119.34117546165726,46.78162688988564],[-119.34175959394804,46.78189136696856],[-119.34263846790496,46.7821710690514],[-119.34292717832119,46.78228429300964],[-119.3429922251961,46.782309802384596],[-119.34377215019494,46.78261565655072],[-119.34520289810935,46.783128566966575],[-119.34628838144101,46.783531591965975],[-119.34736510539767,46.78373277425732],[-119.34744690331424,46.78374678259063],[-119.34786411581355,46.783818221132215],[-119.34821771685466,46.783827138840536],[-119.34832896477114,46.78382994300711],[-119.3487185814372,46.78387935134035],[-119.35120510539166,46.784569604464345],[-119.35212115018192,46.78473365550577],[-119.35231675747332,46.784768685714],[-119.35234538663993,46.78477459196405],[-119.35330073872176,46.78497172008869],[-119.35419425747041,46.78522976696332],[-119.35477617726116,46.78544106383801],[-119.35543866684345,46.78572512112926],[-119.35637920121701,46.78609313467038],[-119.35652520330012,46.78614928987852],[-119.35710157413259,46.78623310133678],[-119.35772062829824,46.78623097737845],[-119.35818456163086,46.78630308987835],[-119.35820374808918,46.786306076336636],[-119.35858093767189,46.78643651279476],[-119.3588821960048,46.78660041696117],[-119.35936531996236,46.78667550758609],[-119.36041739391908,46.78666443571109],[-119.3608807647517,46.786733922169304],[-119.36109577725136,46.78676616279431],[-119.36110295745966,46.7867672409193],[-119.36209165641647,46.78707642112719],[-119.3627500178738,46.787264833626885],[-119.36301710849837,46.7873550055017],[-119.36303208037334,46.787363188835016],[-119.36312338662323,46.787413101334955],[-119.36342943245603,46.78758039300139],[-119.36384455120543,46.78786951279259],[-119.36421850120485,46.78802495654231],[-119.36438060537125,46.78809233987555],[-119.36475456162067,46.7881484013338],[-119.36508436370349,46.788169818000355],[-119.36525131057824,46.78818065862542],[-119.36571899078581,46.78825604404193],[-119.36585136474396,46.78829813362526],[-119.36606434911863,46.78836585445843],[-119.36665100432606,46.78868331174966],[-119.36676218349254,46.788735408624575],[-119.36752023765804,46.78909060758236],[-119.36859473557303,46.78958933466496],[-119.36920395328042,46.7897149346647],[-119.36998464390423,46.78973447216468],[-119.37036620640363,46.78974401799799],[-119.37132550744376,46.7897587888313],[-119.37154345744348,46.789762145081276],[-119.37231706994226,46.78978488258125],[-119.3730496918161,46.789869124247765],[-119.37386418348153,46.79008612945581],[-119.37434922723077,46.79020364820559],[-119.37459088348037,46.790225083622275],[-119.37473773973016,46.790238110705566],[-119.37541589181247,46.790170869038995],[-119.37585046889514,46.79010722424746],[-119.37589286472836,46.79010101383081],[-119.37609263868637,46.79007175758074],[-119.37680078139363,46.789982621122604],[-119.3773556709761,46.789928561747686],[-119.37772048868385,46.78979675653964],[-119.37790072930859,46.789651431539816],[-119.37811773139157,46.78930669091534],[-119.37819496784982,46.78919953674883],[-119.37835113139126,46.78898287737413],[-119.37861311993247,46.78860530862481],[-119.37914316159834,46.78833911383348],[-119.37975661263903,46.7882094013337],[-119.3808963397206,46.7880793627922],[-119.38196623659395,46.7881208825838],[-119.38276123867603,46.78817316487544],[-119.3833168501335,46.78820970133371],[-119.38475087304795,46.78808412529225],[-119.38502512304751,46.788058497167285],[-119.38533666158871,46.78802938362565],[-119.38561737721331,46.788076689875595],[-119.38575844075473,46.78811627633389],[-119.38598105533772,46.78824984820865],[-119.3862327230457,46.78834028779187],[-119.38663982617004,46.78839034195846],[-119.38682415116972,46.78841300550002],[-119.38751866887702,46.78836661383348],[-119.38811021470941,46.78832229404184],[-119.38830550220912,46.78830766175019],[-119.39008209283134,46.7882280263337],[-119.39065872720545,46.788204306542085],[-119.39113276678808,46.78818480133374],[-119.39198569074507,46.788220130500356],[-119.3923010022029,46.788192324250396],[-119.39261786678577,46.788164381542124],[-119.39296092303522,46.78822099612534],[-119.39296100116024,46.78857185341647],[-119.39300794699348,46.78893236279093],[-119.39320812928486,46.78925777008207],[-119.39338437303456,46.78939229820689],[-119.39376213240901,46.78953324299829],[-119.39420034594997,46.7896410242482],[-119.39443899178292,46.789694451331414],[-119.39459121990768,46.789728531539716],[-119.39493428761553,46.78978514091462],[-119.39519530949006,46.78973714820637],[-119.39534477719819,46.789617065914896],[-119.39547312094801,46.78936983987355],[-119.39578704178082,46.789118727373946],[-119.3960278813638,46.78896483258251],[-119.39653256782135,46.78882667633279],[-119.39713287407041,46.7887503044579],[-119.39774722615279,46.78864173987469],[-119.39822380636035,46.78856795654147],[-119.39896329177589,46.788488656541645],[-119.39948862615006,46.78846700654167],[-119.3998930751078,46.78851168258325],[-119.40012693969078,46.78854930445816],[-119.40046716677357,46.78854216487486],[-119.40083643448132,46.7884918867499],[-119.40139600635545,46.78854393258322],[-119.40149285323031,46.78855627841651],[-119.40175406260488,46.78858957424978],[-119.40218755427088,46.788591105499826],[-119.40250016052039,46.78865896591636],[-119.40261684177023,46.788699550291255],[-119.40284606676988,46.78877928362445],[-119.40318676676935,46.7887827586245],[-119.40344777926897,46.788734745082905],[-119.40364645843528,46.788677411749674],[-119.40391678135154,46.788490984666645],[-119.40441718343408,46.788257190916944],[-119.40463098864211,46.78820874508372],[-119.40483094593344,46.788163438833806],[-119.4054036136409,46.7881620284171],[-119.40574573551538,46.788197360708736],[-119.40619894905633,46.78829414925022],[-119.40660813655569,46.78844502425003],[-119.40673379801383,46.78846684820836],[-119.40693574176352,46.78850192216659],[-119.40764807197075,46.788508195083246],[-119.4082052782199,46.788507098208235],[-119.40874417509406,46.788442590916716],[-119.40923240946829,46.78828345966688],[-119.40960906780106,46.78805225133392],[-119.40995526675884,46.78783231591763],[-119.41025886675835,46.78769833466789],[-119.41053533238296,46.787649981542934],[-119.4108127427992,46.787622869042934],[-119.41112061050707,46.7875844836264],[-119.41144061883989,46.78747141800158],[-119.41186053654752,46.78751572425146],[-119.41209036675554,46.787532581543076],[-119.41231090217184,46.78754875654307],[-119.41259211362974,46.78760661800123],[-119.41305984904568,46.7876818086262],[-119.41391562300271,46.787780704459294],[-119.41488345320955,46.78796228570911],[-119.4154187594587,46.78816362529212],[-119.41565833654165,46.78832867945856],[-119.41578085529146,46.788645053416374],[-119.41582652612469,46.788973685707504],[-119.41598948862446,46.7895018482067],[-119.41616816466585,46.78968945133143],[-119.41676558549824,46.79024033049725],[-119.41713888966433,46.79062583153832],[-119.41762045737194,46.791009040912655],[-119.41825859070428,46.79143146591202],[-119.41881083757842,46.79166432841169],[-119.41892235945322,46.79170257945326],[-119.41892970945327,46.79170510236998],[-119.4192196094528,46.79180453361975],[-119.41983739070184,46.79202000028611],[-119.4198440969518,46.79202233882784],[-119.4200531063265,46.79209523257763],[-119.42068078549222,46.79228396174402],[-119.42073325111711,46.79228830341073],[-119.42146964174093,46.79234925653556],[-119.42190830215696,46.792385563827274],[-119.42350556673779,46.79244742216046],[-119.42412658444518,46.792487422160384],[-119.42498484069387,46.79263934299347],[-119.42557922610958,46.79277558986838],[-119.4256357761095,46.792779669034964],[-119.42592090735904,46.7928002419516],[-119.42608170631712,46.79277340757661],[-119.4265047875665,46.79270280028502],[-119.42697849277408,46.792565164868634],[-119.42740866777342,46.7924922450771],[-119.42804228548079,46.79246816382708],[-119.42909491047915,46.79246708049384],[-119.4301427511025,46.79235976591054],[-119.43104661047609,46.792149182577596],[-119.43200658130792,46.79180981278643],[-119.4325213917238,46.791554328411884],[-119.43367760109703,46.79110444924583],[-119.43407155005474,46.79091532320449],[-119.43450170005407,46.79084237528796],[-119.43510559380316,46.79079078882975],[-119.43516478338638,46.790785733621405],[-119.43538629276105,46.790827429454644],[-119.43577368026043,46.79090035341291],[-119.43594432088514,46.7909002711212],[-119.43612935213487,46.790900182579534],[-119.43628451046794,46.79090010549614],[-119.4369925500502,46.79081059820463],[-119.43746381254948,46.79061981070497],[-119.43788915734046,46.79044063258027],[-119.43828692817317,46.79033646799702],[-119.43868709692259,46.79028540653881],[-119.43910561150527,46.790297747163756],[-119.43922341046341,46.79032572737207],[-119.43976282504593,46.79045384612187],[-119.44020401150358,46.79062517945493],[-119.44047316150314,46.790757654454744],[-119.440540452128,46.79081402528798],[-119.4409588615024,46.79153387216186],[-119.4410918635855,46.79170320549497],[-119.44125675212695,46.791785773203195],[-119.44137693546008,46.79178695757816],[-119.44150474275155,46.791788219036505],[-119.44169609275123,46.79178413361986],[-119.44192615004255,46.791736694036544],[-119.44226350420873,46.79166569924503],[-119.44273908233295,46.79157048882846],[-119.44329198441545,46.791473622161995],[-119.44355296879002,46.791425519037006],[-119.44385728649786,46.7913785409122],[-119.44395266149775,46.791363819037194],[-119.44426292712224,46.79137845341208],[-119.44456061774679,46.79145715028692],[-119.44481142816305,46.79152621382849],[-119.44504918337105,46.79164871799501],[-119.44526847295401,46.79190870549463],[-119.44527821253735,46.791920257577914],[-119.44551404587031,46.79200027007784],[-119.4457929042032,46.79200493882778],[-119.44617375941095,46.79186921070305],[-119.446579607327,46.79173933778657],[-119.4466010114936,46.791732488828224],[-119.44711040211786,46.79170032632824],[-119.44743902607564,46.7917783544532],[-119.44772462920021,46.79193172424462],[-119.44802907086644,46.79215911382755],[-119.4483175729493,46.79237621486889],[-119.4490376604482,46.792552175285294],[-119.44986119169687,46.79261959716019],[-119.45080651565377,46.79264187632683],[-119.45147298127773,46.79265948986845],[-119.45210416981844,46.79258216903527],[-119.45285956356724,46.792512811743634],[-119.45343516460805,46.792574891951936],[-119.45405551252372,46.79270490236836],[-119.45426353231505,46.79274850028495],[-119.45592704272917,46.792904172159744],[-119.45685787501935,46.792947974242985],[-119.45772297710135,46.792908126326495],[-119.45819950314228,46.79283409403485],[-119.45838738855865,46.79285371278484],[-119.45879058230804,46.7928958148681],[-119.45959433022348,46.793208129450925],[-119.4603352583473,46.79350052840888],[-119.46099013126299,46.79363808257528],[-119.46106989376284,46.79365483674201],[-119.4619234145948,46.793700260700255],[-119.46270828751028,46.793598307575316],[-119.46335347917595,46.7934887263255],[-119.46418522709133,46.79339638778402],[-119.46423776250795,46.79340201799235],[-119.46525865833968,46.793511474242166],[-119.46583428229712,46.79357349195045],[-119.46605371563011,46.793632552367],[-119.46625962292143,46.79373443465846],[-119.46653079271266,46.79390933361652],[-119.46708034896182,46.794078227366235],[-119.46848247083466,46.794271253407615],[-119.46923656041685,46.794401774240775],[-119.46924709687516,46.79440359819913],[-119.46968305833282,46.794457977365674],[-119.47006629999885,46.79437527840752],[-119.47028904583186,46.79416845757448],[-119.47060691562302,46.79367251486691],[-119.4708861687476,46.79334752111742],[-119.47125723749701,46.792999275284586],[-119.4716196489548,46.792800066951614],[-119.4720328322875,46.79269545028506],[-119.47258812186993,46.792651551326806],[-119.47309652707747,46.79259803153529],[-119.47367933749325,46.792479107577066],[-119.47384324686799,46.7924183200772],[-119.47389243957629,46.792400073202145],[-119.47429258749231,46.79234888986898],[-119.47454641770024,46.79238827528551],[-119.4747135562417,46.79241420757718],[-119.47499193124123,46.792408185702214],[-119.47529441144911,46.79225278986914],[-119.47562392082358,46.79201175341109],[-119.4758238604066,46.79164593362002],[-119.47590349061484,46.791357140912154],[-119.47606677915621,46.7912047586207],[-119.47625583436427,46.791200665912385],[-119.47640700623901,46.791197392995805],[-119.4769057801966,46.791271649245616],[-119.47744543540409,46.79129993570396],[-119.47748674477901,46.79130841070386],[-119.47756669165392,46.79132480966224],[-119.47799955519493,46.79178275757817],[-119.478139119778,46.79185595549474],[-119.47849495206911,46.79204258153604],[-119.47851399894411,46.79205486382773],[-119.47855363956904,46.79209715549437],[-119.47892739269345,46.79248244507712],[-119.47939003435938,46.79278074924329],[-119.47965114790064,46.793072787784446],[-119.47977161040046,46.79333598049239],[-119.47992104894189,46.79355601382543],[-119.48014828539988,46.79365742736692],[-119.48028456664969,46.79371824715849],[-119.48091904998205,46.79383511070003],[-119.48095593227362,46.79384190444996],[-119.48156543643933,46.79396690028311],[-119.48160721977263,46.793972781533064],[-119.48221987706337,46.79405902007468],[-119.48250012081292,46.794110194032896],[-119.48268824060428,46.79414454507451],[-119.48320153956182,46.79419719403277],[-119.48362644268614,46.79434745236583],[-119.4841272103937,46.79446416382399],[-119.48450474685143,46.79459418049048],[-119.48491516872582,46.79476601069857],[-119.48530817289185,46.79489568986497],[-119.48559291872476,46.79502772007311],[-119.48592797914091,46.79524371382279],[-119.48637521664024,46.79554232423897],[-119.48676108747293,46.795852899238476],[-119.48711700934739,46.79618538882129],[-119.48750533747182,46.79654906902906],[-119.48770807288815,46.79691678257017],[-119.4878614770546,46.797221776319724],[-119.48809564372091,46.79759944090244],[-119.48819432080403,46.79772488048559],[-119.48845011351199,46.79790006173539],[-119.48867350621998,46.798044050276765],[-119.48905695830274,46.79830151069307],[-119.48943355101046,46.79841026902619],[-119.48982463017654,46.798497444026026],[-119.49026161975915,46.79857298777594],[-119.4904326926756,46.79862000860923],[-119.49051252080045,46.79864195027585],[-119.49076146246678,46.79866842527584],[-119.49105434892465,46.79864078360915],[-119.49152940309057,46.79853474715101],[-119.49216059475623,46.79845720548444],[-119.49242705100585,46.79848055965108],[-119.49254922600564,46.798491265901085],[-119.49283155308854,46.79857016902595],[-119.49313081871306,46.79868060131747],[-119.49366552600388,46.79886032319215],[-119.4943993405861,46.79899317215032],[-119.49496893225187,46.79916442006671],[-119.49505877287675,46.79919143256662],[-119.49541844266787,46.79926864298324],[-119.49583850412553,46.79931263881644],[-119.49591643537542,46.79932050027481],[-119.49629808954148,46.799358991941446],[-119.49644515724958,46.799373824233065],[-119.49669262599923,46.79936842423312],[-119.49701693849869,46.799350712774725],[-119.49737464474818,46.799385432566346],[-119.4973930009981,46.79938731173302],[-119.49805912183041,46.79945554194125],[-119.49866626766283,46.7995273377745],[-119.49922849057863,46.79963200964935],[-119.49985012286929,46.79968221694089],[-119.50025176974367,46.799662806524296],[-119.50082207703444,46.79960780964933],[-119.50170172182476,46.799546046107785],[-119.50208888432418,46.79954821069109],[-119.50230542182383,46.79954347214941],[-119.50280282703137,46.79958575027444],[-119.5029819405728,46.7995857992327],[-119.50328279265563,46.79958588048268],[-119.50360956973846,46.799621256524325],[-119.50426460307078,46.799723871107496],[-119.50468566244514,46.79978907735739],[-119.50509569473616,46.79995021277377],[-119.50551527598547,46.799983548190475],[-119.50595624577649,46.80014400339851],[-119.50631445619263,46.80018931485674],[-119.50658134160886,46.80026852319],[-119.50693889577495,46.80063281277275],[-119.50724116348283,46.80080693256421],[-119.50760431660728,46.80095845443891],[-119.5078592009819,46.80111234818868],[-119.50795891764841,46.80125901173007],[-119.50790495098181,46.80143030756316],[-119.50798821244001,46.80155606797961],[-119.50824359473125,46.801720582562766],[-119.50887810098028,46.80204689506221],[-119.50928915097967,46.8022292554786],[-119.51027675931147,46.8026507200613],[-119.51028437181145,46.80265396901959],[-119.51088203118555,46.80285349297767],[-119.51142834680968,46.802947821102514],[-119.51186243430897,46.80295955235247],[-119.51234492284993,46.80287472943589],[-119.51241531451647,46.802862353394254],[-119.51280398743249,46.802896342977576],[-119.51309935930709,46.80292175131087],[-119.51340623951495,46.80286184714427],[-119.51359234576466,46.80286839089428],[-119.51379738638936,46.802948942977494],[-119.51417009784707,46.80297264610241],[-119.51426785513861,46.803076819018955],[-119.51429743534686,46.803086175269016],[-119.51448786867992,46.80314640756048],[-119.51463532805468,46.803122762768865],[-119.51479524367944,46.8030971211023],[-119.5152438103454,46.80308725860226],[-119.51546539055342,46.803090531518926],[-119.5161114895107,46.80310007006059],[-119.51637295305198,46.80306242214392],[-119.5166439395099,46.80289698047757],[-119.51700425721765,46.80265514401961],[-119.51707755200925,46.80264083464461],[-119.51737250825876,46.80258324714474],[-119.51765191242498,46.80259836276966],[-119.51796671971618,46.802708387769485],[-119.51845514263209,46.80288901172759],[-119.5187026207567,46.80294410339415],[-119.51884629783984,46.802976088810794],[-119.5192983353391,46.803040558602305],[-119.52006874054626,46.80295979401917],[-119.52074038117019,46.802753615894495],[-119.52119348637785,46.80250972318652],[-119.52152681971064,46.80235352735345],[-119.52182722908519,46.802155524228766],[-119.52236063950102,46.80197364818732],[-119.5224951957508,46.80197068152063],[-119.52259265095898,46.80196853360403],[-119.52287354679191,46.802015498187316],[-119.52322028741635,46.80214606797876],[-119.52363039054075,46.80230713464518],[-119.52431543012301,46.802387707561735],[-119.5250438915802,46.80240352422833],[-119.52561917178764,46.802454616936565],[-119.52650529366127,46.802530737769835],[-119.52693245199397,46.802527821103155],[-119.52720182803517,46.80252598047814],[-119.52737986345157,46.80249465651984],[-119.52775467178436,46.802428709644964],[-119.52848914261654,46.80224236068691],[-119.52875059157445,46.80220468568702],[-119.52913053532389,46.8023648690201],[-119.52997497907256,46.8025603669364],[-119.53088106032112,46.802731700269504],[-119.53182107281971,46.802966067977486],[-119.5322102530274,46.80301061485238],[-119.53259694261016,46.80300205235246],[-119.5331243332343,46.80302227110237],[-119.53354295510867,46.803034262769025],[-119.5337021988584,46.80305113672736],[-119.53404090927454,46.803087024227274],[-119.53433107073242,46.80310542735229],[-119.5345378655238,46.80311854401889],[-119.53492755093987,46.80317370026884],[-119.53536912802252,46.80334465964355],[-119.5358107092718,46.80351561485166],[-119.5365007769791,46.803702326309626],[-119.53726768739456,46.80387669610105],[-119.53804756864331,46.80399761172584],[-119.53897266655854,46.80424288255883],[-119.53956394468266,46.804304182558745],[-119.54107678530534,46.80420679297554],[-119.54175736447093,46.80419167005892],[-119.54250243842807,46.80431610547537],[-119.5426001332196,46.80433242005872],[-119.54267748634449,46.804339514850284],[-119.54297336551072,46.80436665235026],[-119.54325428842691,46.80441356693355],[-119.54338354051009,46.804527646099984],[-119.54351429675984,46.804673587766544],[-119.54423684050874,46.80489142630782],[-119.54466525509139,46.80501659193257],[-119.54467645925808,46.805019864849235],[-119.54505169779914,46.80509657422408],[-119.54536406342368,46.80515341484906],[-119.54641345925536,46.80540649401541],[-119.54696136133782,46.80553251380685],[-119.54704521237936,46.8055420981818],[-119.5472727290457,46.80556810651513],[-119.54821126237756,46.805440880473604],[-119.5486243821686,46.80533598776544],[-119.54926700716759,46.80517281589072],[-119.54963623008369,46.80512205859917],[-119.55000337799981,46.80516955443233],[-119.55005687904138,46.80517647422399],[-119.55040570924916,46.80534944297376],[-119.55102001549824,46.80556965234845],[-119.55141726758093,46.80578406588979],[-119.55206251757994,46.806003578389436],[-119.55247524362096,46.806217645055746],[-119.55306064153672,46.80648101276369],[-119.55326575299472,46.80656149297186],[-119.5536405113275,46.8066275513051],[-119.55406117486847,46.80668195338842],[-119.55444737903458,46.80666269609676],[-119.55470910299248,46.806731276304944],[-119.55506963320028,46.80672322213829],[-119.55553167174122,46.806670372138406],[-119.55595032174057,46.806682283596714],[-119.5563824238232,46.80665136172173],[-119.55710741861377,46.80659262630519],[-119.55778449465436,46.8065030627636],[-119.5582041540287,46.806536207555254],[-119.55881784361111,46.806416159638786],[-119.55911224152732,46.80642020547219],[-119.55943808215183,46.80643417943044],[-119.55996450402597,46.806433029430444],[-119.56066158110826,46.80643868984712],[-119.56114159777415,46.80643857630547],[-119.56143246444037,46.80636826901386],[-119.5617667008982,46.80623702005574],[-119.56194929777291,46.80616531588914],[-119.56229060506405,46.806178934639135],[-119.56278659256328,46.80618908880578],[-119.56343827068724,46.80621701276411],[-119.56356722381207,46.80623279505576],[-119.56395225297814,46.80627991797236],[-119.56429406443596,46.806304151305625],[-119.56445663631071,46.80614102422252],[-119.56489662485166,46.80595041276446],[-119.56514461547631,46.805955484639476],[-119.56550341130908,46.80601123151435],[-119.56586119568351,46.80604573359766],[-119.5664794092242,46.80602123255605],[-119.56705121755664,46.80599776901442],[-119.56782613318046,46.80601226901439],[-119.56818543734659,46.80607862838928],[-119.56860964776257,46.806207320055776],[-119.56907824255354,46.80629248568062],[-119.56947838734453,46.80624096901403],[-119.56966096755264,46.806173073180844],[-119.56985597484396,46.806041106514364],[-119.57011184359358,46.805886508597986],[-119.57077038109254,46.80573349297316],[-119.57158815192463,46.80567258047327],[-119.57176777379937,46.80567733984824],[-119.57223931963195,46.80568983463991],[-119.57264300296464,46.80571265338991],[-119.57292192796422,46.805717010681484],[-119.57342348629675,46.805843946098],[-119.57378279462957,46.805910285681286],[-119.5742714258788,46.806090667972654],[-119.57503061962763,46.80642443880547],[-119.57548680191854,46.806573652346856],[-119.57600891233443,46.80680643255486],[-119.57669027900005,46.807131314845954],[-119.57675500608326,46.807145461721056],[-119.57717537691592,46.80723733880417],[-119.57782554878992,46.80723332109585],[-119.5781633092061,46.80717254817926],[-119.57843615191399,46.807049444012875],[-119.57857365608044,46.80696119609627],[-119.57879672066343,46.80681803880479],[-119.5790421758714,46.806769976304935],[-119.57941645816248,46.80682532838809],[-119.57976793316193,46.80705131067949],[-119.58012296857805,46.807351633595616],[-119.58050295607745,46.80753424088709],[-119.58050335191082,46.80753443255369],[-119.580799284202,46.807570284637045],[-119.58131024253453,46.80756938672029],[-119.58154916649251,46.80757569713703],[-119.58174437170051,46.807580851303584],[-119.58240726024114,46.807842324219926],[-119.58328447482313,46.80837538671904],[-119.58365449669755,46.80866472838533],[-119.58417412065506,46.80884436900999],[-119.58471908419592,46.80890648046821],[-119.58515220502859,46.808896692968325],[-119.58527346023669,46.808931583593235],[-119.58552904981963,46.809005128384754],[-119.58579609356923,46.80908414921799],[-119.58630604669344,46.80906198775964],[-119.58703001440064,46.80898182317649],[-119.58755339669149,46.808916822134925],[-119.58807626960737,46.808841200260076],[-119.58835062377356,46.80874993463516],[-119.58870130085637,46.808635678385315],[-119.58894675398102,46.80858759192705],[-119.58928247168883,46.80848430442724],[-119.58955121127173,46.80827621067754],[-119.58974872897976,46.80819731276101],[-119.59015039564581,46.80817758671934],[-119.59084289564474,46.80808747734449],[-119.59127600918572,46.80807766484457],[-119.59206029460118,46.80796420442802],[-119.59250631960049,46.807900935678134],[-119.59299414980809,46.80774102734498],[-119.59345359980733,46.807634922136856],[-119.59391764251495,46.80762440026185],[-119.59421408938948,46.80767083776185],[-119.5944301320975,46.807655304428536],[-119.59468746959709,46.80753251380371],[-119.59532093522115,46.807432396095514],[-119.59539439980432,46.807420784637216],[-119.59574760709546,46.8073596085957],[-119.59587748522023,46.8074842492205],[-119.59606719459497,46.807564998178684],[-119.59665856021907,46.80762600130356],[-119.59708284667671,46.80775458567837],[-119.59768854146746,46.80811295651113],[-119.59817051021668,46.808184151302775],[-119.59825000396656,46.808195892969344],[-119.59849851646618,46.80821151171932],[-119.59884865604899,46.80808660442784],[-119.59931690604829,46.80784205546991],[-119.5996649904227,46.80767466380345],[-119.59982526542247,46.80762851588692],[-119.59998572271388,46.807582314845355],[-119.60021620813019,46.80754517942871],[-119.60060649250458,46.80761073151197],[-119.60118495708701,46.80772516380342],[-119.60166754041961,46.80777798046999],[-119.60200124875239,46.807833094011656],[-119.60212021333558,46.80785273984484],[-119.60246050916832,46.80784499817825],[-119.60304214458415,46.807704177345116],[-119.60359694249996,46.80764902005355],[-119.60399500708262,46.807554901303654],[-119.60448741541525,46.8074905315121],[-119.60477568208142,46.807426810678855],[-119.60491641437291,46.80739570234559],[-119.60585598103809,46.80742699817889],[-119.6059915393712,46.807431513803856],[-119.60662250082858,46.80745252422049],[-119.6071813987444,46.80748231588709],[-119.60746136124396,46.80750782838706],[-119.60777791020178,46.80764946380355],[-119.60821769040946,46.807777654428314],[-119.60866363936708,46.80803328776128],[-119.60905131540812,46.80836467421906],[-119.60950708624074,46.80850312734392],[-119.61010772998979,46.80875522838517],[-119.61032107894785,46.80883098046836],[-119.61050163207256,46.80889508671827],[-119.61073417061385,46.808900412759876],[-119.61080051957208,46.80888241588498],[-119.61094815498853,46.808842366926726],[-119.61171587269564,46.80902685025979],[-119.61334155915148,46.80934057942588],[-119.61420467581678,46.80957602734215],[-119.61436279144158,46.80959553671717],[-119.61464088102446,46.809629850258744],[-119.61550814352313,46.80963128671717],[-119.61597013310573,46.80957819400888],[-119.61644604664669,46.80949288255064],[-119.61651460706321,46.80948539817568],[-119.61669251018793,46.80946598046735],[-119.6170493122707,46.80947908046737],[-119.61748758206171,46.80957537317555],[-119.61794389976933,46.8097244106753],[-119.61850643518511,46.80982848880018],[-119.61991458414127,46.80981917317513],[-119.62002440393275,46.80983625755014],[-119.62106388518119,46.80987623567504],[-119.62169808934685,46.80986169921677],[-119.62224949351265,46.809819255466834],[-119.6232717299694,46.80974056171698],[-119.62432254350945,46.80969519192538],[-119.62528313204962,46.80970504505034],[-119.62601634871515,46.80981580025852],[-119.62603319454843,46.80981928463353],[-119.62708009663015,46.81003591275818],[-119.62768698308751,46.810096396091446],[-119.62812165183686,46.810118306508045],[-119.62854965496119,46.81032111379939],[-119.62894723933557,46.8105352523407],[-119.62961141954287,46.81081768567361],[-119.63007192579215,46.81105163671493],[-119.63047825391652,46.81112735025645],[-119.63076187162444,46.81122714817298],[-119.63122852370701,46.81126957421456],[-119.63175445808122,46.81125747421461],[-119.63231029245537,46.811223420048],[-119.63295686432934,46.81114474504811],[-119.63332499974545,46.81107247629814],[-119.63349771328684,46.81101494088169],[-119.63359928307834,46.81098110442335],[-119.6338632872446,46.8109962908817],[-119.63425414141068,46.81107584921487],[-119.63442638411875,46.811110908589804],[-119.63503173411783,46.81113949296474],[-119.63599130703301,46.81112801483982],[-119.636624997657,46.81110277629822],[-119.63709091015632,46.81102564608996],[-119.63714729244789,46.811016310673295],[-119.63750047265565,46.81095500546504],[-119.63791448515502,46.81087103359018],[-119.63821046640454,46.81090673463178],[-119.63894891952839,46.81112360754819],[-119.6394682195276,46.81129237317289],[-119.63985909556864,46.81136840754777],[-119.64019433619315,46.81157331379745],[-119.64068947056732,46.81188084713033],[-119.64099482265021,46.81210770650493],[-119.6411686205666,46.812178117963185],[-119.64151990077443,46.81220873879645],[-119.6416507570242,46.81222014504643],[-119.64176347473237,46.81220870442144],[-119.64232878202314,46.8121513221299],[-119.64287799868897,46.812298115879635],[-119.64352888514628,46.81262330546252],[-119.6441994143119,46.813033090878484],[-119.64456822576967,46.81329037108646],[-119.6449638122274,46.81346197108609],[-119.64533998826847,46.81355444712771],[-119.64587300910097,46.81368548046086],[-119.64624096535039,46.81373966483573],[-119.64674658409963,46.813814121085656],[-119.64721952576555,46.81398392108538],[-119.64780127680632,46.81416183566842],[-119.64824693930564,46.814406689834705],[-119.64853112680521,46.81451706379287],[-119.64901388617943,46.81459243045942],[-119.64912418305427,46.814609650251036],[-119.64991520909473,46.81463385545939],[-119.6507552590934,46.8147100804593],[-119.65123428825933,46.814688346084296],[-119.65141574138403,46.814599082542784],[-119.65137540075911,46.814408637751384],[-119.65130098930086,46.81415518983508],[-119.65130235700921,46.81386809087718],[-119.65140071534239,46.81366379816923],[-119.6518113882584,46.81319709296161],[-119.652503104924,46.8127770335872],[-119.65295776221502,46.81257510754591],[-119.65371290596381,46.81218546483811],[-119.65437021533779,46.81201072942177],[-119.65495436117021,46.81192274817193],[-119.6552451257531,46.81185220338033],[-119.65588068096042,46.81155037942254],[-119.65630333200146,46.81132792004775],[-119.65653722054275,46.81104605129826],[-119.65685554033395,46.810592105465616],[-119.65723125283337,46.810360102341015],[-119.65753065699954,46.81028915546611],[-119.65762923720776,46.810265798174484],[-119.65798657262383,46.81028939088277],[-119.6588354632475,46.81054609713235],[-119.65965185387125,46.81082068046526],[-119.6606158559531,46.81116389088146],[-119.66103375595249,46.81147313463092],[-119.6614666049101,46.811771397130435],[-119.66167293720143,46.811872916922],[-119.66207429657582,46.811939261713576],[-119.66245003303358,46.81192925546352],[-119.66315948407413,46.81187020963034],[-119.66370087886497,46.811857603380346],[-119.6642705882391,46.811791172130384],[-119.66492838094639,46.811626999214035],[-119.66569549657022,46.81148153567261],[-119.66586222156997,46.811462894006006],[-119.66629613406928,46.81141437421432],[-119.66666031115204,46.811575999214035],[-119.66721040281789,46.81205225338],[-119.66776312885867,46.81258160442088],[-119.66814331219143,46.81275348358734],[-119.66833203927443,46.812874536712116],[-119.6683832267744,46.812907372128684],[-119.66882055489869,46.8129822242119],[-119.66975340802225,46.813056142961756],[-119.67031291322974,46.81309624192012],[-119.67063354968752,46.813003698170235],[-119.67088809656214,46.812827639837224],[-119.67119978406168,46.81255455546261],[-119.67163416218595,46.81225734192138],[-119.67213251531024,46.812001159630135],[-119.67249217468463,46.81175884817209],[-119.67276744551761,46.811688623172245],[-119.67305607572548,46.81157555650578],[-119.67332397260003,46.81135665129781],[-119.67352578093308,46.81105423150665],[-119.67374219759938,46.81042187525757],[-119.67402996218226,46.80997922838325],[-119.67459877051472,46.80958316900886],[-119.67516317051383,46.80941048671743],[-119.67560751426316,46.80931503567588],[-119.6758316215545,46.80915030859289],[-119.67593251634598,46.808999097134716],[-119.67622499759553,46.80865202526028],[-119.67686039030288,46.808350086719045],[-119.6776189882184,46.80803462838634],[-119.67876847363324,46.80779506692833],[-119.6801371246728,46.80760352109521],[-119.68157993300387,46.807346426304],[-119.6840712996667,46.807000919012886],[-119.68704948403706,46.80671845026332],[-119.68719993716184,46.806704176305026],[-119.6876219402862,46.80668105547165],[-119.68889862153418,46.80661109297188],[-119.6897119954913,46.806464381513756],[-119.69035417465695,46.806300428389],[-119.69140705278029,46.80598858568114],[-119.69261723090341,46.8057261929732],[-119.69358208611027,46.805703474223236],[-119.69512277152457,46.80566718047322],[-119.69690529339677,46.805625162765025],[-119.69798402777009,46.80559972109837],[-119.69806421214497,46.805592360681686],[-119.6993866663096,46.80547093464026],[-119.69997564755869,46.805382701307046],[-119.70166129130605,46.80513015755753],[-119.70326443297022,46.804985955474294],[-119.7053102163004,46.80471430755806],[-119.7067453433815,46.804616559641566],[-119.70779968504655,46.80464476380821],[-119.70894468816978,46.80462828151657],[-119.71046779545907,46.804432712766854],[-119.71131093504107,46.80426387735041],[-119.71273691420555,46.8039350179759],[-119.7127497485805,46.80393205755928],[-119.71328589232968,46.80377095443456],[-119.71378697357892,46.80362037943482],[-119.71471112253579,46.80321568776868],[-119.71545185378464,46.80316620756045],[-119.7156280037844,46.803195851310406],[-119.71606088295037,46.803268701310344],[-119.71645505169978,46.803716525267994],[-119.71661992044949,46.80422295651719],[-119.71736504961503,46.80487508568292],[-119.7181757506554,46.80529174193222],[-119.71874843190454,46.805534676306856],[-119.71893524648753,46.80561392005673],[-119.71905956107071,46.80566518047331],[-119.72050738919346,46.80626217838903],[-119.72069054335986,46.80633769922222],[-119.72154868606687,46.80646613463869],[-119.72272357773168,46.806427538805444],[-119.72508872147802,46.80604160963935],[-119.72777861209887,46.80564788776499],[-119.72914486209676,46.80541328359868],[-119.73281372250766,46.80478343151633],[-119.73441513708856,46.80460693672484],[-119.73829085583252,46.80408892005911],[-119.74124811624459,46.80347583464338],[-119.74283507353381,46.80332083047691],[-119.7445335193645,46.80322692526877],[-119.74622817040354,46.80305865964399],[-119.74872968810796,46.802924139852536],[-119.74908141623246,46.80289477735263],[-119.74916773706566,46.80288757006093],[-119.7496239360233,46.802849482561015],[-119.75079980164645,46.80283183776936],[-119.75253647456042,46.80257740964477],[-119.75356609955885,46.802425037770014],[-119.75535185163939,46.802222546103664],[-119.75647587559598,46.8020997721455],[-119.75794554017706,46.80207497318716],[-119.75943906829968,46.80191135964572],[-119.76042063392316,46.80172818881267],[-119.76138237975505,46.801460430479736],[-119.76204135892067,46.80132756173005],[-119.76357711725161,46.800780113814206],[-119.76503171412435,46.800160182565165],[-119.76582849849812,46.79991865131551],[-119.76617515891422,46.799813562773984],[-119.76737935370404,46.799444200274614],[-119.76834047453589,46.7991657648584],[-119.76851777036893,46.79909123465018],[-119.76938417036757,46.79872702110906],[-119.76951317765905,46.7986727877758],[-119.76962869328389,46.798624225275915],[-119.77038680786603,46.798357956526296],[-119.77057159744908,46.798293052359675],[-119.77148065265601,46.798207232568195],[-119.77159880161416,46.79824054402655],[-119.77163977036413,46.798252092984754],[-119.77214047348834,46.79839325548454],[-119.77297022036203,46.798872856525456],[-119.77392351723556,46.799647158607605],[-119.77424299744335,46.800139125273496],[-119.77443440369308,46.80054914089786],[-119.77455067556794,46.80100350652216],[-119.77455214848459,46.80133307214667],[-119.77462711619279,46.801586427354614],[-119.77483399431748,46.801996065895715],[-119.77486421202575,46.802282404436895],[-119.77495519327562,46.802546002353125],[-119.7750041547339,46.80289568047761],[-119.77504765265047,46.80313916485218],[-119.77504643494215,46.80331892526859],[-119.7750458495255,46.80340501693513],[-119.77498491931726,46.80372546276796],[-119.77500295369218,46.80407588985076],[-119.77508284535878,46.804424814850236],[-119.77522460056684,46.80477223984963],[-119.77528982140014,46.80484786068287],[-119.77542220473322,46.80500135443263],[-119.77549390369143,46.80519099505732],[-119.77555997764966,46.80557215234842],[-119.775577307858,46.80620966901405],[-119.77560190577464,46.80668752318004],[-119.77578974952435,46.8076292335952],[-119.77604290369062,46.808335450260834],[-119.77632207452349,46.80894534505155],[-119.77640198389838,46.80929426900924],[-119.77633668389849,46.8095297627589],[-119.77609578389882,46.809663197133744],[-119.77572346514944,46.80977107005024],[-119.77545494327482,46.809848867966785],[-119.77496548077562,46.80996706692487],[-119.77479972348421,46.81005614609149],[-119.77465380056776,46.810229802341254],[-119.77441289327646,46.81036323463258],[-119.77415706515188,46.81050765859078],[-119.77407027661032,46.81062671900721],[-119.77411213806857,46.81083834921523],[-119.77426117556838,46.81102611379822],[-119.77431563910994,46.81113393983978],[-119.77433014744327,46.811162659631364],[-119.77426537973503,46.811408773172644],[-119.77406414327699,46.81171135650556],[-119.7737668234858,46.811952477338515],[-119.77344802452798,46.81207716483835],[-119.77280222869564,46.81216725025482],[-119.77267653911247,46.81221690754647],[-119.77228617765472,46.81237113879622],[-119.771930797447,46.81268808775414],[-119.77191454432197,46.81272034400392],[-119.77162163807247,46.81330161796145],[-119.77128204015635,46.813926572127166],[-119.77093542036522,46.814413364834735],[-119.77035109224107,46.81509735233366],[-119.76964081932555,46.81574185754096],[-119.76933180578438,46.81605767524885],[-119.76922388286785,46.81636862316506],[-119.76926062870113,46.81678239087269],[-119.76957343599229,46.81744464712164],[-119.76990390474181,46.81814900441222],[-119.77015231099142,46.81846195441177],[-119.77046969432422,46.8189114544111],[-119.7709301266152,46.81943191066019],[-119.77130102661467,46.82001832940933],[-119.77152652348929,46.82078901899147],[-119.77152962140593,46.8211504387826],[-119.77156602244753,46.821255879407424],[-119.7718488484888,46.82133408253238],[-119.77245599327948,46.82139379399052],[-119.77299962036199,46.82142314294881],[-119.77351449640287,46.82149571586531],[-119.77409398390192,46.821619881490214],[-119.77437408181817,46.821644984615155],[-119.7747923141092,46.82164547107343],[-119.77522820265018,46.821688054406735],[-119.77560385369128,46.821763996073265],[-119.77591325056581,46.821756489823294],[-119.77642937764836,46.82155258044866],[-119.77681348702271,46.821507409615414],[-119.77699902348076,46.82148559086539],[-119.77752882660496,46.821547151281926],[-119.77818184014565,46.82159508253186],[-119.77902432556095,46.82171283461502],[-119.77965407139334,46.82191017628138],[-119.78008709743433,46.822197353364345],[-119.78037103285054,46.822296774197504],[-119.78079310680823,46.822371571072324],[-119.78117985368262,46.822362165864035],[-119.78162519326526,46.822287542947485],[-119.78188708701487,46.82225991065584],[-119.78212132763952,46.822296740864175],[-119.78234338805585,46.82239766065567],[-119.78266046409699,46.822538799197105],[-119.78305105367976,46.822603720030315],[-119.78357308076225,46.822814292946646],[-119.78380360472022,46.82285480023824],[-119.78410455055307,46.82290768044655],[-119.7844758286775,46.822898641904864],[-119.78470123596883,46.822855272113244],[-119.78498195159342,46.822801258571715],[-119.7854134651344,46.822758855446814],[-119.78586044950868,46.82271607211347],[-119.78630962867463,46.822715762738554],[-119.7866958276324,46.822695721071824],[-119.78737760575632,46.82270037211354],[-119.78784225158891,46.822699679405105],[-119.78821847658838,46.82278619711342],[-119.78837220783811,46.82285712836323],[-119.78885321200401,46.823079057529604],[-119.78940510575318,46.82326761065429],[-119.78988130471078,46.82348990440394],[-119.79014649637703,46.823525965862245],[-119.7905332505431,46.82351652940385],[-119.79122005679206,46.82331902211259],[-119.79164991929137,46.82324473773764],[-119.79210962033233,46.82314845752949],[-119.79264006408152,46.82292286169654],[-119.792735096373,46.82285918148822],[-119.79280472970623,46.822812517946616],[-119.79288709428943,46.82260849398866],[-119.79313742241409,46.82235784086402],[-119.79374300157978,46.82208787628109],[-119.79469087241165,46.82190823982311],[-119.7957851744933,46.8217688804483],[-119.7967393088668,46.82163830336518],[-119.79719214011612,46.82148244086541],[-119.7974187015741,46.821332108573955],[-119.79758091928215,46.82099566065782],[-119.79770773490698,46.820729793991596],[-119.79790866303166,46.82053718774184],[-119.79827091511441,46.820442526283685],[-119.79865907553051,46.820395488783696],[-119.79913584427976,46.82039990857541],[-119.79948275365423,46.82046113149195],[-119.7997705869871,46.820588149200105],[-119.79992522969519,46.820707703366594],[-119.8001445255282,46.82071842315834],[-119.80042345469441,46.820674054408315],[-119.80085368906875,46.82068497107498],[-119.80117859010994,46.82077353982486],[-119.80156980677602,46.82093556065785],[-119.80202271719196,46.821144799199296],[-119.80211939010843,46.821173381490894],[-119.80281771823235,46.82119879711587],[-119.8034403567731,46.821257963782365],[-119.80423150468853,46.82128109815739],[-119.80476188385434,46.821353150240654],[-119.80557347343644,46.82147146274043],[-119.80618562656048,46.82162656274016],[-119.80630863489364,46.8216474544068],[-119.80662319530978,46.82170088253169],[-119.80709942864239,46.82162540232345],[-119.80778835780796,46.821470270032066],[-119.80835961614041,46.82143498044882],[-119.8084007244737,46.821430887740455],[-119.80906843697268,46.8213644106572],[-119.81023306301249,46.821420859615515],[-119.81203999634305,46.82134457315728],[-119.8120413078014,46.82134451690734],[-119.81283824946684,46.82137240128228],[-119.81311200988307,46.82138198044886],[-119.81412582863146,46.821516523157015],[-119.81457554633914,46.821526721073624],[-119.81517884737985,46.82151187211537],[-119.81604456925349,46.82147992836544],[-119.81684897133563,46.82146011899042],[-119.81779758904246,46.821532441906996],[-119.81843960154146,46.82166547315672],[-119.81907661924879,46.82170293461507],[-119.81943685674827,46.821779113781524],[-119.81959745883131,46.82184789919816],[-119.81989565362255,46.82197561482301],[-119.82007063070557,46.82205055857289],[-119.82097239320422,46.82241107940564],[-119.82166250153648,46.822574805447005],[-119.82202274632755,46.82265097523854],[-119.82244177445195,46.82279750128],[-119.8224487650769,46.822799945030006],[-119.82249529216017,46.82279740440504],[-119.82280400882631,46.822780546071726],[-119.82282487340967,46.82277888044669],[-119.82318963382573,46.82274976169676],[-119.82347910361699,46.82265755961361],[-119.82375310257488,46.822565736697086],[-119.8239314994496,46.82242311378059],[-119.82432591403234,46.822264521072526],[-119.82489549840642,46.82219729398924],[-119.82540264423898,46.82212097211441],[-119.82578325153008,46.82199461378128],[-119.82601906402972,46.82176551065662],[-119.82656738069552,46.821595030448606],[-119.82661345152876,46.8215807064903],[-119.8272150744445,46.82153393774026],[-119.82776917756864,46.821467077323774],[-119.82814322131804,46.821510989823715],[-119.82846059006754,46.8215916491986],[-119.82867697340055,46.82164664190675],[-119.8291941421498,46.82176143461499],[-119.82973500569057,46.82173742419837],[-119.83010180360668,46.82164328982352],[-119.83049563589776,46.82147406065707],[-119.83069115360577,46.82136289815727],[-119.83090604527212,46.821325682532276],[-119.83107007027185,46.821204665865864],[-119.83116830985507,46.82101085440779],[-119.83114822860504,46.820628588783386],[-119.83103366089694,46.820216767950726],[-119.83101287339696,46.819526184618475],[-119.8310647056885,46.81933352003538],[-119.83136124422974,46.8190816377442],[-119.83165012235429,46.81897879399427],[-119.83250797443627,46.81879806691128],[-119.83343960255986,46.81869197628641],[-119.83346253901811,46.81868936482808],[-119.83394093693408,46.818656247119804],[-119.8344679723499,46.818664450244825],[-119.83501438693241,46.81874659711963],[-119.83586960568107,46.818810453369565],[-119.8360187358892,46.818798005452905],[-119.83659437547162,46.81874994920299],[-119.83721310151232,46.818734601286344],[-119.83738884213705,46.81883656482782],[-119.83783089630305,46.81899571482755],[-119.83823866505242,46.81909191795239],[-119.8387774473432,46.81932308774377],[-119.83916155359266,46.81955809503505],[-119.83951080880043,46.819719539826465],[-119.83980470984166,46.819712243993166],[-119.84044151088233,46.819451888785146],[-119.8416140942138,46.8190718950358],[-119.84210179629638,46.81892155649443],[-119.84280100879533,46.81867026795312],[-119.844302871293,46.818367120036896],[-119.84549983899944,46.81815659607886],[-119.8459554660821,46.817985775245745],[-119.84652866295617,46.81769507003796],[-119.847078532747,46.817256090872],[-119.84757718170454,46.81702039920567],[-119.84763485774614,46.81701598358069],[-119.84819419941194,46.816973138789066],[-119.84852426920311,46.81698167941405],[-119.84945043482668,46.817005637747314],[-119.85033152128364,46.816973051289004],[-119.85144574107358,46.81695590753905],[-119.85235775878051,46.816922532539174],[-119.85291458586295,46.81690864503918],[-119.85380072752821,46.81697159503903],[-119.85425153273587,46.817002872122394],[-119.85464428481862,46.81701681795568],[-119.85477911190172,46.81702160337233],[-119.85552905044223,46.817205483580395],[-119.85595575773323,46.81739774920504],[-119.85632025564935,46.8176838054547],[-119.8568323598152,46.8179661731625],[-119.8568983066901,46.81798435024587],[-119.85726491293951,46.818044017954115],[-119.857597487939,46.81815797837057],[-119.85761195877232,46.81816293462051],[-119.8579545014801,46.81819690441217],[-119.85816992127144,46.8181702575372],[-119.85817224210479,46.818169768995496],[-119.85839968481277,46.81812198462061],[-119.8587576941872,46.818155566912274],[-119.85927545356141,46.81828084191206],[-119.85962137647755,46.818378515870265],[-119.8598915639771,46.81842946795347],[-119.86016894731,46.818481779411705],[-119.86058657647602,46.81847133357843],[-119.86086274210061,46.81842189712011],[-119.86115042960019,46.81829774399532],[-119.86143493168306,46.81829062732864],[-119.86164539522439,46.818285360661996],[-119.86193425459896,46.818247881495374],[-119.86215300980693,46.81821949607877],[-119.86241370563987,46.81817044295387],[-119.86275681397268,46.81821501691211],[-119.86309371813883,46.81814278878727],[-119.86344721813828,46.81809140962066],[-119.86416460251218,46.817892697120946],[-119.86452679417823,46.81771350857958],[-119.8649474670943,46.817469060663306],[-119.86524947646882,46.81732327524685],[-119.8653779577186,46.817118041913815],[-119.86542805771853,46.81697535858076],[-119.86547211396844,46.81684987628927],[-119.86564699625983,46.81664348045623],[-119.8658756170928,46.81657395753969],[-119.866215893134,46.81656543045635],[-119.86663802438329,46.81663990753956],[-119.86700224209108,46.81679026274769],[-119.86745807646537,46.81691703774751],[-119.86779954313151,46.81692975753911],[-119.86812435563098,46.8169216127475],[-119.86845142646382,46.81695593774736],[-119.86900069312965,46.81709101274726],[-119.869421702504,46.81714424295555],[-119.86960617750373,46.81711835024718],[-119.86997286812812,46.81702409191401],[-119.87049536083566,46.81694718462248],[-119.87101672333485,46.81684903774761],[-119.87132493479272,46.816820036705984],[-119.8716823743755,46.81684295858093],[-119.8721675149997,46.81693709816407],[-119.87256324937414,46.81709727628888],[-119.87285128166532,46.81727078983028],[-119.87305405249833,46.81729759503856],[-119.87340697124779,46.817235566913645],[-119.87384985874712,46.8171181137888],[-119.87435348062134,46.81697787003909],[-119.87479245874567,46.816847789830966],[-119.87563430457766,46.81679395441434],[-119.87594078791052,46.81681420337267],[-119.8762680077017,46.81686594191417],[-119.87711059728372,46.81698296587236],[-119.87764555249123,46.81713962524714],[-119.87807110249052,46.81727776899691],[-119.87855156394811,46.81757401274644],[-119.87893355561421,46.81776641170443],[-119.87934307853028,46.817894321079315],[-119.87943182957177,46.817916136704305],[-119.87973543477966,46.81799076482918],[-119.87993651186264,46.81798570232918],[-119.88034278373705,46.81776282420454],[-119.8807232222781,46.81763628670473],[-119.88107272331922,46.81751052837152],[-119.88129792227721,46.81737726795512],[-119.88166118686,46.81721926170538],[-119.88203650977609,46.816997159622375],[-119.88236031602561,46.81668066066451],[-119.88266922019176,46.81637517004002],[-119.88316883581598,46.816160561706944],[-119.88382415039831,46.816061582540485],[-119.88384483060662,46.81605846066553],[-119.88405909310626,46.81601052733219],[-119.88426357018926,46.81606916587381],[-119.88444279623064,46.81623476066523],[-119.88462088685539,46.816379121081646],[-119.88493761289658,46.81650935128976],[-119.88524569310441,46.816767387747674],[-119.88539398893755,46.81693376483077],[-119.88566488893713,46.817075779413926],[-119.8861916483113,46.81728117524695],[-119.88620270872792,46.8172854877469],[-119.88642095247756,46.81731187524685],[-119.88715302435146,46.81738908774671],[-119.88752423476755,46.817379714830075],[-119.88789430664195,46.81734910649676],[-119.88819010455818,46.81729894920522],[-119.88826267330808,46.81728664295524],[-119.88880174309891,46.8172304981637],[-119.88895666497365,46.817217426288686],[-119.88934138163972,46.81718496795537],[-119.88989819309722,46.81717089920543],[-119.89043954101304,46.81715721795547],[-119.89067040455431,46.81713011899715],[-119.89091275142898,46.81702830337232],[-119.89126336288676,46.81692374920578],[-119.89177092226093,46.816857753372595],[-119.8921232441354,46.81678505024772],[-119.89270300455122,46.81662153462289],[-119.89300550246736,46.816486295039795],[-119.89342025559178,46.816422641914954],[-119.89406415559074,46.81630002733172],[-119.89435460350693,46.81622888149857],[-119.89487134517282,46.81604568670724],[-119.89562350558835,46.81592032108239],[-119.89597980350442,46.81592193045735],[-119.89628970662898,46.81592471587405],[-119.89678748996154,46.81596526899895],[-119.89703210141948,46.81590591066571],[-119.89732196808569,46.81582414191591],[-119.8976989305851,46.815633842957794],[-119.89799798162632,46.81543488254143],[-119.89826781391751,46.815268559625004],[-119.89876297433348,46.81511646170859],[-119.89898852745806,46.81508083983364],[-119.89931038995758,46.81503613150043],[-119.89965624099875,46.814987491917094],[-119.89990256808171,46.814888214833964],[-119.90034222120603,46.81478403358416],[-119.90060859412223,46.8146975335843],[-119.90070758474705,46.814685905459285],[-119.90089715558015,46.8146636335843],[-119.90136399724604,46.81470495337586],[-119.90183012432868,46.81473299712582],[-119.90218372536982,46.814738724209164],[-119.90246953161937,46.81474335129247],[-119.90274019099392,46.814736481500894],[-119.90287265974371,46.81467995858432],[-119.90314906495166,46.81442042420969],[-119.90352141703438,46.814145164835125],[-119.90374482640904,46.81398000546044],[-119.90406703995023,46.813852211710596],[-119.90437278369973,46.813777995044],[-119.90473079932417,46.81359612733598],[-119.90512604724023,46.813386732544714],[-119.90565375140608,46.81312080650336],[-119.90579113786418,46.813058499211856],[-119.90608837119709,46.81292369817032],[-119.90642847432156,46.81276885962893],[-119.90674781182105,46.81258796900427],[-119.90703063161227,46.812447876296076],[-119.90722108577864,46.81238987108776],[-119.90755044202815,46.81239478879621],[-119.90783898577769,46.81236087317123],[-119.90845187223503,46.81223896379637],[-119.90892800035931,46.81209394921328],[-119.9092895711921,46.81197842942179],[-119.90965543785819,46.81194253983853],[-119.90992321389945,46.81188256692199],[-119.91007500035757,46.811825541922026],[-119.91030339410719,46.81175327733886],[-119.91059121806505,46.81170608150558],[-119.91103369098106,46.81165494817233],[-119.91143821598041,46.811618069005696],[-119.91191576702136,46.81149958879762],[-119.91231813785407,46.811422888797665],[-119.91271102847844,46.811369406506124],[-119.91281188577,46.811336640881166],[-119.91293681910311,46.811271196089585],[-119.91298299201969,46.81124985442294],[-119.91315062951946,46.81117236067308],[-119.91323691493596,46.81113109608975],[-119.91325376285262,46.811123037756516],[-119.91348058472725,46.81111725963144],[-119.91358329410211,46.81111464296484],[-119.91358581076878,46.81111457942314],[-119.91368503576861,46.81113280546483],[-119.91377839514348,46.81118230963138],[-119.91390081910163,46.81121032004799],[-119.91424573680939,46.81130011067291],[-119.914728454517,46.81142270546433],[-119.9161631701398,46.8115417794225],[-119.91649549930595,46.811538492964154],[-119.91671350868056,46.81151736692256],[-119.91677499097216,46.81148013150597],[-119.91678394409712,46.811474708589266],[-119.9167939972221,46.811468620047656],[-119.91689656805526,46.81140893150604],[-119.91697565347188,46.8113342783811],[-119.91703350138842,46.8112861065062],[-119.9171685003465,46.81126709817286],[-119.91732641597127,46.81125269296461],[-119.91758185659592,46.81127146067298],[-119.91758703367924,46.81127079088124],[-119.91830458576146,46.81131651796447],[-119.91886920971888,46.81140883671438],[-119.91940971596807,46.81162983775567],[-119.91979498471744,46.81185480233872],[-119.92012624930025,46.81223056483808],[-119.92049549200806,46.81273342525399],[-119.92082792013252,46.81313049816998],[-119.9211890909653,46.81348414712786],[-119.92173309096442,46.81376908775231],[-119.9225254909632,46.81404767733531],[-119.92342260554516,46.814537037751194],[-119.92384821283618,46.81493172108387],[-119.92434980658538,46.81558060649958],[-119.92459607012665,46.816107946082056],[-119.92455586179342,46.8166650835812],[-119.92993993053507,46.815208644000165],[-119.93446649511135,46.81394859087711],[-119.93516678469359,46.813826621085646],[-119.93602966073395,46.81390846900223],[-119.93659942114972,46.814171173168354],[-119.93784357843948,46.81476321275083],[-119.93905621697922,46.81570271379105],[-119.94024812322736,46.816261405456885],[-119.94104758572615,46.816511676289814],[-119.94168692322518,46.816560789831364],[-119.9424822232239,46.81655125545637],[-119.94340288572248,46.816505711706455],[-119.94577327113547,46.81619336691526],[-119.9464477628011,46.8160120919155],[-119.94712165134173,46.815819902332485],[-119.94749116800779,46.81559184816617],[-119.94778300342404,46.81539857420823],[-119.94824668258997,46.815146237750206],[-119.94841912425636,46.81509808670863],[-119.94876818467247,46.81507815858366],[-119.94919790758848,46.815078003375326],[-119.94929322737998,46.81508738045859],[-119.94936730654655,46.81529984816666],[-119.94949105237971,46.8155645408746],[-119.94968570446275,46.81569882108272],[-119.94981742529586,46.81582400962423],[-119.94993765967071,46.81602450129053],[-119.95001969404552,46.816060850248746],[-119.95009762321213,46.81609538254043],[-119.95019875967029,46.81623207420688],[-119.9502444252952,46.816330446081764],[-119.95028723675348,46.81642266795665],[-119.95051892425312,46.8166631439978],[-119.95060072321132,46.81671523149776],[-119.95068065133621,46.816766126289366],[-119.95104325133565,46.81683177733096],[-119.95130026071024,46.81696444608075],[-119.95163578779307,46.81710580233052],[-119.95216750445888,46.81712422316387],[-119.95245451800007,46.817234682538675],[-119.95265504404148,46.81747596170492],[-119.952759120083,46.81766615128797],[-119.95292487841603,46.81793518774597],[-119.95294758049931,46.81797203045419],[-119.95314693883238,46.818191906495514],[-119.95321621070723,46.81823811378712],[-119.95348717320684,46.81841885857845],[-119.95368594924821,46.8186280335781],[-119.95380913778969,46.818882020036085],[-119.9539438065395,46.81906070545253],[-119.95415524508081,46.81921597420222],[-119.9542663669556,46.81953456691016],[-119.95442014820537,46.819777049201385],[-119.95460537945507,46.8199366721178],[-119.95499316174619,46.82004203461766],[-119.95541990028717,46.82013816065918],[-119.95575370028666,46.820247402325656],[-119.95607073882782,46.8203356471172],[-119.95623131174426,46.82041722003377],[-119.95637923570233,46.82055269711682],[-119.95654098361878,46.82065566795005],[-119.95674786382678,46.82075602628317],[-119.95696833257642,46.82094502419955],[-119.95714445549284,46.82095143774122],[-119.95736847007585,46.821007685657726],[-119.95746798570065,46.821049599199455],[-119.95769502840862,46.821204459615835],[-119.95789383049168,46.82141362524051],[-119.95808793882469,46.821537190865314],[-119.95815947007458,46.82158272524023],[-119.95820515340785,46.8216186898236],[-119.95831545340768,46.82174216586494],[-119.95836291382426,46.821795296073184],[-119.9585045398657,46.82195383878133],[-119.95870393778205,46.822173703364356],[-119.95906744611482,46.8225393366971],[-119.95945273465588,46.82273296065518],[-119.95980390965536,46.82287388877993],[-119.9601386013215,46.82303561690462],[-119.96014067423816,46.823036618987956],[-119.96014485757149,46.823039986696294],[-119.96038567215447,46.823233868987714],[-119.96063125965406,46.82344181898733],[-119.96079170444553,46.823491787737304],[-119.960917149237,46.823530856487224],[-119.96127186069474,46.82373598044526],[-119.96154451694434,46.82386822107002],[-119.96188364402711,46.82407374502805],[-119.96211188569346,46.82424999398611],[-119.96236895652639,46.824382638777514],[-119.96251631798447,46.8245074044024],[-119.96274633048415,46.824715754402064],[-119.9631801794418,46.82494025336004],[-119.96338926381647,46.82507332210981],[-119.96339048673315,46.82507410440147],[-119.96353962006623,46.82523096898455],[-119.96377140548252,46.82547141585932],[-119.96409084194039,46.82560243877567],[-119.96426644402347,46.82567289502552],[-119.96460147318959,46.82580351065036],[-119.96490767839744,46.82597773565012],[-119.96529419089683,46.82619273669143],[-119.9658780669376,46.826306181482906],[-119.96620780131205,46.82634049085784],[-119.96647458985338,46.82636571481619],[-119.96669709818633,46.82637785752444],[-119.96674078776961,46.82638024189946],[-119.966915216936,46.826429295024404],[-119.96704464818578,46.82651165856595],[-119.9670937961024,46.826604802315835],[-119.967126806519,46.82663817731578],[-119.96717475443558,46.82669448356566],[-119.9674564627685,46.82702528148181],[-119.96779188255967,46.827291757523035],[-119.96817939818402,46.82752458356436],[-119.96860815651674,46.82764713668919],[-119.96872927526653,46.827681757522456],[-119.96904814922436,46.8278020637722],[-119.96945173984871,46.827948743980365],[-119.96992555859799,46.82823647210495],[-119.97035466172231,46.828468209604544],[-119.97076927630502,46.828814620020765],[-119.9711599638044,46.82910450231197],[-119.97151065130384,46.82942399606138],[-119.9717542627618,46.82968912314432],[-119.97204574609468,46.83006730126873],[-119.97212700026124,46.83040808355988],[-119.9723770960942,46.83053006480971],[-119.97240511067746,46.83054372835133],[-119.97267534505205,46.83053670439299],[-119.97268552630203,46.830534968976345],[-119.97317030546793,46.830452401268126],[-119.97398337421667,46.83047412210146],[-119.9744646356743,46.83051875439304],[-119.97457448463246,46.83056499085129],[-119.97478432525713,46.830653309601125],[-119.9755994648392,46.8310892939755],[-119.97606782317179,46.83127712835016],[-119.97652988254607,46.83135082626674],[-119.97722375858667,46.831475636683194],[-119.9776283658777,46.83164944293295],[-119.97775685858585,46.831704638766155],[-119.97780889191911,46.831758590849425],[-119.97806602837704,46.83202519501568],[-119.97878674087589,46.832635060639745],[-119.979563524208,46.83312916584735],[-119.9796977742078,46.8331988845972],[-119.98010417733218,46.83340993563853],[-119.98050662733156,46.83361892938821],[-119.98072164399787,46.83369372417977],[-119.98072619295625,46.83369530751312],[-119.98088871378928,46.833751842929665],[-119.98137553670523,46.833896311679425],[-119.9818392033712,46.83399852001265],[-119.9821718200373,46.83398984813769],[-119.98272758045313,46.8338753429295],[-119.98306493774426,46.833952268971],[-119.98320152107738,46.834163012720694],[-119.98350915545187,46.83445501897019],[-119.98390427836796,46.83454114917844],[-119.98427152003403,46.83468765230321],[-119.98488105753313,46.83488605334454],[-119.98580243357333,46.835076309594314],[-119.98641296794739,46.83529253667726],[-119.98693862627994,46.83538596167717],[-119.98784913565352,46.83538003667722],[-119.98853170231911,46.83548721480204],[-119.98880584606866,46.83546745751034],[-119.98892050544349,46.83545919501033],[-119.98922739294302,46.83536187938556],[-119.98945037940105,46.83534712001058],[-119.98966698044234,46.83549861584364],[-119.98974169919224,46.83559209292684],[-119.98986833669204,46.83575052209325],[-119.99038109606623,46.83584007313478],[-119.99079335335728,46.83591207000969],[-119.99102758148189,46.836005954384504],[-119.99128497523151,46.836142092926025],[-119.99164552314761,46.83626124709246],[-119.99188292314722,46.83641219500891],[-119.99192449189718,46.83643862625882],[-119.99212032314688,46.83656314396702],[-119.9925432460629,46.8366806616751],[-119.99277747835418,46.83677454500831],[-119.99310121168702,46.83698038042469],[-119.99313577731199,46.83701199500796],[-119.99340704710323,46.83733707104911],[-119.99424678876859,46.83792915542318],[-119.99425423772686,46.83793296167319],[-119.99511405751724,46.8387520429219],[-119.99538444085016,46.8388657627134],[-119.99579739814119,46.83890527729676],[-119.99625597834877,46.83897379812995],[-119.99668068355646,46.83922440229613],[-119.99695554605604,46.839418532504226],[-119.99716734188905,46.83953378146234],[-119.99763610543,46.839521496045755],[-119.99806997105429,46.83940945750427],[-119.99868754917833,46.839171797087936],[-119.99924204917751,46.838855257505045],[-119.99971490230172,46.83838985542245],[-120.00018150125936,46.838075617922975],[-120.00083171063336,46.83789748875659],[-120.00116361792449,46.837687496048595],[-120.00117679604949,46.83768312104858],[-120.00163337104878,46.837656850215254],[-120.00190363563168,46.837649757507],[-120.00229943458942,46.83765365438197],[-120.00295186479674,46.837779395006706],[-120.00348274292088,46.837965475214766],[-120.00395285021183,46.838181725214454],[-120.00440137416945,46.838384250214204],[-120.00480752312717,46.83857359917216],[-120.00498339604353,46.83874042521358],[-120.00514405125166,46.83900766062986],[-120.00530152520973,46.83921783042127],[-120.00549093562613,46.83962718250388],[-120.00573800750072,46.83976560437869],[-120.00585631791722,46.83983188875356],[-120.0062816824999,46.83999215437831],[-120.006830994999,46.84013487208639],[-120.00758502937289,46.84021505333633],[-120.00825749603848,46.84032595333615],[-120.00886520228755,46.840395687711045],[-120.00959765436968,46.84046213875261],[-120.01001426061907,46.8404654616692],[-120.01038370541016,46.84037001479443],[-120.01079472832623,46.84027347208625],[-120.01133129290872,46.84018790750305],[-120.01175626269976,46.840141508544775],[-120.01184865749129,46.84013142104469],[-120.01215891686574,46.840094676253194],[-120.012449183532,46.84007274187821],[-120.012872972073,46.84020444916966],[-120.01315681582253,46.84043985437765],[-120.01338388144718,46.8407767637521],[-120.01339661790553,46.84080862625201],[-120.01352914498864,46.84114012000153],[-120.01371702832171,46.8415209220843],[-120.01394090748799,46.841800765833874],[-120.01407683352944,46.84199720645849],[-120.01422876061253,46.84210749916673],[-120.01444385852885,46.8422304147915],[-120.01466055644521,46.842381862707995],[-120.01481567936162,46.84254921999935],[-120.01503637311129,46.84277199604072],[-120.01532503665254,46.84309299083184],[-120.01545777415232,46.843232365831675],[-120.01562890123542,46.84331357728986],[-120.0158241106101,46.84335982624805],[-120.01600874081811,46.84340357103967],[-120.01655491581727,46.843489174164624],[-120.01693424706666,46.84356322728945],[-120.01758649498235,46.84369055541426],[-120.01861568039742,46.84384912624737],[-120.01879638352212,46.843853417914005],[-120.0190485387301,46.843859404372324],[-120.01947053768777,46.843869422080694],[-120.0202076814366,46.8438637689557],[-120.02123605747671,46.84363658353935],[-120.02187578872571,46.843533957497804],[-120.02216960539185,46.84345173145631],[-120.02226050435007,46.84342629499796],[-120.02232679497496,46.843407742914685],[-120.02263225851618,46.84328537103988],[-120.02272963039104,46.84320715437331],[-120.02287134289084,46.8430933168735],[-120.0230272605989,46.84290346166545],[-120.02305602726551,46.84267410645744],[-120.02311119393211,46.84251291479115],[-120.02319912726529,46.84225599499976],[-120.02347337726486,46.84194871270865],[-120.02381720851433,46.84176817520896],[-120.02430897518025,46.84162658666744],[-120.024678399138,46.84153109291758],[-120.02519656059553,46.841488812709336],[-120.02563156059485,46.84144873041769],[-120.02585464601117,46.841342816876264],[-120.02623924184388,46.841146905418206],[-120.02672538246816,46.84090544500188],[-120.02723231059234,46.84066343146059],[-120.02773923350827,46.84042141583601],[-120.02812081684101,46.84022768979464],[-120.02862992621522,46.83996921479502],[-120.02944226475563,46.83960480437898],[-120.03035291787921,46.839137772087994],[-120.03097972933655,46.83880684188016],[-120.03167452621045,46.83857411688047],[-120.03217668350135,46.838617952297035],[-120.03253331683413,46.83866564604702],[-120.03287317725028,46.83878521688015],[-120.03323623974974,46.83894703562993],[-120.03364891995739,46.839250408546185],[-120.03387603662372,46.8393458220877],[-120.03396880120692,46.83938479396261],[-120.03439102828958,46.8394878897958],[-120.03443017724788,46.839491987712385],[-120.03493557828874,46.83954487625402],[-120.03572719495418,46.839552437712385],[-120.03670430849435,46.83952649708743],[-120.03699518870225,46.83948077833749],[-120.03905390119901,46.83933744604597],[-120.04000658453087,46.83917209500459],[-120.04054160119671,46.83883780229681],[-120.04134768557049,46.838258482506085],[-120.04160129911173,46.83812479188127],[-120.04204495952767,46.83787010854832],[-120.04252938452696,46.837600050215386],[-120.04313853660932,46.83732667209084],[-120.04389320223316,46.837049417924504],[-120.0443299834825,46.83690548563313],[-120.04450637619055,46.83684735959157],[-120.04465564077368,46.83680968979999],[-120.04504203556473,46.83674737417503],[-120.04557688660555,46.83663312209186],[-120.04617006472967,46.836445875217166],[-120.04669926264546,46.836231755425885],[-120.04727002931129,46.83601652625953],[-120.04786077410199,46.83578647521825],[-120.04847956785107,46.835684256468355],[-120.04892176889207,46.83577247938488],[-120.04922976264159,46.83606430021778],[-120.04987602201555,46.836447108550495],[-120.05015838972345,46.83665388667513],[-120.05057356993115,46.836999993966295],[-120.05133026055496,46.83749414813228],[-120.0518798897208,46.838008109589715],[-120.05251238034482,46.838712657505326],[-120.05256881680305,46.838775521046934],[-120.05324805846863,46.83937173875433],[-120.05416869700889,46.83981863458697],[-120.0547286449247,46.84014657312813],[-120.05587232721454,46.84048748771092],[-120.05699199492119,46.84077188041882],[-120.05806361262785,46.84094325333519],[-120.05907692095963,46.84118760750145],[-120.05987423033338,46.841294862709645],[-120.06102578449828,46.841406917917816],[-120.0628331876204,46.84170141791735],[-120.06353346366105,46.841949876250276],[-120.0636834563691,46.842007250208546],[-120.064406556368,46.84227362104145],[-120.0650880834503,46.84254110229108],[-120.06570480844931,46.84276745333232],[-120.06620621365687,46.842796873123966],[-120.06670680532277,46.842812024165646],[-120.06737047198841,46.84276565020736],[-120.06812794073723,46.84270516791575],[-120.0681788542788,46.84270110333247],[-120.06866775948642,46.84270041062407],[-120.06874100427792,46.84270030645744],[-120.06942789386022,46.842696158540775],[-120.06971651781811,46.84264555020752],[-120.06991266156781,46.84250809604111],[-120.07007691365082,46.842392992916245],[-120.07062523031671,46.842149675208326],[-120.07131418656557,46.841816854375544],[-120.07194565010629,46.841571296042545],[-120.07245806573053,46.841428945001084],[-120.07292971677144,46.841301972084594],[-120.0731763344794,46.84124736479304],[-120.07344375635398,46.84118815020978],[-120.07382817093674,46.84099208250181],[-120.0741838167695,46.84078066583547],[-120.07463368656045,46.84051323562748],[-120.07539246885096,46.840220757502955],[-120.07616557093309,46.84035774187778],[-120.07632270739118,46.8404081450027],[-120.07682307718203,46.84056864916906],[-120.07760247509754,46.84109059187667],[-120.07790820426374,46.841339534584584],[-120.07819396363828,46.841603300209165],[-120.07863870322092,46.841734203333964],[-120.0787186032208,46.84176930229222],[-120.07934352717814,46.842043830416806],[-120.07979479905242,46.84228885020809],[-120.08008788238533,46.8425503762494],[-120.08016781467688,46.84262169916598],[-120.08056733446791,46.843053841873605],[-120.08099620009226,46.84327088458155],[-120.08182089904933,46.843491547081165],[-120.08291424696428,46.84367638666433],[-120.08361176675488,46.843857601247365],[-120.08437166258699,46.8440371304137],[-120.08508589383592,46.84414644916351],[-120.08608955841765,46.84421937937185],[-120.08632980529227,46.84421289708014],[-120.0863398636256,46.84422691374674],[-120.08725464487416,46.84420222103849],[-120.08785920528994,46.844214471038455],[-120.08835408341419,46.844129672080186],[-120.08880815945516,46.84402906166372],[-120.08886811466334,46.8440157772887],[-120.08931895424598,46.843889302288964],[-120.09011749486974,46.84365341687266],[-120.09073956257716,46.84360803145605],[-120.09145379903434,46.843717310622516],[-120.09214834069995,46.84376633562255],[-120.09247825424109,46.84378962208076],[-120.09299883028196,46.84378982937241],[-120.09336649590638,46.84366558666436],[-120.09374734069748,46.843575015831064],[-120.094044371947,46.84350437728954],[-120.09429285423829,46.84344750333124],[-120.09468148340432,46.84335855020645],[-120.09504750319542,46.843205772081674],[-120.09544339277818,46.84304256166525],[-120.09567804590277,46.84294582208202],[-120.09600095319394,46.84280520749894],[-120.09630776465184,46.84267160124911],[-120.09671124902621,46.8424463668745],[-120.09705482715066,46.842265615833135],[-120.0973551802752,46.842057459583515],[-120.09767550110801,46.84183447312547],[-120.09799417819085,46.84158295750086],[-120.09825766048215,46.84136098250118],[-120.09829206152376,46.84133200229286],[-120.0989392500644,46.84100014604346],[-120.0993010427722,46.84093089396021],[-120.09972184277154,46.84085035021033],[-120.10036876360387,46.84087567208529],[-120.10103893756116,46.84094322521019],[-120.10170911360179,46.84101077416841],[-120.10233360422579,46.84100812104346],[-120.10297806151647,46.840990636668494],[-120.10353113859895,46.84083275333529],[-120.10413548234801,46.84066768562729],[-120.10422808963955,46.84064238875232],[-120.10491000630515,46.84055243979411],[-120.10506798234654,46.840587070002464],[-120.10537393859607,46.84065414083562],[-120.1057930042204,46.84069990958557],[-120.1058546385953,46.84068873771056],[-120.10589705838692,46.84069708354388],[-120.10660376463584,46.84067788771067],[-120.1073844740096,46.84085669812702],[-120.108021310467,46.84106798875167],[-120.10837424484141,46.84136557833458],[-120.1085465969245,46.841510903334324],[-120.10881500838242,46.84183221479209],[-120.10904184692373,46.842154655416664],[-120.10912068859028,46.84243825854118],[-120.10913469379858,46.84268076166581],[-120.10909456671531,46.84306761062358],[-120.10906946254869,46.84335403770651],[-120.10915160317353,46.84369470020586],[-120.10931855004827,46.844061630413734],[-120.10941406775646,46.844273341871755],[-120.10953203129792,46.84451301999638],[-120.10952441671463,46.84474182312097],[-120.10953978233961,46.84481702728747],[-120.10955344588128,46.844883906454065],[-120.10972635942268,46.84499350228727],[-120.11006230213049,46.845041515828825],[-120.1104157396299,46.84503190228721],[-120.11070696983779,46.84503266791218],[-120.11089474067086,46.84503316166215],[-120.1113786875451,46.84512000541203],[-120.11175868754451,46.84520967520359],[-120.11188728858599,46.84525071999517],[-120.11250119379334,46.845446640828165],[-120.11365951879156,46.84567227936949],[-120.11454097295685,46.845791148119304],[-120.11512554587262,46.84590738457749],[-120.1152377906641,46.84595790332737],[-120.11671224378684,46.84622868561867],[-120.1173278052442,46.84634172520178],[-120.1174056500357,46.8463560210351],[-120.11923345107454,46.84663478665967],[-120.12118849482154,46.84695291374252],[-120.12206584482016,46.847000400200805],[-120.12235144794471,46.84693721478419],[-120.12294992190216,46.84680481270106],[-120.12406010835873,46.84691736165928],[-120.12472497189935,46.84719591270052],[-120.12489247814908,46.84726608978367],[-120.12624960314702,46.847686190824746],[-120.12702964689578,46.847850597074434],[-120.12773149897805,46.848102862699136],[-120.12838590835203,46.84861359186491],[-120.12881079272637,46.84911631061422],[-120.12958245314182,46.84985242207132],[-120.13017784168252,46.8504219054038],[-120.13135708647242,46.85100397519457],[-120.13240198855414,46.85141712623561],[-120.13283160209511,46.851649379360246],[-120.13374477709368,46.8519529668598],[-120.13385172084355,46.85194709394318],[-120.13387834063519,46.85194562935975],[-120.13478274375875,46.85189594498483],[-120.13578162813224,46.85152566269376],[-120.13684370833892,46.85116792727759],[-120.13711239479682,46.851056727277836],[-120.1376102500044,46.85076697519492],[-120.13834625416992,46.85033860852895],[-120.13867696146106,46.8500094616544],[-120.13896822291895,46.849454982488595],[-120.13905817396046,46.849388125197066],[-120.1390717656271,46.84937802207206],[-120.14027515729191,46.848944939781134],[-120.14108542812399,46.84881952415626],[-120.14198025833093,46.84870906061478],[-120.14409307707763,46.848573041864995],[-120.14523040415924,46.84859373040664],[-120.1460576739496,46.84849302832346],[-120.14707095623969,46.84833523249042],[-120.14742701665578,46.848245758532165],[-120.14833036561272,46.848166243949024],[-120.1496809322773,46.84811476686569],[-120.14994100415193,46.84814818769901],[-120.15043419373445,46.84821156061561],[-120.15190110102385,46.848669352281576],[-120.15239548018975,46.84882363353133],[-120.15300105102217,46.84898052207273],[-120.15412480727043,46.849238048114024],[-120.15422531872859,46.84926108144723],[-120.15535149476854,46.84964434498838],[-120.15613331351729,46.84983708040473],[-120.1571463541407,46.85006628769601],[-120.15775516143145,46.85014948873755],[-120.15794809476448,46.85018417832084],[-120.15851285622193,46.85028572415412],[-120.15904603851278,46.850499592903674],[-120.1590741978877,46.85052466373697],[-120.15932793122067,46.850750567903276],[-120.15941958955388,46.85083216790318],[-120.15987980309478,46.851576682485316],[-120.16015359267772,46.85198344706808],[-120.16021687601096,46.8520724220679],[-120.16056219371877,46.852557934567194],[-120.16078147809338,46.85275942310855],[-120.16129325413426,46.85330734289927],[-120.16189662705,46.85365073977384],[-120.16337926663107,46.85406983664817],[-120.16473438746227,46.8541839856063],[-120.16501764475352,46.854306348106036],[-120.16588693433552,46.85456803248069],[-120.16647501037626,46.85465176060559],[-120.16722439370842,46.85464529498058],[-120.16774337704095,46.85461663143894],[-120.16837203641497,46.854599215814005],[-120.16853350516469,46.854594740813994],[-120.16941520724669,46.85471318143882],[-120.17032610724527,46.85497367831342],[-120.17145251245184,46.85535677727115],[-120.17151394266006,46.85538594497945],[-120.17196062182605,46.855598017895794],[-120.1729309666162,46.856058705395085],[-120.17314729161585,46.856206094978155],[-120.1737772384899,46.85663528976914],[-120.17460441869696,46.85724097101819],[-120.17595365723652,46.85793878560046],[-120.17615124369456,46.85804097205863],[-120.17658143640223,46.85827190643333],[-120.17699336973493,46.85854621059951],[-120.17725868431785,46.85862817622436],[-120.17758739994228,46.858729728307566],[-120.17849924889924,46.85900442101544],[-120.18018640097996,46.85935755851495],[-120.1811036311869,46.85945707413976],[-120.18112974160351,46.85945990538979],[-120.18206717701872,46.85946239913976],[-120.1831136520171,46.859547574139654],[-120.18374845826611,46.85971563663945],[-120.18432004159854,46.85987116997239],[-120.1851631270139,46.86006621997219],[-120.18559977701324,46.85944698559818],[-120.18579152388794,46.85897921580722],[-120.18579073326293,46.858367215808144],[-120.18566064888813,46.85782853143399],[-120.18500184368081,46.85566311164572],[-120.1849949655558,46.85557710435423],[-120.18501511347246,46.85519185122983],[-120.18503749888909,46.85476378977202],[-120.18506883951405,46.854164505398025],[-120.1850199655558,46.853506100190764],[-120.18507881972238,46.85277890956686],[-120.18526096972211,46.85208332727617],[-120.18530564159697,46.851627241860285],[-120.18554570409664,46.85101880748623],[-120.18556854055493,46.850967180402975],[-120.18559061451322,46.8509413210281],[-120.18568019159643,46.85083638352825],[-120.18587640930444,46.85026973144571],[-120.18611124055413,46.84976117519648],[-120.18633719680372,46.84902380644762],[-120.18634330617874,46.84875559603137],[-120.18666402909491,46.848250499157224],[-120.18742906971869,46.8473693397836],[-120.1898088301317,46.844750408537614],[-120.19055496450551,46.84364826791429],[-120.19088568429669,46.843075907498545],[-120.19102806554645,46.84275091479072],[-120.1915745842956,46.84093288771014],[-120.1918207290869,46.84026845021121],[-120.19213585825308,46.83969570125375],[-120.19300199783505,46.8383804991725],[-120.193460155126,46.83746926688225],[-120.19360374575082,46.83713452938276],[-120.19394019158358,46.83659512417526],[-120.19403007387514,46.83606870855105],[-120.19410287908335,46.835470437718705],[-120.19426776970813,46.8347029814699],[-120.19443042283285,46.833978331470966],[-120.19462055304085,46.83312577001395],[-120.19471190616576,46.83257081584811],[-120.19480729783226,46.83203563251566],[-120.19555568220609,46.830218009601865],[-120.19574335199748,46.82955296376952],[-120.19598979053877,46.82908047418696],[-120.1962289519967,46.82862192210436],[-120.19642645616305,46.82802670648025],[-120.1965185228296,46.82745748043951],[-120.19654408741292,46.82714741481489],[-120.19656180928786,46.826932465856956],[-120.19657494991287,46.82677308460715],[-120.19658151345448,46.826738562732196],[-120.19671824157929,46.826019382525004],[-120.19676031241255,46.82581692940028],[-120.19678802699589,46.82547818356759],[-120.19690087387066,46.824909465860046],[-120.19685558116244,46.82457975336061],[-120.1968488967874,46.824308134610966],[-120.1970530592871,46.82398453565314],[-120.19721193532854,46.823731262736864],[-120.1976930155361,46.82328586482096],[-120.19810504574383,46.82296735440471],[-120.19851113740988,46.82276299607177],[-120.19884893011768,46.8226712606552],[-120.19887999365928,46.82266153461359],[-120.19914514678385,46.82257850648868],[-120.19950594886666,46.8224444710722],[-120.2000152280325,46.822256918989154],[-120.20039533011528,46.82215192940599],[-120.20079770198964,46.822018906489554],[-120.20112136865579,46.82179823357323],[-120.2014866071969,46.821578577323585],[-120.20193647386287,46.82133241794893],[-120.20239003636213,46.821014909616125],[-120.20269142386167,46.820822263783086],[-120.20327192073582,46.820464995033674],[-120.20356253844368,46.82027922628393],[-120.20385093219323,46.82013626274253],[-120.20427998844258,46.81988958253456],[-120.2046036280254,46.81966890024318],[-120.20514326864954,46.819296337743786],[-120.20553739885725,46.81892021795275],[-120.20580014885684,46.81866946795313],[-120.20591665510669,46.818429434620164],[-120.2059671030233,46.81825922316204],[-120.20589433531507,46.81814974607896],[-120.20581265094016,46.818026855454086],[-120.20561219156548,46.817879088787635],[-120.20520461448281,46.81771197212125],[-120.2047213592752,46.81755682107983],[-120.20464144990036,46.81750744399664],[-120.20422392490099,46.81735939920514],[-120.20385570719321,46.817236101288636],[-120.20351345823542,46.817013427330664],[-120.20331967177736,46.816737232539424],[-120.20331654781906,46.816732533581146],[-120.20312662698602,46.816446770039875],[-120.20288757177804,46.81624090545683],[-120.20227586969565,46.81599734920724],[-120.20174583011318,46.8157843637909],[-120.20102650928096,46.815609604416196],[-120.2006523749065,46.81560044712458],[-120.20036139469862,46.81559332524959],[-120.19980391032448,46.815508240874706],[-120.19937039678354,46.815440476291364],[-120.19881736657601,46.815269776291665],[-120.19873267907616,46.815228730458394],[-120.19828957491018,46.815013967958755],[-120.19782191449424,46.814802490875806],[-120.19714715616198,46.814571649209505],[-120.19663186657941,46.814489664834554],[-120.19640411553809,46.81445342733467],[-120.19599065720541,46.81440042941809],[-120.19561505408103,46.81441979504308],[-120.194997466582,46.814290352334844],[-120.19425591970811,46.81414357941844],[-120.19402863429178,46.8140912148352],[-120.19353367491755,46.814025849210275],[-120.19352331345925,46.81402506483525],[-120.19297399158512,46.81398353983538],[-120.1924187686693,46.81385561483561],[-120.19209864991979,46.81370199712743],[-120.19172846658707,46.81352435025273],[-120.19116436242126,46.81316760546158],[-120.19066130825536,46.81276161796226],[-120.19064649888037,46.81274534400388],[-120.19044793117233,46.81242097525448],[-120.1902907561726,46.81202562317172],[-120.19012588742288,46.81146358671429],[-120.18991708117318,46.81057407734066],[-120.18981600304836,46.809891309633386],[-120.18981976554835,46.80941992630076],[-120.18979753846503,46.809047914842964],[-120.18977605513174,46.80866163567695],[-120.18978721242337,46.808447603385645],[-120.1897768405484,46.80824732838592],[-120.1897078467985,46.80797417838631],[-120.18956981138204,46.80782791484494],[-120.18942434054895,46.807824339845],[-120.18924618638253,46.8080485554696],[-120.18913534784105,46.80821424401097],[-120.18913335096607,46.80821722734432],[-120.1890220020079,46.80835736171919],[-120.1886983707584,46.808578001302074],[-120.18835990825892,46.8086839783852],[-120.18796058638458,46.80875988151019],[-120.18740021763541,46.80873181692684],[-120.18698904576104,46.808635980468665],[-120.18635746555371,46.80837756276076],[-120.18618458430397,46.80830682630246],[-120.18498800097252,46.80798482734464],[-120.18297496347559,46.80737727734561],[-120.18208242181032,46.807071798179464],[-120.18000710723022,46.80624666484732],[-120.17797712494172,46.80565210651496],[-120.17779685827531,46.80559206589006],[-120.17743485515086,46.805514581515176],[-120.1770467489015,46.80537641797377],[-120.17664159994376,46.805166397140724],[-120.17635964161086,46.80498798984932],[-120.17624441973607,46.804869711724535],[-120.17610294890295,46.80472448464135],[-120.17588482911161,46.80451907839169],[-120.1755991405704,46.804412012766896],[-120.17552600723718,46.80438286485022],[-120.1752934186959,46.8042901648504],[-120.17480366973832,46.804106621100686],[-120.17414693848933,46.80393323880932],[-120.17357332703187,46.80376190547627],[-120.17337771036551,46.80369368360138],[-120.17322456036578,46.80366756068467],[-120.1726717384916,46.8034967367266],[-120.17202175515928,46.80319492318544],[-120.17165819995155,46.802985912769124],[-120.17154100828503,46.80284014401934],[-120.17144746453515,46.80267398464458],[-120.17136971245196,46.80253587631149],[-120.17129407911875,46.802391134645035],[-120.17121083432721,46.80231415652007],[-120.17113533224399,46.802244337770304],[-120.17101233953588,46.802209148186975],[-120.17097134474427,46.80219741902032],[-120.17086669891108,46.802209119020326],[-120.1706623051614,46.80222734506197],[-120.1706158509948,46.802231486728594],[-120.17047515412004,46.802216576311984],[-120.17026410516202,46.80219420964532],[-120.17025344162039,46.80219353777029],[-120.16989082912097,46.80217068464534],[-120.16968528432962,46.802122736728805],[-120.16932099995519,46.80192798777069],[-120.16914147808042,46.80178067527101],[-120.16902504370562,46.801620632562866],[-120.16896753328903,46.80150713777142],[-120.16889307599745,46.80136019714668],[-120.16889080724746,46.80134410443831],[-120.16875569683106,46.8011634523553],[-120.16872787808109,46.801107887772],[-120.16848010724813,46.80083159714747],[-120.16824467079016,46.80059360131447],[-120.16807189683209,46.80045002318961],[-120.16789587495737,46.80036827527316],[-120.16774074266596,46.80031799923167],[-120.16742560412479,46.80031019506488],[-120.16706300829196,46.80034764714819],[-120.16694029891715,46.80035107943981],[-120.16664247183434,46.800396625273166],[-120.16631844162646,46.80046777631468],[-120.16573139787738,46.80055323985624],[-120.16507826871174,46.80070849714762],[-120.16465691975407,46.80074306589753],[-120.1644096051711,46.80076335548097],[-120.16439816871282,46.80076258048088],[-120.16407790100493,46.80074084402257],[-120.16376922808877,46.80067604089773],[-120.1635222926725,46.800588089856156],[-120.1629040405901,46.80051170860628],[-120.16212122288302,46.800363703398176],[-120.16152466038392,46.80023459923169],[-120.16113813746784,46.800067846107005],[-120.1609366728848,46.79989868464892],[-120.16069979684352,46.79969978569087],[-120.16027172601088,46.79953199819111],[-120.15988612080315,46.799376815899734],[-120.15974202080338,46.79931882423318],[-120.15959099997025,46.79920733360825],[-120.15938154684557,46.7990527023586],[-120.15904711663774,46.79868721590078],[-120.15868815518002,46.79839255444292],[-120.15842857288874,46.79818608465154],[-120.15834401247217,46.798096390901705],[-120.15815272705585,46.79789348673535],[-120.15814247497252,46.79769321381904],[-120.158262147889,46.79739615548613],[-120.15844565413869,46.79707211069496],[-120.15847337913863,46.79689563048687],[-120.15850825518027,46.79667362632056],[-120.1585247937219,46.796359720071095],[-120.15843020101373,46.79578588153026],[-120.158241232264,46.7954240086142],[-120.15790307080619,46.795129861739575],[-120.15750484268182,46.794791357573494],[-120.15715916976569,46.79463989507373],[-120.15684781351615,46.79423211382432],[-120.15653624164167,46.793955576324834],[-120.15645034893345,46.79387933986654],[-120.15607019268407,46.793198387784294],[-120.15604268122576,46.79307586382611],[-120.15591857185098,46.792523121118656],[-120.15578095935115,46.791976787786226],[-120.15543560101837,46.79142528466199],[-120.15498562497744,46.790885465912886],[-120.15441553956163,46.790381802371954],[-120.15436575727006,46.79032987528876],[-120.15413352810374,46.78995060341431],[-120.1539913520623,46.789618572164834],[-120.15392080622905,46.789279323207055],[-120.15391620414573,46.78873021904125],[-120.15408474893712,46.78680845029415],[-120.15408887497883,46.7866855763361],[-120.15413254060373,46.78654547008632],[-120.15424456768687,46.786130359670224],[-120.15431077185342,46.785729583629234],[-120.1542571197702,46.78546512529627],[-120.1539407666457,46.785054830505246],[-120.15370073643773,46.78483536071392],[-120.1536836468544,46.784809589880666],[-120.1532685093551,46.78439921383968],[-120.15265965623104,46.78411259925678],[-120.15191067914886,46.78372248259063],[-120.15137107081638,46.78340738884114],[-120.15114395415004,46.78327476800804],[-120.15028996456799,46.7825105565509],[-120.14992335519362,46.782018841968295],[-120.14992093436025,46.7820155940517],[-120.14920215623636,46.781054724261516],[-120.14828248852945,46.77996025447151],[-120.14779716873858,46.77930522530587],[-120.14778641561354,46.779292760722576],[-120.14775939998862,46.77923284718095],[-120.14738095623922,46.778523335723676],[-120.14698552498983,46.77774196176657],[-120.14654821457385,46.77735958260052],[-120.14600706561635,46.77697461072617],[-120.14552521249209,46.776648265934945],[-120.14519553749261,46.77619713364402],[-120.14499576145124,46.77564923156156],[-120.14491871874303,46.7754480482285],[-120.14484119374318,46.77524560135388],[-120.14475822707664,46.77502894927083],[-120.14441912395218,46.774363272188495],[-120.14430243228567,46.77381744302273],[-120.14409512603596,46.77341222427332],[-120.14350834062019,46.77271178052442],[-120.14291326457948,46.772168287816974],[-120.14237974374696,46.77164061802606],[-120.14192628020602,46.771172093026834],[-120.14131953645693,46.770456852402994],[-120.14077411874946,46.76956727323772],[-120.13953688645972,46.76696082740834],[-120.13897276458562,46.76553908157726],[-120.13897339166891,46.7655339711605],[-120.1387896604192,46.76504479928629],[-120.13851113750299,46.764186548246016],[-120.13829131354498,46.76382153470497],[-120.13823086146174,46.76372115345506],[-120.13822100000341,46.763644307621874],[-120.13821829375343,46.76362322324689],[-120.13817690937849,46.763300709705725],[-120.13819045521183,46.762685505539984],[-120.13828082292002,46.762059129499235],[-120.13839470104483,46.761708370124815],[-120.13856290416953,46.76141135762535],[-120.13873041146098,46.761127422209114],[-120.13876279791924,46.76108104720918],[-120.13901659583553,46.76071762845975],[-120.13908098750211,46.760625424293224],[-120.13916199166863,46.76055397325163],[-120.13940698229322,46.76022758366889],[-120.13969282916781,46.7598680274194],[-120.1399399166674,46.759520599294895],[-120.14013406041711,46.759093263878974],[-120.14014791250042,46.75883167846268],[-120.14004618958391,46.75859339512968],[-120.13986834062588,46.75835320763007],[-120.13968980104285,46.758126099297066],[-120.1393828906266,46.757804101380856],[-120.13911404896038,46.75748305763141],[-120.13901315000221,46.7572942211734],[-120.13895801041895,46.75719102638188],[-120.1388203125025,46.75691255242397],[-120.13881583021083,46.75663740971606],[-120.13881559271084,46.75637708992483],[-120.1388155062525,46.75628379200824],[-120.13880515937751,46.75575966805077],[-120.13886539166907,46.755342081593064],[-120.13888686771071,46.75493662221869],[-120.1389816958356,46.75458538576093],[-120.13896372500228,46.75420513367824],[-120.13889938125239,46.753980880553556],[-120.13864751041943,46.75369954826228],[-120.13831328750332,46.753534024304216],[-120.137866275004,46.75333948472113],[-120.13736633333808,46.753065036804955],[-120.13698925521368,46.75277409722207],[-120.13694528750538,46.75274017430546],[-120.1368411812556,46.75260136805563],[-120.1366249427142,46.752313060764415],[-120.13649754167278,46.7518689482651],[-120.13649628021444,46.751864552431805],[-120.1364888583394,46.751256264932756],[-120.13658425521432,46.75092379618332],[-120.13668865104745,46.75078118993352],[-120.13681020938061,46.750615132642054],[-120.13714825521346,46.75034856805913],[-120.13765963229594,46.750047050351284],[-120.13803945000369,46.74984057118487],[-120.13818934062847,46.74975908576837],[-120.13855919583625,46.74961118056031],[-120.1394497406265,46.74934533576903],[-120.14033681666685,46.749144880561055],[-120.14235416562202,46.74882860660318],[-120.1431391645791,46.74875654514498],[-120.1433646166621,46.748762177436625],[-120.14361487082842,46.7487684284783],[-120.14367195520326,46.74876985556159],[-120.14424211041076,46.74879719306149],[-120.14466280832677,46.74876840972825],[-120.14512778020105,46.74862285764512],[-120.14542011249229,46.748499190978706],[-120.14586743644986,46.74832700347893],[-120.14643928540733,46.74796147327121],[-120.14689212603163,46.74768464514657],[-120.1471913562395,46.74743017743864],[-120.14761096561388,46.74706084306424],[-120.1481876239463,46.74660374410659],[-120.14867366561218,46.74641941702356],[-120.14906249686159,46.74627195139874],[-120.14934199269447,46.746030082649156],[-120.14940873644439,46.74584839306617],[-120.14936407602778,46.74561154098309],[-120.14925957186132,46.74542558160849],[-120.14908310311154,46.74515925035891],[-120.149002373945,46.744922239942575],[-120.14898412186172,46.74486865452602],[-120.14896331977845,46.74454071910982],[-120.14918848956974,46.74424510973531],[-120.14935174165282,46.74403963473561],[-120.14967479686067,46.743694076402825],[-120.14976921769386,46.743590786819645],[-120.14989719686031,46.74345078369481],[-120.15008981977668,46.74304958786208],[-120.15016513227651,46.74290334098736],[-120.15102059373358,46.74141789203135],[-120.15154986352438,46.74083986286556],[-120.15183804060729,46.740604780574216],[-120.15219635414836,46.740312481616414],[-120.15284486456403,46.73993572953362],[-120.15354630831298,46.739638872242416],[-120.15381954893752,46.73951470870094],[-120.15447673539485,46.73933461286796],[-120.15495993643577,46.7392025753681],[-120.15542204789342,46.73910929828493],[-120.15609136560069,46.73906046390998],[-120.1565133572667,46.73900547432673],[-120.15703459893258,46.73887437224363],[-120.15749876664017,46.73874184828548],[-120.15790998538957,46.7385294253692],[-120.15825197601403,46.73818431599471],[-120.15852336559692,46.73773267641209],[-120.15876403747154,46.737502918079095],[-120.15914164372096,46.737114692038006],[-120.15968528538677,46.73669012641369],[-120.16017042809439,46.73645453162235],[-120.16063633121867,46.73615654203952],[-120.16124605725935,46.73569186808187],[-120.1616019697588,46.73534471183241],[-120.16193864059159,46.734935164958095],[-120.16289997809015,46.73409036704272],[-120.1641881905881,46.733465328502014],[-120.16654335829281,46.73228172954552],[-120.16721952495838,46.731853118087805],[-120.16746715204137,46.73173366079633],[-120.16831132183172,46.73089018892264],[-120.16862268849793,46.73040022538182],[-120.16881729266424,46.730055978507345],[-120.16912431766377,46.729627697257946],[-120.17013461974555,46.72723623892832],[-120.17071407078636,46.72665208788757],[-120.1716053384933,46.726080146221875],[-120.17317895307418,46.725849060805494],[-120.17487304786319,46.72598418059698],[-120.17519356765439,46.72603129413857],[-120.17553594265382,46.726039752471856],[-120.17588309890327,46.725956650388675],[-120.17611613015295,46.725870728513826],[-120.1762086457778,46.725823475388864],[-120.17640963640245,46.725720814972384],[-120.17663252494378,46.72546438476444],[-120.17666346556877,46.72538419830624],[-120.17685295931847,46.72408585664158],[-120.17802176973333,46.721838608728376],[-120.17816532494139,46.72163870352042],[-120.17820618431637,46.72122061810436],[-120.1782558270246,46.72099919831306],[-120.17822734160798,46.720815143105],[-120.1782461343163,46.72068941393847],[-120.17828585514957,46.72042368581387],[-120.17838875306609,46.72023431081425],[-120.17847544785765,46.72007475456447],[-120.17885386348199,46.71975667435662],[-120.17897978952351,46.71959216498191],[-120.17911952493995,46.71940961810726],[-120.17941665618946,46.719228972274145],[-120.17951285618932,46.71917048477426],[-120.17959863848083,46.719143584774265],[-120.17990004577207,46.71904906810771],[-120.18018532077161,46.7190561035244],[-120.18056432493768,46.719091643107674],[-120.18058141660435,46.71909653789933],[-120.18086452702057,46.71917762435747],[-120.18112942285346,46.71921034727416],[-120.18153494681123,46.71910247539929],[-120.18190038743565,46.71903290248277],[-120.18226786868506,46.71892408894124],[-120.18288735930912,46.71872980560826],[-120.18341175201664,46.71853317748358],[-120.18372421868283,46.71838371290039],[-120.18399932701571,46.71822023165068],[-120.18424184576533,46.717951175401105],[-120.18446997076495,46.717618489984936],[-120.18456054784815,46.717534988943356],[-120.18510414576399,46.71695888061099],[-120.18546921659674,46.716314682695334],[-120.18573293430468,46.71601028373743],[-120.18631573742879,46.715422179571675],[-120.18671376971982,46.71509145978055],[-120.1868638947196,46.714767735822704],[-120.18688927701125,46.71470963790612],[-120.18710164992757,46.71422352228188],[-120.18738831346879,46.713470967074706],[-120.18755271242686,46.71287256290895],[-120.1877544572182,46.71228817436814],[-120.18786517805138,46.71198967436871],[-120.1879983113845,46.71162623895258],[-120.18816675513422,46.71131606186972],[-120.1884051426339,46.711125474369986],[-120.18853245409201,46.7110170108285],[-120.18864420513347,46.71092180562038],[-120.18884795617487,46.71066487957908],[-120.18897292284129,46.71045840562107],[-120.18902590617455,46.710171580621484],[-120.18916038534104,46.70978198583046],[-120.18916427075764,46.709707243122224],[-120.18929758221583,46.70934007124789],[-120.18948638534049,46.70900419728997],[-120.18971606242347,46.708683006665474],[-120.18975328221512,46.70863095458231],[-120.18995430304814,46.70842634520759],[-120.19010654263121,46.70835457958267],[-120.19040319054743,46.708214733749486],[-120.19073323325524,46.708091877499704],[-120.191099944713,46.70799611187487],[-120.19141096971254,46.707872785833366],[-120.1916092645039,46.7077204962503],[-120.1918143436702,46.707437405625704],[-120.19195898742004,46.707218313959444],[-120.192164064503,46.7069352212515],[-120.19218006658633,46.7069166472932],[-120.19240716971098,46.70665306396029],[-120.1926448395023,46.7064755462522],[-120.19323087179305,46.70618870875268],[-120.19361190408411,46.705997474377945],[-120.19459317179094,46.70565992229515],[-120.19530267908148,46.70548107854548],[-120.1958503082473,46.70542314625383],[-120.19608804158027,46.705339771253996],[-120.19635721241322,46.70515012021268],[-120.19662730512113,46.70494264937961],[-120.19693160512067,46.70457544938019],[-120.1971063957454,46.7042050733391],[-120.19748463741143,46.70341149938203],[-120.19792079678577,46.70263686084153],[-120.1981319103271,46.702353708758636],[-120.19833626136848,46.70208368480074],[-120.19856571345144,46.70169640563463],[-120.1988542311593,46.70127128480199],[-120.19892277907587,46.701050319177355],[-120.19899809470074,46.70069855251117],[-120.19901231240908,46.70042387022001],[-120.19901050407572,46.70014037542873],[-120.19901022282572,46.70009640042885],[-120.19906043220067,46.69986189209584],[-120.19918939574212,46.6995769233463],[-120.19931768220027,46.69930503376339],[-120.19946159365838,46.69909901188866],[-120.19966253949137,46.698894384805655],[-120.19991984157436,46.698704236889284],[-120.20004000094912,46.69858930772281],[-120.2002002124072,46.69843607230637],[-120.20043241032351,46.69836317751482],[-120.20060689469824,46.69830196501492],[-120.20091513636449,46.69823093168167],[-120.20108775198918,46.698120331681885],[-120.20109232803082,46.698117399390206],[-120.20120091136401,46.69785812334897],[-120.2012624301139,46.69765008272428],[-120.20131625928049,46.697468044182834],[-120.20142010719701,46.697300329599834],[-120.20157895928008,46.69717325043341],[-120.20179146240476,46.69711296814179],[-120.20204198636272,46.69705361501682],[-120.20207042386266,46.697046796266875],[-120.202080685321,46.6970414650169],[-120.20251109573694,46.696816256683924],[-120.20274734052828,46.69666487543413],[-120.203121389486,46.696425187934494],[-120.20331960615238,46.696272876476414],[-120.20360332802694,46.69593930043526],[-120.20378928948497,46.6956557202274],[-120.20398335615137,46.69521517856141],[-120.20353318844373,46.695086300436564],[-120.20303072177785,46.69486446085359],[-120.2023958665705,46.69462628689563],[-120.20127419157221,46.69423212647958],[-120.20102428428096,46.69417102231296],[-120.20091705928111,46.694144803563056],[-120.20054294678168,46.69401777543821],[-120.20018723011556,46.69382690877192],[-120.1990093697007,46.69334266918928],[-120.19899007074241,46.69333627960599],[-120.1987932415761,46.69325460148108],[-120.19819576449369,46.693030415023124],[-120.19780536657761,46.69285059210665],[-120.1972269072035,46.69262686606539],[-120.19662538116278,46.69248115044061],[-120.19606119887197,46.692349445232466],[-120.19548139887286,46.69215187231611],[-120.19495523845706,46.69202109419128],[-120.19414530304162,46.691857157733246],[-120.1935681040842,46.691760816066754],[-120.19331568637625,46.69170582856683],[-120.19288119054357,46.69164277440032],[-120.192407322836,46.691604946275284],[-120.19230620096113,46.69161113377533],[-120.19210182283643,46.691623637941944],[-120.1916510363788,46.69150779210878],[-120.19125150304609,46.6913358275257],[-120.19116698533793,46.69129945148416],[-120.19092296137997,46.69114479627607],[-120.18926471242416,46.68978933481978],[-120.18919484575765,46.689692475445035],[-120.18874952492503,46.68910527023753],[-120.18840807075884,46.68871706711317],[-120.18781680409312,46.68837510982203],[-120.18749842701027,46.688275599405486],[-120.18688068846957,46.688077049405805],[-120.18637156034538,46.68798594211424],[-120.18567267701309,46.68781529003123],[-120.18499964993083,46.68765094732316],[-120.18486705722268,46.6876020639898],[-120.18400994264067,46.68728605982366],[-120.18345060826654,46.68706273482403],[-120.18331010410007,46.68695886607417],[-120.18321304160027,46.68687352753268],[-120.18282886139252,46.68657593482483],[-120.18233132805996,46.68626244940864],[-120.18212633535195,46.68617881607545],[-120.1819220249356,46.68608210461732],[-120.18151408743621,46.685875598367545],[-120.18097855410372,46.685561171284725],[-120.18048103847951,46.685247676493525],[-120.18028150202144,46.68505940253549],[-120.18004804264683,46.68479170878587],[-120.17986751660546,46.68460390149449],[-120.17971008431401,46.684338083786564],[-120.17966396660576,46.68412739837028],[-120.17965654056411,46.683904569204],[-120.17946041868942,46.683650892121065],[-120.17911702181495,46.683301906704806],[-120.1788618426487,46.68308606191361],[-120.178658911399,46.682963182747045],[-120.17811592389985,46.68279262233073],[-120.17763132390058,46.68259730774763],[-120.17728112598444,46.68237911399792],[-120.17705510723484,46.682334242123005],[-120.17657928640222,46.68233559108133],[-120.17619986036112,46.68231312337306],[-120.17553671765381,46.68225745253983],[-120.17530189369586,46.682270245248176],[-120.17523900515431,46.68227367337311],[-120.17504052911293,46.6822844858732],[-120.17501190827964,46.6822859608731],[-120.17467874369687,46.682288641081534],[-120.17429590515576,46.6823315681647],[-120.17368636765673,46.68234269524806],[-120.17326961557404,46.68230619837311],[-120.17283658849134,46.682216910873294],[-120.17243144578367,46.68195805358201],[-120.17231343432552,46.6816670077491],[-120.17224094786728,46.681233020249685],[-120.17209039370084,46.680836394208775],[-120.17188214265953,46.68045143795927],[-120.17179757495133,46.68034287962614],[-120.17172458536811,46.68028263587623],[-120.16981617287105,46.6791104212947],[-120.16923032495528,46.67863036504546],[-120.16893178745572,46.678282939004376],[-120.16877442703935,46.67801710567137],[-120.16850715099808,46.677669970255295],[-120.16826693849845,46.67753305463053],[-120.1679683520406,46.677420884839],[-120.16766565412439,46.6772525869226],[-120.16725525933333,46.67686625046485],[-120.1669472541255,46.676570492131965],[-120.1666399343343,46.67626165046575],[-120.16632577704316,46.676083605674414],[-120.16600888329361,46.675957880674645],[-120.16578563746067,46.675860669216384],[-120.16537031037795,46.675797985883214],[-120.16531816975306,46.675788643174855],[-120.16503099475347,46.67573718380001],[-120.1647690603789,46.675652108800115],[-120.16466462912906,46.67546616296701],[-120.16473259162893,46.675258301509075],[-120.16485550725379,46.675091091092625],[-120.1649242260036,46.67499085671782],[-120.16504090933678,46.67482065567642],[-120.16526362808645,46.67456424213512],[-120.16546734371117,46.6743073577605],[-120.16564400100255,46.673840254636204],[-120.16571880100241,46.67350159213674],[-120.16571433016907,46.67285973901284],[-120.16571928121073,46.67240147443017],[-120.16566927808583,46.67190255776423],[-120.16554190308602,46.671427917139994],[-120.1655610645443,46.67106168172387],[-120.16556466871101,46.67084813484919],[-120.16557012079431,46.670524937974726],[-120.16560896766926,46.670146094225274],[-120.16561010829422,46.67014101193364],[-120.16565860204418,46.669924679642335],[-120.16566065621085,46.66988544005903],[-120.16529090308643,46.66967982235099],[-120.16499168017022,46.66958072443447],[-120.1645960874625,46.66950543068468],[-120.16388158954692,46.6693436452682],[-120.16340725829765,46.66931878068495],[-120.16285760829852,46.66927894735164],[-120.16223999579948,46.66944697547634],[-120.16191409684164,46.6695350442262],[-120.16179612809186,46.669566923392914],[-120.16144726142566,46.66968923068432],[-120.16089349684326,46.669727867142605],[-120.16031387705247,46.669896827559],[-120.15985237184486,46.66999013901725],[-120.15893209997125,46.67012443380865],[-120.15810614372255,46.670274164016774],[-120.15702993955757,46.67041904839154],[-120.15695647809936,46.670428936933206],[-120.15692691247439,46.670437692141455],[-120.15658928226658,46.670537676516346],[-120.1558386301844,46.67070236089112],[-120.15537985935181,46.670743332766065],[-120.15500189893572,46.670694640057754],[-120.1547210260195,46.67057866193292],[-120.15446186143659,46.67047164943309],[-120.15397127289567,46.67039395464152],[-120.15363475414613,46.670280802558395],[-120.15295965935553,46.670093735892],[-120.15238094789812,46.669882871308985],[-120.15198949685703,46.669729055684265],[-120.15159461039936,46.669640635892726],[-120.1513931739413,46.66958713485115],[-120.15105047185853,46.66949611193463],[-120.15054983956765,46.66924789214338],[-120.15030799373467,46.669143639018536],[-120.14950577290256,46.66884205881062],[-120.1490028812367,46.66872646818582],[-120.14869729373714,46.66868675672757],[-120.14866671248723,46.66868278172759],[-120.14861125936226,46.66868249006087],[-120.14825553332116,46.66868061610252],[-120.14786697707179,46.66869519318591],[-120.14764271978049,46.6687138661025],[-120.14747586769738,46.66875824006081],[-120.14690896561494,46.66903531401867],[-120.14662746874036,46.66909745151863],[-120.14632899999083,46.66919500360175],[-120.14594141144977,46.669329393184924],[-120.14586324894991,46.669341367143176],[-120.14570321665849,46.669393511934864],[-120.14543073749223,46.66943524630971],[-120.14521906457588,46.669438049434724],[-120.14495041561798,46.66940707339311],[-120.14478824061825,46.669362574434864],[-120.1446985281184,46.66932592339323],[-120.14466169999343,46.66931087860162],[-120.14458295624354,46.66924419631009],[-120.14439986561882,46.66915063901852],[-120.14419245311916,46.66907265256028],[-120.14378723436978,46.66895736714381],[-120.14340790103707,46.66888192339397],[-120.14321680832899,46.668827697352356],[-120.14077592916613,46.66861393901936],[-120.13979221458432,46.668347971311434],[-120.13960219479293,46.66831967443648],[-120.13928700208511,46.668211374436595],[-120.1391911010436,46.66817842235335],[-120.13902817604384,46.6681413911034],[-120.1386777843777,46.668061753603496],[-120.13860832291948,46.668045966103534],[-120.13828601562831,46.66802480047856],[-120.13769633021258,46.668023135895275],[-120.13753436042117,46.668029512978585],[-120.13708626354685,46.668047152561854],[-120.1364585802145,46.668044529645215],[-120.13598358750687,46.668032631728536],[-120.13562397188248,46.66799742756192],[-120.13538043334114,46.66792584214541],[-120.13499043230011,46.667745811937415],[-120.13443842813429,46.66739146089618],[-120.13405149896823,46.667173968188216],[-120.13382874167688,46.66704875568839],[-120.13364475521888,46.66699548485518],[-120.13337050834429,46.66691607652197],[-120.13313545417797,46.66684801714708],[-120.13275685313694,46.66681233068881],[-120.13239192188746,46.66681573173045],[-120.13237617501251,46.66681587860544],[-120.13178581147173,46.66682726298046],[-120.13134675001406,46.666855535897035],[-120.13090838230643,46.66687072964704],[-120.13039263126558,46.66691017339701],[-120.1298789583497,46.66691037652191],[-120.12949758647528,46.66692699527196],[-120.12906060314266,46.66691602235534],[-120.12889238335124,46.66685941089704],[-120.12882470314297,46.66670054943896],[-120.12880217189303,46.666662426522336],[-120.12880152710137,46.66666235568904],[-120.12836214064374,46.66594932444011],[-120.12777139168635,46.665486655690856],[-120.12750502397842,46.665397008816036],[-120.12731780939532,46.66533991923275],[-120.12690677397931,46.665198620274644],[-120.12638174898012,46.6650544556915],[-120.12591025314754,46.66497712027504],[-120.12547883856483,46.66486149840018],[-120.12512411252374,46.66473470777539],[-120.12474900210765,46.66463359840055],[-120.12412483335861,46.664565510900594],[-120.1235717979428,46.66459088798394],[-120.12315591669346,46.66454113485898],[-120.12249375419452,46.66447208277578],[-120.12243600106963,46.66446218277578],[-120.12213556565335,46.66441067860925],[-120.12171968752904,46.664360918192635],[-120.12147201565443,46.66436777965095],[-120.12123644273811,46.664437856734125],[-120.1210661041967,46.66448852756742],[-120.12067779794734,46.66463591194221],[-120.12031126878121,46.66473145256698],[-120.11992921565682,46.66476112027535],[-120.11971745419879,46.66480817131689],[-120.11935300628274,46.66486447340014],[-120.11897025940829,46.66490721506674],[-120.11841582815919,46.66495872652497],[-120.11746242920232,46.665000177566625],[-120.11737637191077,46.665006749441595],[-120.11709404274457,46.66502830777488],[-120.11694668753643,46.66503955985819],[-120.11671257503679,46.665027882774886],[-120.11645273024556,46.66502710048325],[-120.11603476566285,46.665016557774976],[-120.11542472920547,46.665040459858226],[-120.11495185941455,46.664989236941764],[-120.11461267504006,46.66492828902505],[-120.11400821149935,46.66484754735853],[-120.11371382295813,46.66474988173369],[-120.11370911566648,46.66474831819197],[-120.11343283337521,46.66465330360881],[-120.11337066879203,46.6646259692339],[-120.11318722295896,46.66454044319233],[-120.11303682400086,46.664496196317465],[-120.11290817400105,46.6644848588174],[-120.11280084170953,46.66451450673402],[-120.11278902087622,46.66452015569234],[-120.11265615316813,46.66458365881727],[-120.11240456150182,46.66467437860874],[-120.11174182921121,46.66476279840031],[-120.11153361671155,46.66476814215031],[-120.11152013650322,46.66477161506696],[-120.11122744483698,46.66477072027535],[-120.11113340108717,46.664770433816955],[-120.11093049379576,46.664769812983614],[-120.10999958129723,46.6647462848587],[-120.10905386046534,46.66464379215053],[-120.10875338025748,46.66457070985892],[-120.10841769692468,46.66444434735922],[-120.10789273234218,46.664300100484354],[-120.10733256775971,46.664102574443035],[-120.10673231776066,46.66394331819325],[-120.10619045942815,46.663759345276915],[-120.10598427713677,46.66370173902701],[-120.10568240942895,46.66365480569371],[-120.10542272922102,46.66353036090224],[-120.10542111047101,46.663529368193934],[-120.10499906047164,46.66327079423603],[-120.10488101984686,46.663206171319366],[-120.10463238651391,46.663012666111435],[-120.10420872401455,46.662753097361794],[-120.10368518651536,46.66258267340377],[-120.10344789484905,46.66252865465373],[-120.10342988651576,46.662522030695506],[-120.10319739276612,46.662466807778905],[-120.10261842297535,46.662254415070905],[-120.10198650943467,46.661976459862984],[-120.10140599381053,46.661804582779894],[-120.10103584901947,46.66161184215521],[-120.10058691985353,46.66146948694712],[-120.10011970006258,46.6613135734057],[-120.0997615594381,46.66125210048907],[-120.099177559439,46.66114560465595],[-120.0988555188145,46.66116898486421],[-120.09877652610629,46.66117472028084],[-120.09866911881483,46.66115135465593],[-120.0982312250655,46.66105610465611],[-120.097911781316,46.660982511947836],[-120.09751215319159,46.6609854640312],[-120.09725888965033,46.66109690465599],[-120.09704572298398,46.66117007236429],[-120.09676077298445,46.661162836947554],[-120.09673535423451,46.661149095280955],[-120.0965574136098,46.66105289736439],[-120.09643354902664,46.66087949319799],[-120.09623790215194,46.66062568486503],[-120.0962260729853,46.66061348486507],[-120.09580604277761,46.66034265778218],[-120.09513976361194,46.659997117157786],[-120.09469379590433,46.659800048408016],[-120.09424324278,46.65968858486651],[-120.09394086673882,46.659640520283276],[-120.09385256569732,46.659621503616634],[-120.09342350319798,46.65949629632518],[-120.09300980840693,46.65947148903351],[-120.09263602924085,46.65947627236691],[-120.09197672403354,46.65938806715864],[-120.09141643861774,46.65938810049197],[-120.0913996573678,46.659387674450336],[-120.09108487299322,46.65937966507534],[-120.09073488132714,46.65932789632543],[-120.08988907716179,46.65923493174225],[-120.08949840737074,46.659167836950736],[-120.08917450424622,46.659016715075886],[-120.08883964591344,46.65876844945132],[-120.08875542195523,46.65870600778472],[-120.08840158133074,46.65833980986865],[-120.08798171883143,46.657657602578034],[-120.08773379695681,46.657251239037016],[-120.08730858341579,46.656668904662865],[-120.08695783029134,46.65624563174687],[-120.08647124904206,46.656033208830564],[-120.08594016050127,46.655876796330816],[-120.08540293654374,46.65583452758085],[-120.08520425008572,46.65581657341417],[-120.08474215216978,46.65577481716424],[-120.08394181987934,46.65561188799788],[-120.0824384011317,46.655368106748234],[-120.08097201155061,46.65494367445723],[-120.0797235563442,46.65400187862534],[-120.0793601730115,46.65360862029268],[-120.07915454488678,46.65318903175164],[-120.07892896676213,46.65275464216896],[-120.0785729230127,46.65243122029445],[-120.07831201988809,46.65226738904479],[-120.0780385948885,46.65214701716992],[-120.07796747197193,46.65211570779493],[-120.07784742926378,46.651976926545146],[-120.07777948447223,46.65189837654532],[-120.0776551823891,46.65175053800385],[-120.07726078968136,46.65136897967111],[-120.07683491051542,46.65118664112975],[-120.0762417417663,46.65102859738002],[-120.07601208551667,46.650956940088406],[-120.07579284072534,46.650888528630226],[-120.07550568968412,46.650732663005485],[-120.07504700947646,46.650483686964186],[-120.07466335322708,46.65028813071447],[-120.07389373968658,46.64993982238162],[-120.07316326468776,46.649635372382086],[-120.07257320427198,46.64942023904916],[-120.0719547240646,46.649347249465926],[-120.07121039073245,46.649299606757715],[-120.07081673760804,46.6492895202994],[-120.07046066469196,46.64935183384087],[-120.06999714177603,46.64948282967403],[-120.06990687823448,46.649515345299065],[-120.06986562406787,46.649530205715664],[-120.06955279490165,46.64964289009041],[-120.06927416156876,46.64981105363191],[-120.06917262406891,46.6498592640484],[-120.06912376261069,46.649903353631686],[-120.0685849626115,46.650275301547815],[-120.06790343240426,46.65060072342236],[-120.06674689698934,46.65088538071353],[-120.06573165636593,46.65085932654687],[-120.06501112095037,46.65075510363044],[-120.06432057824316,46.65048019738084],[-120.06385563449385,46.650253944256164],[-120.06385261991052,46.65025043488113],[-120.06367998345247,46.65004940883981],[-120.06331709282803,46.649854349465095],[-120.06303475949511,46.64970421925703],[-120.0628114907455,46.64961275779887],[-120.06241482824608,46.64944462654908],[-120.06234501574619,46.64941503696584],[-120.06202202408002,46.64924957238276],[-120.06180185220536,46.64910103800796],[-120.06160936053901,46.64882462863336],[-120.0616044584557,46.6488171942584],[-120.0614751605392,46.64862115259211],[-120.06140543241435,46.64837647238412],[-120.0612805147062,46.64800178592636],[-120.06116935533134,46.647756040093356],[-120.06099913553994,46.64745162759381],[-120.06075455741535,46.64698813801128],[-120.06054290637401,46.646682658845066],[-120.06030280637437,46.646519322386915],[-120.0599982355415,46.64639718801218],[-120.0598165126251,46.64634361301224],[-120.05973277720858,46.64631892551227],[-120.05940130116744,46.64631039842896],[-120.05911590220956,46.64621733176243],[-120.05889497825154,46.64608306092929],[-120.0587600178351,46.64589384947126],[-120.0587141209602,46.645592631763435],[-120.05870346679352,46.64540661822208],[-120.05868400950187,46.645302346347144],[-120.0586714657519,46.64528129009722],[-120.0586544730436,46.645162470305785],[-120.05865155637697,46.64483378280624],[-120.05851737721048,46.64463030572323],[-120.05825657512753,46.644466431765224],[-120.05804225741957,46.64438048384866],[-120.05795201783633,46.64434429218202],[-120.05754930221194,46.64411961614071],[-120.05748750325375,46.64405294843249],[-120.05740819596218,46.64396739426588],[-120.05716285012925,46.64359531718311],[-120.05677563033817,46.64308528385061],[-120.05642210429704,46.64271899322621],[-120.05612376054752,46.64248271093497],[-120.05577933867306,46.642330965101806],[-120.0553004022155,46.64227812551851],[-120.05469964909139,46.64226264843525],[-120.05453811159164,46.64226332343525],[-120.05422241367545,46.642264642185204],[-120.05365843971799,46.6423358307267],[-120.05306986784392,46.64247782343485],[-120.05254189596974,46.642649948434695],[-120.05216358138699,46.64274020676784],[-120.05153822617962,46.64279551614274],[-120.05110319597196,46.64278429530941],[-120.05058452409781,46.6427852026011],[-120.05015026889015,46.64275971093446],[-120.04982269701566,46.64267981822628],[-120.04936020951635,46.642410706768345],[-120.04887545743378,46.64216959322704],[-120.04875193451728,46.642120884893785],[-120.04844897514278,46.64200141822731],[-120.04804165535171,46.64186231197753],[-120.0475268761859,46.64179186926929],[-120.04701365431168,46.64169288801947],[-120.04635231889604,46.64164722656117],[-120.04578911993855,46.64170410989438],[-120.04542954598077,46.641735894269345],[-120.04528884285601,46.641748331769435],[-120.04466816160698,46.64171800051946],[-120.04461388244037,46.64171481093607],[-120.04432533764918,46.64169785781105],[-120.04423391681598,46.641692485936154],[-120.04378907098335,46.641480955728134],[-120.04361285744194,46.64137454322831],[-120.0434677407755,46.641286907811796],[-120.04308115640112,46.641148321353654],[-120.042702839735,46.641238547395204],[-120.0424257605688,46.64137425468666],[-120.04204121473606,46.64157861822796],[-120.04174419806988,46.64169952135286],[-120.04162541890338,46.641747363019405],[-120.04151088244521,46.64179349531101],[-120.04113722827913,46.64179811301931],[-120.04094596161275,46.641755058852716],[-120.04070687932148,46.64170124739443],[-120.04049752411345,46.6416164692696],[-120.04030581473874,46.64144797447818],[-120.04020177828056,46.64135510885331],[-120.04010800744737,46.64127140260352],[-120.03986410015608,46.64117936197859],[-120.03984281161445,46.64117972760354],[-120.03953188244827,46.641185047395254],[-120.03923797932373,46.641248872395174],[-120.03886043140767,46.64132481822836],[-120.03860717724137,46.641403983853266],[-120.03822651265864,46.64153699739472],[-120.03776688453432,46.6415965255196],[-120.03739479286828,46.64157259426964],[-120.0370488720355,46.641449328644875],[-120.03680263036917,46.641400083853206],[-120.03645359495307,46.64133388593664],[-120.0357987647457,46.64139608489496],[-120.03574460432918,46.64140122760327],[-120.03571755537088,46.64140588385324],[-120.03515159808005,46.64150330989476],[-120.0350954209968,46.641512980728024],[-120.03463110641421,46.64165809947782],[-120.03451946058108,46.641697619269436],[-120.03429264287308,46.64177790676939],[-120.03403781787348,46.64188559531084],[-120.03363876891576,46.64197525572734],[-120.03320062620811,46.64202103593562],[-120.03274255016714,46.642052007810555],[-120.03241110641768,46.64204340468559],[-120.0321019397515,46.642006801560626],[-120.03186606683518,46.64195003385241],[-120.03183576787688,46.641942741144106],[-120.03116310433627,46.641725247394376],[-120.03093912412828,46.641719430727726],[-120.03066594287874,46.641712333852745],[-120.03032981475424,46.641789328644336],[-120.03018090225447,46.641856897394256],[-120.02993897100482,46.642107788018784],[-120.02978536788011,46.64226096093522],[-120.02967319600526,46.64241520885166],[-120.02952193558883,46.64252557968487],[-120.02945948454726,46.64254162447645],[-120.02926944288089,46.64259045572643],[-120.02889343975649,46.64263783385131],[-120.02847600642377,46.64268413385129],[-120.0281183710077,46.64277484843445],[-120.02804419079945,46.642793765101075],[-120.02750824080029,46.6429304369758],[-120.0274031324671,46.642971457809146],[-120.02691423038455,46.6431622651005],[-120.02670076580154,46.64323269218377],[-120.02649852934348,46.64329192447535],[-120.02623793038559,46.643397461975155],[-120.02564458871984,46.64362491301648],[-120.02528537934542,46.64374415364124],[-120.02505359184573,46.64380956093282],[-120.02436684184683,46.64384883593277],[-120.02386731580594,46.64387869426602],[-120.0232872751818,46.64386359009948],[-120.02326719914021,46.643861878641054],[-120.02279911997425,46.64382192655784],[-120.02256457622462,46.64380190676623],[-120.0221940439335,46.64374939322458],[-120.02193658143393,46.643621241141524],[-120.02189114601732,46.643598627599864],[-120.02154603560122,46.64346104843335],[-120.02124157101832,46.64333881405854],[-120.02093319081047,46.643287916142015],[-120.02062245956097,46.643279817183725],[-120.02051223351945,46.64330373280862],[-120.02032852414476,46.64334359426689],[-120.0201510626867,46.64337085885019],[-120.01993100852037,46.64340466822509],[-120.01965778768742,46.643468983850056],[-120.01954496164596,46.643471217183425],[-120.01934627206295,46.64347514843337],[-120.01876545435552,46.64347429010003],[-120.0186969053973,46.64347745989165],[-120.01854317310587,46.64348456614168],[-120.01837029081446,46.64349256093332],[-120.0180779199816,46.643527796349936],[-120.01755767935737,46.64355708697492],[-120.01726766164948,46.643549520308234],[-120.01713798664969,46.64352653176658],[-120.01679513144188,46.64346575155838],[-120.01673400123364,46.6434550473917],[-120.01650746998399,46.643415380725116],[-120.01619909394282,46.64336446822527],[-120.01608387831801,46.64337025572522],[-120.01602808456813,46.643373055725135],[-120.01573669602686,46.643423907808405],[-120.0155904949854,46.64349145676671],[-120.01523440644434,46.6435535994749],[-120.01492131998646,46.643588285933184],[-120.01463365852857,46.64353791093329],[-120.01427413665412,46.64328563176698],[-120.01387083040477,46.64307507135074],[-120.01327952103071,46.64288817343423],[-120.01321070228079,46.642877179684305],[-120.01319744394748,46.64287174114271],[-120.01252406374022,46.64266840780958],[-120.01224034186565,46.64254669322644],[-120.01185619186623,46.64236520051845],[-120.01163068665824,46.64231644218519],[-120.01127381582546,46.64239283697674],[-120.0108372304095,46.64240999739332],[-120.01049153561839,46.64236827343508],[-120.0103838606185,46.6423552776018],[-120.01030311061862,46.64233054426846],[-120.01007785749397,46.64226154947687],[-120.00979335853613,46.64215409531035],[-120.00922750749532,46.64188211614416],[-120.00890315437084,46.64174504010269],[-120.00857723041298,46.64163650051954],[-120.00837323353831,46.64157400989472],[-120.0082288783302,46.64153136822811],[-120.00810787937206,46.641495628644805],[-120.00802817103886,46.64143639010318],[-120.0079783658306,46.64132601406169],[-120.00791726687238,46.64119059947861],[-120.00791840020567,46.64117006197858],[-120.00789645437239,46.64112300468699],[-120.00782214708083,46.640835350520746],[-120.00779365645587,46.64069796197933],[-120.00780529395585,46.64048709010471],[-120.0077380449976,46.64039837552151],[-120.00764746687275,46.64037491197981],[-120.00757801478953,46.640356920313245],[-120.0075241991646,46.64035947239653],[-120.00710182937361,46.64037950156315],[-120.00701579499872,46.6403929140631],[-120.00692328354059,46.64040733906312],[-120.00654413041616,46.64051170989631],[-120.00622790541668,46.64060344218779],[-120.00594465333376,46.64064440677112],[-120.00589693250049,46.64065130781268],[-120.00580968250063,46.64066392552108],[-120.00543682937621,46.64065415989615],[-120.00495803771027,46.64068447760434],[-120.00448240229434,46.640657726562694],[-120.00436618041954,46.6406493244794],[-120.00425086062802,46.64064098489611],[-120.00417247833649,46.640635317187765],[-120.00363627729564,46.6405784005212],[-120.00284993042187,46.64054349947965],[-120.0023942210476,46.64053154947959],[-120.00199903875654,46.640473697396374],[-120.00132419292424,46.64037489739649],[-120.00060035021706,46.640208130730116],[-120.00048438875889,46.64018141302182],[-120.00008531584287,46.64006115885527],[-119.99991308459312,46.64000925781375],[-119.99950932417705,46.639895329688876],[-119.9990756595944,46.639772963022466],[-119.99887230334475,46.63973567448085],[-119.99852781272028,46.63969249843918],[-119.9975737543884,46.63959600573105],[-119.99752265126347,46.63961025885597],[-119.9974391710553,46.639603527606035],[-119.99613061689065,46.639720473439205],[-119.99567467209971,46.63975506614747],[-119.9946987596012,46.63977227552245],[-119.99389646689411,46.639651166147594],[-119.99377881272761,46.63962804739769],[-119.99367019814446,46.639616640105984],[-119.99305433147873,46.63950042968951],[-119.99250377210463,46.639328781773145],[-119.991826561689,46.63919666198164],[-119.99116373564834,46.63917921614833],[-119.99087453877381,46.63915731719001],[-119.99070026585741,46.63911530156517],[-119.99060843460757,46.63909316094013],[-119.99020129502486,46.63895385364873],[-119.98989613981702,46.63884580469056],[-119.98931018356791,46.63866128385746],[-119.98920298044304,46.63862752344089],[-119.9887050752355,46.638628695315894],[-119.98816574502803,46.63862877552424],[-119.9875841950289,46.63864202656588],[-119.987102247113,46.6387293380241],[-119.98641395857237,46.63879692031563],[-119.98592645753148,46.63898409323202],[-119.9854636294072,46.63910047552345],[-119.98538327315731,46.639121433856765],[-119.98496850857462,46.639229606773306],[-119.98491636378306,46.63924320781497],[-119.98485056169983,46.639243854689916],[-119.98452201795033,46.639247091148235],[-119.98419935336749,46.63915962135676],[-119.98411330857596,46.639136295315076],[-119.98374761378489,46.63899805989865],[-119.98322732628566,46.63865571510751],[-119.98322403670232,46.63865307864916],[-119.98296916899443,46.63844887552444],[-119.98258515128668,46.63826728594139],[-119.9820951887874,46.6381257640667],[-119.98186153462113,46.63808711198341],[-119.98168410962144,46.63805776094178],[-119.98138869608023,46.63804995990007],[-119.98131818566362,46.63804809740007],[-119.98108185545567,46.63807043281671],[-119.98074648045616,46.63813301198334],[-119.98016096170711,46.63821755677486],[-119.97965909087452,46.63829002344138],[-119.97930299920841,46.63835205156629],[-119.9787397804593,46.63840860677467],[-119.97838448462653,46.63845636510781],[-119.9778857877523,46.6384717557328],[-119.9773671731698,46.63847233177446],[-119.97689237004549,46.63843120052455],[-119.97658406483767,46.6383801848996],[-119.97623512942153,46.6383138036497],[-119.97617608567164,46.638295201566386],[-119.97588858254706,46.63820462344151],[-119.97552371067263,46.63805209427515],[-119.97526320129806,46.63788803698374],[-119.97490310754858,46.637649906775714],[-119.97457807838244,46.63752700365089],[-119.97421082525801,46.63741727031777],[-119.97359343671731,46.63732948698459],[-119.97320149713454,46.637290535942974],[-119.97289160963503,46.637268040109696],[-119.97256100963557,46.637244997401325],[-119.97190300130325,46.63714184219322],[-119.97147282526225,46.63704472031833],[-119.9710848710962,46.63693442761018],[-119.9708387169299,46.63688504323531],[-119.97012973672268,46.63658050052736],[-119.96989474297305,46.63633138281943],[-119.96961833047345,46.63608116511154],[-119.9693865315155,46.635774980736976],[-119.96921367839077,46.63552750782066],[-119.9691125294326,46.6351104859463],[-119.96898110443279,46.63486411198844],[-119.96883056380803,46.634588656780444],[-119.96863461589163,46.634383432822425],[-119.96831200964215,46.634217713031134],[-119.96792169193442,46.634150210947865],[-119.96769227526813,46.63417270053114],[-119.96761651068488,46.6342135203228],[-119.96741426068517,46.634322489072574],[-119.96703348360244,46.63445526198908],[-119.96648701693665,46.63458363698884],[-119.9660897919373,46.63469165573868],[-119.96606561485397,46.63470104115534],[-119.9660009679791,46.63471580990523],[-119.96594110756251,46.63472948803023],[-119.96556136277144,46.63481624428019],[-119.96508740131385,46.634760798446926],[-119.964551306523,46.634703701571986],[-119.96432747735668,46.634626319280414],[-119.96429689089837,46.634612805738854],[-119.96398337631554,46.634474303655686],[-119.96358273464949,46.63422077136442],[-119.96334858152488,46.633957374489825],[-119.96297983881709,46.63350466303223],[-119.96266285027593,46.6332390640742],[-119.96242630756798,46.633018464074645],[-119.96210213256848,46.63288125990815],[-119.96159236590256,46.63272483490839],[-119.96120606486154,46.63258597657527],[-119.96093922736196,46.63253602032529],[-119.96064848777907,46.63254257865869],[-119.96051509715426,46.632553104700314],[-119.9603776565295,46.63256395053363],[-119.96000567215503,46.63253977136705],[-119.95986477944695,46.6324695119921],[-119.95976354611378,46.6324190297006],[-119.95954053361413,46.632327372408966],[-119.95929840861447,46.63220663178423],[-119.95904037632324,46.631999740117855],[-119.95859204715724,46.63148774532703],[-119.95825357840776,46.631235850535724],[-119.9579231190333,46.630841290119605],[-119.95744689403405,46.63045713699523],[-119.95721758986768,46.63010812866241],[-119.95691025132653,46.629671320329756],[-119.95643004299393,46.62935849428864],[-119.95596094299464,46.62921741408048],[-119.95535958674562,46.629215685955494],[-119.95495971174618,46.62931933387198],[-119.95495730549625,46.629320319288674],[-119.95459885237177,46.62946688595505],[-119.95430252008055,46.6295732911633],[-119.95398147112275,46.629750475538025],[-119.95370584403982,46.62985742970451],[-119.95345333154025,46.62992213803777],[-119.95307495862416,46.63001206720421],[-119.95258983362486,46.630156297412334],[-119.95229349508367,46.630262698453905],[-119.95189440862593,46.63035207032874],[-119.95164910445969,46.63028837762052],[-119.95156753362647,46.63024616824555],[-119.95138710237677,46.63015280262074],[-119.95112830654382,46.62996016095437],[-119.9509340482108,46.62972637657969],[-119.95039656071162,46.62932627241369],[-119.95017437737863,46.62922033074717],[-119.9497722357126,46.628995285955874],[-119.94920763883847,46.6287087536646],[-119.94889219717231,46.62849198699828],[-119.94877050758915,46.628368469290166],[-119.94861768050606,46.62813578699882],[-119.94846966800627,46.62781750783272],[-119.94829934404822,46.62752720887476],[-119.94818633154843,46.62732416408344],[-119.94811553363184,46.6272277547086],[-119.94809001592354,46.62719300366696],[-119.94808060550692,46.62718599845865],[-119.94791086696551,46.62705963283389],[-119.94771101175746,46.626925706792385],[-119.94742913050789,46.62677530366762],[-119.9471408263417,46.626739028667664],[-119.94687323363377,46.62670330470934],[-119.94665955655076,46.62667417554282],[-119.94648219509271,46.62664999637617],[-119.94619148467648,46.62665651720952],[-119.94583945446867,46.62664711304279],[-119.94550732842755,46.626652525542774],[-119.94501034405336,46.62663924325118],[-119.94438831176262,46.62663690366779],[-119.94411830863807,46.62664397450118],[-119.94363399822214,46.626773901584315],[-119.94325804405605,46.62682099845921],[-119.94288289405667,46.626853827625844],[-119.94252684197387,46.62691574325073],[-119.94221301280766,46.626964498458975],[-119.94168647322516,46.62710757554208],[-119.94133524510067,46.627083890125405],[-119.94092189405967,46.62705854116717],[-119.94043054093545,46.62694537658406],[-119.940290414894,46.62685590054245],[-119.94028256385236,46.62685222033413],[-119.93996713989448,46.62670437033439],[-119.93981193989475,46.626514475543026],[-119.93961532635336,46.62632347241836],[-119.93940122843702,46.626074850543674],[-119.93914008052076,46.6259249797106],[-119.93889883989614,46.625789930752475],[-119.93865598677156,46.625683414085906],[-119.93824506489716,46.62561525783609],[-119.93802211698083,46.62552355991956],[-119.93798231281426,46.625493917211244],[-119.93774188052295,46.625344598461524],[-119.93750692218998,46.62519017450341],[-119.93740194198182,46.62512117658683],[-119.93724353364871,46.62498834325367],[-119.93713219198226,46.62488300575386],[-119.93694823364916,46.624708965129166],[-119.93693950656585,46.624698877629186],[-119.93669515552455,46.62441642971292],[-119.93658219198305,46.62421337554663],[-119.93640308365003,46.62407998596353],[-119.93616427219206,46.62390213492208],[-119.93598355448397,46.62379727658892],[-119.93573991073437,46.62370501825569],[-119.93541102740159,46.6236533370058],[-119.93508214406876,46.623601657839195],[-119.93481823469416,46.62359457971419],[-119.93473013781926,46.62359221825586],[-119.93448290865302,46.62358558700587],[-119.93448166281969,46.62358555367262],[-119.93421248052842,46.623578333880936],[-119.93388037427894,46.62358371304764],[-119.93344554407129,46.62357204950591],[-119.93315565448842,46.62356427138095],[-119.93305212323855,46.623561494297626],[-119.93263719303089,46.62356464742263],[-119.93255517115597,46.62357738283925],[-119.93232337428134,46.62361337658921],[-119.93198561907356,46.62371861200571],[-119.93162635240743,46.62383755679718],[-119.93124395657469,46.62399874221357],[-119.93087822845024,46.62423181304654],[-119.93062530865899,46.62446714012949],[-119.93055068261742,46.6245230588795],[-119.93014595761802,46.62471221721248],[-119.92977082636867,46.62474500575409],[-119.9293018326194,46.62460381721265],[-119.92864245241209,46.6245289515878],[-119.92829633262096,46.62450420262946],[-119.92800216491304,46.62448317033786],[-119.92747642533055,46.624611914087716],[-119.92703835553954,46.62465728804588],[-119.92641327949883,46.6246719505459],[-119.92618696491587,46.62467725992086],[-119.92596924616625,46.6246714036709],[-119.92579353887481,46.624666677629264],[-119.92546708575031,46.62457217033771],[-119.92496074408444,46.624358523463016],[-119.92459530658499,46.62422010262992],[-119.92437643262701,46.62405704846344],[-119.92418150137736,46.62383748908888],[-119.92404396908586,46.623602852630874],[-119.92401132116926,46.623547155755936],[-119.9238992159611,46.62332982346467],[-119.92385246700286,46.62305710054843],[-119.92378500971125,46.6227838192988],[-119.92371836387804,46.622496273465885],[-119.92373130554466,46.622268019299575],[-119.92366465866981,46.62198047138339],[-119.92359154408655,46.621807051591986],[-119.92341328471184,46.62165937763389],[-119.92286718367103,46.6214160734676],[-119.92276348054617,46.62138638805098],[-119.9224432847134,46.621294730759416],[-119.9223162357552,46.62125836305121],[-119.92159236492301,46.62122458180121],[-119.92079134200759,46.62108870575985],[-119.9197832722175,46.62094724221831],[-119.91916860346846,46.62081637451019],[-119.91842727638624,46.620724953677],[-119.9180379368035,46.6206430182604],[-119.91734288680459,46.62046710992737],[-119.91689386909695,46.620340697427544],[-119.91650777534755,46.620201694302835],[-119.91612087118148,46.62007695471969],[-119.91574045764041,46.61983808701168],[-119.91542216284927,46.61960089430379],[-119.91504337743315,46.61933349430417],[-119.91462399930884,46.619050707846284],[-119.91387498264334,46.61873044430516],[-119.91340771597737,46.618560662013685],[-119.91286007014493,46.61834584534744],[-119.91245076181217,46.61823566826421],[-119.91227183577081,46.61811564118105],[-119.91220875347926,46.618087949514454],[-119.91202907118786,46.61800907034791],[-119.91170511806338,46.61787172763976],[-119.91143678577207,46.617850188056494],[-119.91106330660604,46.61785438493148],[-119.91079334618979,46.6178613765981],[-119.91041743264869,46.61790836826468],[-119.91018481806573,46.617987803681274],[-119.90986126702454,46.61820765993098],[-119.90966437327485,46.618388077639004],[-119.90949224410843,46.61849772347217],[-119.90927870452545,46.61860625263861],[-119.9090253816092,46.618685127638514],[-119.9086908691097,46.618733232846765],[-119.9083332107769,46.618823572429996],[-119.90814768994386,46.61880426618005],[-119.90788097744428,46.61875418701339],[-119.90753226286148,46.61868760368021],[-119.9068721784875,46.61862687972193],[-119.90646054098818,46.61857287555532],[-119.90631979828004,46.618556220347045],[-119.90567786286437,46.61848025055548],[-119.9049605545322,46.61833224118076],[-119.90457673994946,46.61822653180588],[-119.90457517953274,46.61822610159757],[-119.90432769099147,46.618157935972675],[-119.90410564932517,46.618051908889534],[-119.90376426911733,46.61785692138978],[-119.90342533474285,46.617619138056824],[-119.90312455349334,46.61743953597378],[-119.90291228370201,46.61716231930763],[-119.9026586118274,46.61688397868298],[-119.90239113057784,46.61669882243325],[-119.90222144724477,46.61667210264162],[-119.90219994203642,46.61666871826666],[-119.90193214203686,46.616690460975],[-119.90159935974573,46.61671000576652],[-119.90112006912146,46.61675414639147],[-119.9006391493305,46.616826809933094],[-119.90032462120605,46.61688969847461],[-119.89986358266509,46.61697717972447],[-119.89913184829123,46.61708588180768],[-119.8985953524587,46.61704275889105],[-119.8978908347515,46.61703792243275],[-119.89751747121039,46.61704207347442],[-119.89681540141981,46.616994446391125],[-119.89617542225415,46.61694850159957],[-119.89570176496319,46.61688581305799],[-119.89542631913032,46.61688346409965],[-119.89519329413065,46.61689574847463],[-119.89454905350665,46.61692110993292],[-119.8940688024657,46.616979498474514],[-119.89395322538259,46.616976359932785],[-119.89384973267444,46.61697354534942],[-119.89365474413303,46.6169682463912],[-119.89330279309195,46.616958681807844],[-119.89274381392613,46.6169434859746],[-119.89226846496852,46.616916274516264],[-119.8921275951771,46.61689795784965],[-119.89171275559437,46.61684401305802],[-119.89111169726198,46.6167440453498],[-119.89099387538715,46.616724448474905],[-119.8905399472629,46.61665197659994],[-119.89013089830517,46.616586668266784],[-119.8898320618473,46.61652417660016],[-119.88965963997259,46.61648811930861],[-119.88914616080672,46.61640270576699],[-119.88875526497395,46.61634920368376],[-119.88813745872496,46.616275233892196],[-119.8879086045586,46.61624995993395],[-119.88772529205892,46.61626232451723],[-119.88738472435108,46.616228203684024],[-119.88724428476797,46.616162270350785],[-119.88719749310137,46.61608318389256],[-119.88716211289312,46.61602338805932],[-119.88711665039317,46.61587308180956],[-119.88711670455984,46.61587216930957],[-119.88712732226816,46.61568704014317],[-119.88713870455983,46.61548859222679],[-119.88720550872638,46.61526681306049],[-119.88734027851785,46.61499049743591],[-119.887450661851,46.614764177644595],[-119.88744475560101,46.61455283910324],[-119.8873178347679,46.61425124847875],[-119.88710234622653,46.613922402645954],[-119.88668937331052,46.61326519743859],[-119.88637586185268,46.61275976931437],[-119.88619047851961,46.6122205630652],[-119.88617802122799,46.61187610577406],[-119.88619589310298,46.61180745473254],[-119.88620809310294,46.611594799524546],[-119.88617170664465,46.611509118274604],[-119.88617167851963,46.611506754733],[-119.88618559101963,46.61126424223338],[-119.88616301393631,46.61093500785885],[-119.88605926810317,46.61057499015112],[-119.88591330768672,46.610228107860024],[-119.88568372956207,46.60989323390215],[-119.8854773087291,46.6095161307777],[-119.88535287122926,46.609155546403294],[-119.88527989622935,46.60898210473694],[-119.88510423997963,46.608791578695524],[-119.88461153998044,46.60870671098734],[-119.88396796289805,46.60872606411234],[-119.88386389831493,46.60872919327901],[-119.88363998789856,46.60874358598724],[-119.88310284206608,46.60885693077875],[-119.88257309519192,46.60897912869525],[-119.88193536290123,46.60909837869507],[-119.88142360665205,46.60922105994486],[-119.8808521566529,46.60944148911123],[-119.88059021602832,46.609608251610965],[-119.8803232879037,46.60986183390223],[-119.88010963269573,46.61012929119345],[-119.87996582957096,46.610435921401304],[-119.87983930977948,46.61075544535914],[-119.87972685352965,46.61091090577559],[-119.87969136082138,46.610987117233734],[-119.87940749415515,46.611236546400065],[-119.87908058269734,46.611513374524655],[-119.87863438478138,46.61170121827432],[-119.87818900561534,46.61187479431578],[-119.877579656658,46.61201531410715],[-119.87692726499233,46.61218322973192],[-119.87642798270144,46.61221244952358],[-119.87611747020189,46.61220396306522],[-119.87570345457755,46.612192647440274],[-119.87549349520289,46.61210217869046],[-119.87530188686985,46.611987672440584],[-119.87526281603658,46.61197202244062],[-119.87485529207889,46.61184908077407],[-119.87471273582912,46.611820338065854],[-119.87439050457958,46.611811525565784],[-119.87425505978815,46.61178156306587],[-119.8737855191639,46.61165442139943],[-119.87337643687283,46.61155750369122],[-119.87270483062389,46.61133910160823],[-119.87222034937464,46.611111528691964],[-119.87205803687489,46.61104993494202],[-119.87175246604205,46.610955847442234],[-119.8708689347934,46.610817359942374],[-119.8702122879194,46.6106993661926],[-119.86978005354507,46.61064466619269],[-119.86926584208754,46.61057343181777],[-119.86864895667183,46.610485093276246],[-119.86755597334025,46.610383704734716],[-119.86662941917503,46.61027258077655],[-119.86593706813437,46.61026723702655],[-119.86534108480198,46.610322979734775],[-119.86492955980266,46.61026882973491],[-119.86380013480436,46.6100806797352],[-119.86358098063806,46.610031638068584],[-119.8624901941814,46.609787547443986],[-119.86175408064089,46.60961017348587],[-119.86118026918344,46.609494402652786],[-119.86065033376758,46.60933697036142],[-119.86010547647682,46.60907911098678],[-119.85955154731094,46.60897816515361],[-119.85903654314514,46.60892115161193],[-119.85890017543699,46.60891131515368],[-119.85839652022946,46.60887498598707],[-119.85760995043898,46.60885336098714],[-119.85709980043977,46.608852356820464],[-119.85705024835653,46.608852259945415],[-119.85682506710684,46.60886738807037],[-119.8564466691908,46.608892810987015],[-119.85588448794171,46.608934497445354],[-119.85551107752559,46.60893851307033],[-119.85482717752666,46.60893398286201],[-119.85395947023632,46.60888152557038],[-119.85350574211202,46.608840459945434],[-119.85335951607063,46.60883643494554],[-119.85327673586237,46.60883415473712],[-119.8529261691963,46.60882450265381],[-119.85259581294679,46.608801117237284],[-119.85226793690562,46.60873493702893],[-119.85222626711402,46.608714090153995],[-119.85190528169784,46.60855349744584],[-119.85170473065648,46.608428635987764],[-119.85138782544863,46.60838514744613],[-119.85064781711644,46.60840202661283],[-119.85028573378366,46.6084293141128],[-119.84971961295122,46.608552815154184],[-119.84951497336824,46.6086590870291],[-119.84927900566026,46.60879545786222],[-119.849037242119,46.60903168494519],[-119.8486124931613,46.60920571515325],[-119.84815048691199,46.609307277653016],[-119.84772987753763,46.60940997869459],[-119.84697642233048,46.60953207452773],[-119.84647135358126,46.609661016194174],[-119.84590087129051,46.60984530265223],[-119.8456234879576,46.60998052556868],[-119.84530139212478,46.61017166306846],[-119.84513060045832,46.61043484535965],[-119.84507159733346,46.610558231817734],[-119.84504799629184,46.61060758806771],[-119.84479376608392,46.61105777869208],[-119.84467143795905,46.61129389119164],[-119.84456023066758,46.6115085411913],[-119.8444244212928,46.61170481931602],[-119.84416109212651,46.61195472660732],[-119.84390107962697,46.612147575565295],[-119.84364272337734,46.61231189223173],[-119.84328003483625,46.612487618273136],[-119.84291734212849,46.61266334118958],[-119.84251158900413,46.61286644848089],[-119.84214806296296,46.61305643285551],[-119.8419070775467,46.6132783776469],[-119.84179278379685,46.61346096202159],[-119.8417149098387,46.61373027556289],[-119.8416767765054,46.614029266187416],[-119.84164611504713,46.61419987139553],[-119.84134135879759,46.61444862764506],[-119.84117408900619,46.614472578686744],[-119.84073937025687,46.61446056514507],[-119.8403502035908,46.6143783682702],[-119.839777224425,46.614248225562],[-119.83932180567571,46.61423562972874],[-119.83861714630183,46.614230431812075],[-119.83797209734446,46.61426973702034],[-119.83738748588705,46.614339288061856],[-119.83690637963781,46.61441170056182],[-119.83644181401353,46.61455600889495],[-119.83612630984732,46.6146330016031],[-119.83577273068124,46.61465179014472],[-119.83537774943183,46.61466942764475],[-119.83498609526578,46.614630007853066],[-119.83459527443307,46.61457632243659],[-119.83457781609972,46.61457198493659],[-119.83420695047532,46.61447984014507],[-119.83365551818451,46.61433597452025],[-119.83329372547674,46.61414021097888],[-119.83284830151912,46.613956414104145],[-119.83217683902012,46.61373777660455],[-119.83119320777165,46.6135390568132],[-119.83047285881446,46.61344764327156],[-119.82989824839865,46.613345980771825],[-119.82944993589939,46.613281624521896],[-119.8294281671494,46.6132740047302],[-119.82918141298313,46.613230009938654],[-119.82885873590027,46.61317248077205],[-119.82876834944211,46.613153524522104],[-119.82850540673417,46.61309838077218],[-119.82816635465134,46.61304610993896],[-119.82791795256837,46.613039216188966],[-119.82771612548538,46.613033613063976],[-119.82753964631901,46.613054594313915],[-119.82749690048577,46.61305967556394],[-119.82702801819477,46.61310023806387],[-119.82672001819525,46.61304882556392],[-119.82658529736216,46.6129593588974],[-119.82648412757061,46.6128279588976],[-119.82645450465401,46.61279216618932],[-119.8263388879875,46.61265247348121],[-119.82626751715429,46.61254333285641],[-119.8260763296546,46.612355854731675],[-119.82591243694651,46.61223342869021],[-119.82567154840524,46.61209814952369],[-119.82545858173887,46.61201722348223],[-119.8252754129892,46.61195855577389],[-119.82510776923944,46.61190032035743],[-119.82502025257294,46.611801447440854],[-119.82493461507306,46.61167047869107],[-119.82479989944824,46.61158100889953],[-119.82463163382353,46.61153347035793],[-119.82432176611565,46.61151414535805],[-119.82412119840762,46.61148714119133],[-119.82381383590813,46.611425021399825],[-119.82338415674214,46.61132735160827],[-119.82312712549252,46.611202334941765],[-119.82282853590966,46.610990432858785],[-119.82260318382669,46.610855579733986],[-119.82221945778561,46.61076989952577],[-119.82189783174444,46.6106859443176],[-119.8211285067456,46.61054667660942],[-119.82063800570472,46.610473349526266],[-119.82012535466384,46.610490171401196],[-119.82008963383055,46.61049634535955],[-119.81955741924806,46.610556546401206],[-119.8192568171652,46.61064462348435],[-119.81903696716552,46.61068136827596],[-119.81794085779221,46.610811594317404],[-119.81730059737657,46.6108580599423],[-119.81652061508613,46.61090063077562],[-119.81614740466999,46.61090095160895],[-119.81553693383763,46.61096967140053],[-119.81517799217153,46.61099181723381],[-119.81472653071388,46.61100066619217],[-119.81429122133956,46.61099925056707],[-119.81385842446527,46.610955037025555],[-119.81347345675749,46.610890725567316],[-119.81321017342458,46.61087267140061],[-119.81279352967523,46.61081818806743],[-119.81231039321763,46.61083686202568],[-119.81195019425986,46.610880393275664],[-119.81166824426032,46.6109153911923],[-119.81135210259414,46.61100301306715],[-119.81116518280277,46.611008515150424],[-119.81093043176146,46.61103411410869],[-119.81065036405357,46.61103701202539],[-119.81028890676242,46.611101935983605],[-119.8099715046796,46.61121095160845],[-119.80970004426337,46.61133196619158],[-119.80925530051405,46.611491003691334],[-119.80876460884816,46.61163803910778],[-119.80863726718167,46.61168806202434],[-119.80828503593222,46.61186039639914],[-119.80794454947443,46.61209735264871],[-119.80771902655813,46.612230358898536],[-119.80745573801681,46.61221228702353],[-119.80717629635063,46.61220448285683],[-119.80674664322628,46.61210675160707],[-119.80647412551838,46.61198126306556],[-119.80639984531012,46.61195383077398],[-119.80597189114417,46.6117957755659],[-119.80548266614488,46.61165351202439],[-119.80493008593743,46.61153090785794],[-119.80451722864639,46.61141220681641],[-119.8040577984388,46.61129220160835],[-119.80394298698064,46.611277030775014],[-119.80347383073139,46.61121503598343],[-119.80344060885642,46.6112106474418],[-119.8032441932317,46.61121974640009],[-119.80286369114896,46.61123737140006],[-119.80223704948327,46.611316281816634],[-119.80198361927535,46.611394919316496],[-119.80160095052594,46.611555664107904],[-119.80125500156812,46.611620992232794],[-119.80080353490217,46.61162978806613],[-119.80029186719463,46.611604748482804],[-119.79985466302861,46.61163537035775],[-119.7994634015709,46.611677995357674],[-119.79901445677996,46.61164399014944],[-119.79880361511363,46.611555362024646],[-119.79874133178039,46.61152918077461],[-119.7984764099058,46.61127529640007],[-119.79830147969773,46.61107751202531],[-119.79801346198985,46.61095156931725],[-119.79700465782474,46.61065540473429],[-119.79643532345064,46.61055372140116],[-119.79574369324335,46.610416456818044],[-119.7953644047023,46.61037487348473],[-119.79517603699423,46.61032527140151],[-119.79428234532894,46.610395038068],[-119.79401106616267,46.61052860681789],[-119.79387739741291,46.61068559223422],[-119.79383411095466,46.6108702995256],[-119.79388176512124,46.61123361827507],[-119.79390969949623,46.61137104744152],[-119.79383258595465,46.61145584119141],[-119.79345362137191,46.61153123494126],[-119.79323064741392,46.61157559744126],[-119.79290130262272,46.611672004732775],[-119.79277597449794,46.61169412556601],[-119.79241259637354,46.61179108702424],[-119.79205047970743,46.6118666495241],[-119.79140955991676,46.611923668273995],[-119.79091215054252,46.61192041827394],[-119.79037863491835,46.612001880773875],[-119.79014343596037,46.61205577139877],[-119.78980699846089,46.612162708898644],[-119.78936847971158,46.612262193273466],[-119.78904601200372,46.612228289106895],[-119.78886898075405,46.61217362660692],[-119.78865037033769,46.61204269327377],[-119.7886044411711,46.61202705264884],[-119.78825941200495,46.61181375577422],[-119.78802938492197,46.61149653181633],[-119.78782787658895,46.61122297140012],[-119.78765931825593,46.61091819015057],[-119.78763026617258,46.61088533494226],[-119.78736783596467,46.610588522442754],[-119.78706210159017,46.61023702140167],[-119.78679121513227,46.60982220473566],[-119.78651526825769,46.609492970361124],[-119.7863370859663,46.60937130994462],[-119.7862056297165,46.6092815526531],[-119.78617152971658,46.6092582714031],[-119.78577869221715,46.60906505577843],[-119.78530760680121,46.60888035265375],[-119.78478805263536,46.608726430778994],[-119.78434548388606,46.6085853891125],[-119.78399605784496,46.60844696723771],[-119.78363237555381,46.608286709946285],[-119.78328485472106,46.60811619223824],[-119.78300922451314,46.608017502655024],[-119.78278083805515,46.607962697446766],[-119.78254539013886,46.60789872140527],[-119.78242888388901,46.607867064113684],[-119.78232393284753,46.60786095473868],[-119.78207249118122,46.60784631411364],[-119.78179180889003,46.60785984223872],[-119.7815234776404,46.60792729640517],[-119.7809731963913,46.60802967244676],[-119.78068807243342,46.608118084946604],[-119.78040167764215,46.60822789223807],[-119.780068079726,46.60834708286293],[-119.77956055368516,46.608514951612676],[-119.77924056931062,46.608666673487406],[-119.77862183389492,46.60887426827868],[-119.77828568806211,46.60903624640352],[-119.77794827035433,46.609219620361515],[-119.77769354743806,46.609319595361434],[-119.77732952556359,46.60942720577789],[-119.77702654743906,46.60951443598603],[-119.77689690160592,46.60955176098603],[-119.77685493285601,46.60956384431927],[-119.77641646410667,46.60961577244429],[-119.77634769014844,46.60961002244428],[-119.77602965473227,46.60958343181931],[-119.77575340889939,46.609522057861064],[-119.77550948702476,46.60944016411126],[-119.77523515056687,46.6093466984863],[-119.77492405160899,46.609348635986365],[-119.77473164640094,46.60940402556963],[-119.77460722869286,46.60944685369453],[-119.77440097452649,46.609516043277765],[-119.77392102661054,46.609481064111215],[-119.77331879640315,46.60941048286126],[-119.77286862244551,46.60939777244462],[-119.77251031723775,46.609409085986165],[-119.77212949015501,46.6095376391111],[-119.77187475265538,46.609637601610906],[-119.77152369640595,46.609788423485696],[-119.77124898182304,46.60996283181875],[-119.77074332244882,46.61009856723518],[-119.77030166515782,46.610203960985004],[-119.76951403390906,46.610374587026385],[-119.76893011307664,46.610518817234514],[-119.76850460891062,46.61061394535941],[-119.76804296203636,46.61079377660912],[-119.76778630266176,46.61092582348387],[-119.76754707766213,46.61102621619209],[-119.76732464953744,46.611105652650295],[-119.7670892443295,46.61114185681689],[-119.766775584955,46.611186564108515],[-119.76649360995543,46.61122144952513],[-119.76611403078938,46.61132858285827],[-119.76573535683161,46.611453309941375],[-119.76542674849873,46.611641324524456],[-119.7651830526658,46.611816596399166],[-119.76508417245759,46.61191024014907],[-119.76480496204135,46.61215951827367],[-119.76468927870822,46.61227411723181],[-119.76443324329193,46.61239545993997],[-119.76432090266714,46.6124213651482],[-119.76410213704249,46.61247181098149],[-119.76388225058446,46.612508449523126],[-119.76355497037669,46.61252061410643],[-119.76330851100204,46.61248148806486],[-119.76314220266897,46.612401766189976],[-119.76305416308576,46.612313544315086],[-119.76300355266916,46.61211922764874],[-119.76290700787763,46.6119128891074],[-119.7628008526695,46.61174146306599],[-119.76276516933622,46.61168384014945],[-119.76266607558638,46.611520296399675],[-119.7625061630866,46.61133359535824],[-119.76235922454515,46.61119012765016],[-119.76213338808721,46.61106585473365],[-119.76154520371314,46.61075986202578],[-119.76142548600495,46.610681457859236],[-119.76112076308874,46.610576379734475],[-119.76096346829736,46.610505124526185],[-119.76089365788079,46.61047350056795],[-119.7606367849645,46.6103483453598],[-119.76033397975664,46.61021117140165],[-119.76010943288202,46.6100655016102],[-119.7599127391323,46.60997419640206],[-119.7597315703826,46.609883333902175],[-119.75948639225794,46.60982280265226],[-119.75916998705014,46.60965309431914],[-119.75899168705041,46.60966093598582],[-119.7588737703839,46.60966612556916],[-119.75863900684261,46.60969161411083],[-119.75844889538456,46.60975051619402],[-119.75830918809311,46.6097465547357],[-119.75814035059341,46.60970961827742],[-119.7578964558021,46.60962768806919],[-119.75774275788571,46.60956916411098],[-119.7574707558028,46.60946559015279],[-119.75728959226137,46.609374722444606],[-119.75701657142844,46.609259816194815],[-119.75671377976228,46.60912263390331],[-119.75650796726256,46.608923907862],[-119.75613715788813,46.60862405577916],[-119.75552855476411,46.608042856821626],[-119.75479741101526,46.60759346411407],[-119.75436633184927,46.60732671932288],[-119.75384144122508,46.60700373182329],[-119.7535049860172,46.6067798568237],[-119.75327034747596,46.60647850474081],[-119.75323693289268,46.60606231515808],[-119.75317671205943,46.60544444015906],[-119.75316830060108,46.60493519745153],[-119.7529820693514,46.60447448286892],[-119.75275064122674,46.60411964120282],[-119.75235660060237,46.60355925787029],[-119.75201499643623,46.6031939912042],[-119.75179035685323,46.60295379120456],[-119.75130332664565,46.60232378495558],[-119.75088911206296,46.60177621620641],[-119.75061105477175,46.601499717248544],[-119.75034931414716,46.60116659224909],[-119.7499448068561,46.60084536516619],[-119.74949270894012,46.600595521416565],[-119.74902871414919,46.60040516516688],[-119.74861230789988,46.60022670475049],[-119.74818400477551,46.600012553709185],[-119.74770811310958,46.59959614850148],[-119.74724411831865,46.59917974225212],[-119.7468039183193,46.598620569336326],[-119.7464113068616,46.598120882878824],[-119.7460543870705,46.597597400587915],[-119.74582833915417,46.597299968296696],[-119.74548331623805,46.59676458913089],[-119.74511450061364,46.59645525996464],[-119.74469809436427,46.59615782663184],[-119.74419840790671,46.595896086007194],[-119.74363923394922,46.59561055059101],[-119.74315144436666,46.595313118299735],[-119.74263986103409,46.59495619955038],[-119.74203309853505,46.594634971425855],[-119.74140254124438,46.594456512051124],[-119.74076008707868,46.59434943705123],[-119.73998676207994,46.594325641218],[-119.73932051312262,46.59436133392624],[-119.73883272354006,46.59442082038454],[-119.73809509020782,46.59442082038454],[-119.73754781416704,46.59433754017633],[-119.7370838193761,46.59425425788477],[-119.73567993708657,46.59388544121871],[-119.73519214750401,46.59369508496893],[-119.73479953708795,46.59340954955278],[-119.73455611625504,46.593196556844745],[-119.73425307979717,46.592921731845216],[-119.73369308813137,46.59242207247094],[-119.73292230479923,46.59192777976332],[-119.73257959542475,46.591810822471885],[-119.73257215375808,46.591808190180245],[-119.73208492875881,46.59163593913879],[-119.73201739125894,46.59161221830557],[-119.73171315063439,46.59144596413909],[-119.7310665537604,46.59128459122273],[-119.73035385480318,46.59107369747308],[-119.72970897355417,46.590842349556695],[-119.72930583084651,46.59069772247361],[-119.72927187459653,46.59068554122365],[-119.72887509334716,46.59055208601553],[-119.72873017251402,46.59050334226562],[-119.72822009438983,46.59036967559913],[-119.7276424860574,46.59021025893268],[-119.72695140793348,46.59021428080771],[-119.72629624335116,46.59019551414102],[-119.72556781418565,46.590246082891035],[-119.72482935168678,46.59046305372399],[-119.7238854214799,46.590650316223694],[-119.72319290481431,46.59067808601531],[-119.72267566627346,46.59066325372368],[-119.7221972162742,46.59057809434881],[-119.72165410690003,46.59041963497412],[-119.72145008190034,46.59036615684913],[-119.72107077669261,46.59035527351577],[-119.72065125065161,46.5904384891407],[-119.72016849961068,46.59042463393242],[-119.71976189023627,46.59029389747422],[-119.71960527356987,46.59002745893293],[-119.71909235065402,46.5899412933081],[-119.71897166419586,46.58996252351646],[-119.71874322461285,46.59000270997471],[-119.71871753086295,46.590008951641366],[-119.71821737669698,46.59013048705785],[-119.71776049128108,46.59026024643265],[-119.71732371940675,46.590057194349605],[-119.71716998711531,46.5897432078918],[-119.71702487982388,46.58928659018413],[-119.71670305794935,46.58889633393479],[-119.71658344961622,46.588736969351636],[-119.71580801628409,46.587703771436594],[-119.71512418086849,46.58701734956262],[-119.71387866003711,46.58590994748106],[-119.71340048503781,46.58545230894005],[-119.71248620378925,46.58446474956663],[-119.71240426628937,46.58437624331675],[-119.71120632149957,46.582770103735946],[-119.71116769545797,46.582724703736],[-119.7093685558774,46.58060973498928],[-119.70914224754443,46.580376878739635],[-119.70841051108725,46.5796239537408],[-119.70810070171272,46.57930516624124],[-119.70608157879919,46.577183641244545],[-119.70593354338274,46.57702809228649],[-119.7058132756746,46.57688955374501],[-119.70561825900825,46.57666490582871],[-119.70545644025849,46.57635352145424],[-119.70508276525909,46.575681931871976],[-119.70456262567653,46.57486323812325],[-119.70432895484356,46.57444572249886],[-119.70406943401065,46.574027457916166],[-119.7038971121359,46.57387961104142],[-119.70372262671951,46.573767418333176],[-119.70355787567807,46.57349476729198],[-119.70346960484487,46.57324218187578],[-119.70345754963661,46.573041163126064],[-119.70345672880325,46.573027491251025],[-119.70347186942826,46.572777889168144],[-119.70358717671974,46.57258475791841],[-119.70377787671943,46.572429519376975],[-119.70394272359421,46.57227353500227],[-119.70394605796919,46.57221857458563],[-119.70395461942752,46.57207741937753],[-119.70394606734419,46.57179141416969],[-119.70399029963579,46.57148907146172],[-119.70400543713573,46.57123946937883],[-119.70392041109422,46.570933399587574],[-119.70380196213608,46.570751383962836],[-119.70344219963663,46.57070528500459],[-119.70298119338736,46.57062054437983],[-119.70282932567926,46.57056258396317],[-119.70262683817953,46.57048530167168],[-119.70227356630511,46.57033222667192],[-119.7019493975556,46.57012641208887],[-119.70160695068115,46.569795051672706],[-119.7009510454738,46.56950821938152],[-119.70036621109973,46.56933059334007],[-119.69992349339208,46.56937138917337],[-119.69949904860108,46.569537730839784],[-119.69907243610173,46.56973972563115],[-119.6983549558945,46.570040475630705],[-119.69777214443705,46.57025581625529],[-119.69729164860449,46.570491967296675],[-119.69688697568847,46.57070973292129],[-119.6967561954803,46.570780108962865],[-119.69613451214796,46.57120863292055],[-119.69549455381564,46.571511607920115],[-119.69508725798296,46.57182130791959],[-119.6946475996503,46.572237228752314],[-119.69426072465087,46.57263681625167],[-119.69397942256795,46.57300373500111],[-119.69370028611006,46.57333499750058],[-119.69347719131878,46.57359644229182],[-119.69297839236117,46.57370702770835],[-119.69256908298685,46.57362374125012],[-119.69252943298689,46.57360944333344],[-119.69213827569581,46.573468392292085],[-119.69181086007131,46.5733160360423],[-119.69151799028016,46.57302179750102],[-119.6913252809054,46.57278403812643],[-119.69100330798928,46.572542537085106],[-119.69023533819876,46.572395275627066],[-119.69001319653243,46.57205620166925],[-119.68980251632445,46.571688436044745],[-119.68952471215825,46.5714660693785],[-119.68928732049194,46.571218082920495],[-119.68905388090894,46.570963319379224],[-119.68895950070078,46.57086031729608],[-119.6886745288262,46.57049027771332],[-119.68865351945125,46.570462997505025],[-119.6885881840347,46.570260177713756],[-119.68844285486824,46.57009522979729],[-119.68818037778533,46.569940276672575],[-119.68779668611923,46.569862180839316],[-119.68743238299483,46.56978464854771],[-119.68722481841178,46.56968486521456],[-119.68695664237056,46.56962351104803],[-119.68656969445448,46.56959889646467],[-119.68654329549615,46.569604126673035],[-119.6862747954966,46.569657320422984],[-119.68609299341354,46.56971902354786],[-119.68582479133062,46.56971124333956],[-119.68578601528901,46.56971012042291],[-119.68555987883106,46.5695964006314],[-119.68533151424806,46.56937532875676],[-119.68530312258144,46.56934784334012],[-119.68494046008205,46.56924355896527],[-119.68482386320721,46.56925471104859],[-119.68472555904067,46.56926411521519],[-119.68458821112421,46.5692869183402],[-119.68439734029117,46.56930517563177],[-119.6843733121662,46.56930747459015],[-119.68405739445836,46.569392071464975],[-119.68364698091733,46.56943374125661],[-119.68329391529291,46.56949046938158],[-119.68239635071097,46.56955817875643],[-119.68175817883696,46.5695128589648],[-119.6811385757129,46.56948146938161],[-119.68046571217229,46.56936816104838],[-119.67960877363197,46.569088761048796],[-119.67879143821654,46.568797107924325],[-119.67818573925916,46.56853839334131],[-119.67781433092642,46.56825969750846],[-119.67763271634334,46.56805349125875],[-119.67756094655181,46.567951494383934],[-119.6775076278019,46.56787572042575],[-119.67738254446874,46.56769794959265],[-119.67715806946912,46.567557472509556],[-119.67691831946945,46.567483104801354],[-119.67668156321982,46.56740966625977],[-119.67652952572007,46.567396076676495],[-119.67623729342888,46.56736995480147],[-119.6758503673878,46.56734530375983],[-119.67548201113834,46.56733458813483],[-119.67545286218008,46.56733293292651],[-119.67465245384795,46.567243475635095],[-119.67394085801574,46.567129000635205],[-119.67303948926714,46.56694202146886],[-119.67238933614317,46.56677574646908],[-119.67172143822751,46.56658216001096],[-119.67126352364488,46.566448267302945],[-119.67078540697895,46.56632717876148],[-119.67014974031333,46.5662416818866],[-119.66988667885539,46.566229972511664],[-119.66927816218964,46.566202883970014],[-119.66871349239885,46.56622661105324],[-119.66791126219174,46.56632377355311],[-119.66738968719254,46.5664528964696],[-119.66737880802594,46.566455591261274],[-119.66629203823595,46.56675876521911],[-119.6656448934453,46.566860437093986],[-119.66485003407156,46.566837241260615],[-119.6645835569886,46.56682545688567],[-119.66395906636455,46.566797837094036],[-119.66349236115695,46.56664654021922],[-119.6633687455322,46.56660646730265],[-119.6630192799077,46.56628817876154],[-119.6626689944916,46.56598326001197],[-119.66222835178395,46.56556854022099],[-119.66191602886771,46.56527812355473],[-119.66171181220142,46.56512481105498],[-119.66147564553512,46.56501745063852],[-119.66140910282684,46.564994195430174],[-119.66137107470196,46.5649809068885],[-119.66108275074401,46.564932297513664],[-119.66074990386954,46.56497615168017],[-119.6607073663696,46.56497700168029],[-119.66047767782828,46.56498159126352],[-119.6603650497035,46.56495041522187],[-119.66015304345382,46.564891732930356],[-119.66003037887066,46.56483992563873],[-119.65998267574578,46.5648197787638],[-119.65993497366247,46.5647767110555],[-119.65979867678772,46.56465365897233],[-119.65963933616295,46.564596139180814],[-119.65946527053819,46.564533298555894],[-119.65915270387207,46.56442045584777],[-119.65826999970677,46.564247300639686],[-119.65727575699992,46.56414272980657],[-119.65703507158366,46.56411741522322],[-119.65622558512653,46.56403640689004],[-119.65608928721014,46.564022766265055],[-119.6552470163781,46.56382397876537],[-119.65404465804663,46.5634806933492],[-119.65387722679691,46.563453065224216],[-119.65256433929892,46.563236413141205],[-119.65198854554984,46.563125779808125],[-119.65177735700847,46.563152941266374],[-119.65071615284349,46.56328941730781],[-119.65030247159412,46.56338445064105],[-119.6502679830525,46.563389335016],[-119.64991064555308,46.56343993709922],[-119.64948334763704,46.56344080480764],[-119.6490107726378,46.563466325640896],[-119.64884033617973,46.5634755287659],[-119.64836065180543,46.5633810902244],[-119.64777207784805,46.563162900641395],[-119.64758658097334,46.563089297516484],[-119.64729817055714,46.56297486105833],[-119.64691351743274,46.56280669960027],[-119.64667413409974,46.56270204439207],[-119.64616393930885,46.56247275168406],[-119.64569251847627,46.56224459439276],[-119.64514438826876,46.56200078814318],[-119.64453728201973,46.56176864126854],[-119.6440694778538,46.56167871835198],[-119.64401967889553,46.561659676685345],[-119.64357796118789,46.561579726685416],[-119.64332513722992,46.56158569439377],[-119.64303024139706,46.56164400689377],[-119.64269575181426,46.56171454856027],[-119.64248170181459,46.56176643397683],[-119.64240003098139,46.561786230851865],[-119.64210513306516,46.56184453918506],[-119.64175455910737,46.56186102668508],[-119.64146379244113,46.56185248085173],[-119.64128593202474,46.56183697460173],[-119.64123200077483,46.56183227356005],[-119.64094206223366,46.56181035376846],[-119.64064964140074,46.56182854960177],[-119.6403547414012,46.561886852726616],[-119.64001859244343,46.56198412876819],[-119.63965028723561,46.56197329960154],[-119.63945892265258,46.56192748397662],[-119.63907536327822,46.56184923085175],[-119.63859901952895,46.5617012673103],[-119.63844642473748,46.5616565943937],[-119.63818000494626,46.56156838501891],[-119.63787647161337,46.56145229543571],[-119.63761087786378,46.561350714185906],[-119.63740426744742,46.561237474602706],[-119.63715227161454,46.56123006001939],[-119.63683881432333,46.561274415227615],[-119.63674479349017,46.561289986060935],[-119.63656412890708,46.56131990793591],[-119.63607786849117,46.56133238397748],[-119.63566914245014,46.56134714126917],[-119.63518205495092,46.56137298189412],[-119.63477415807652,46.56137436626911],[-119.63453110703523,46.56137538293583],[-119.6342026466191,46.56135232356079],[-119.63416338516083,46.56135252147749],[-119.63351195703682,46.56135579022752],[-119.63295764141269,46.561387083977415],[-119.63247077162181,46.56144417668573],[-119.63198243099754,46.56152503710222],[-119.63152118620661,46.56172576001858],[-119.63112591224886,46.56197605480983],[-119.63086258829092,46.56232549022595],[-119.63064845287461,46.56243824335083],[-119.63047320079153,46.56248070064247],[-119.63005966329217,46.562468505850745],[-119.62981843412592,46.562461391267455],[-119.62920402579351,46.56234801522595],[-119.62838969454481,46.56232696522595],[-119.62764237475426,46.56226919230945],[-119.62675808413066,46.56233239022603],[-119.62529964975788,46.56246792460079],[-119.62451873725911,46.562534161058984],[-119.62377031330197,46.56249418814239],[-119.62294435392823,46.56245192147578],[-119.62278548517848,46.56244299543415],[-119.62227346955426,46.56241423085085],[-119.62183298413828,46.562419069392476],[-119.62134413101406,46.56236889543427],[-119.62089109663975,46.56215903918461],[-119.62059541226523,46.562027427726434],[-119.62016041434924,46.56183380793506],[-119.61973988726652,46.561517748560604],[-119.61916207372578,46.56123275272768],[-119.61893826226776,46.5611518485611],[-119.61873157580976,46.56107713501959],[-119.61791451643603,46.5608922152282],[-119.61785753101947,46.56088391626996],[-119.61745263518674,46.560824962103354],[-119.61661601852138,46.5607057829369],[-119.61651324560489,46.56069114231188],[-119.61650302997994,46.56068968606191],[-119.61599664977234,46.56071517772843],[-119.61538615498165,46.5607459100201],[-119.61512099664873,46.560769111061745],[-119.61461585289948,46.56081330897832],[-119.61431874560826,46.560839306894984],[-119.61401847373378,46.560830408978276],[-119.61331079769322,46.56080943502004],[-119.61275392477741,46.56077262981177],[-119.61184097894545,46.56071228189514],[-119.6110128372801,46.56070558293687],[-119.60977340499034,46.56065095585361],[-119.60835862582587,46.56050180793715],[-119.60745963103562,46.560385821479024],[-119.60716180186937,46.56032017981244],[-119.60689772895311,46.56026197564586],[-119.60601591957953,46.55999107981294],[-119.60593233832964,46.55996540377134],[-119.60550879353866,46.5597567298133],[-119.60499892374777,46.559505520438684],[-119.60489215395627,46.559403048563865],[-119.60401694354096,46.55871187148162],[-119.6030580539591,46.55789752669117],[-119.6027460383346,46.557597124608336],[-119.60234982166855,46.557215647525595],[-119.60176747479443,46.55659108815154],[-119.60109201646213,46.5562137975272],[-119.60066718625451,46.55596897773586],[-119.60008842375538,46.5557017173196],[-119.599263510215,46.555230667320366],[-119.5991519935485,46.555176200653804],[-119.59848471959124,46.554850286070995],[-119.59804132063358,46.554668148571224],[-119.59782845396724,46.55458070482136],[-119.59685410917706,46.55401588919726],[-119.59567975501221,46.553337944406614],[-119.59479765397191,46.55295445794889],[-119.59428865918107,46.55281426732405],[-119.59379880501513,46.55278180482414],[-119.59343815397403,46.55275319336588],[-119.59196748626802,46.55267361732431],[-119.59088330918632,46.55262341524108],[-119.590005858146,46.55257936940778],[-119.58996686960445,46.55257627565776],[-119.58914742689734,46.55243148503305],[-119.5890070331476,46.552406677741374],[-119.58778907794112,46.55201310795031],[-119.58760797689973,46.55196455482539],[-119.58676763835939,46.55173924753415],[-119.58643970502659,46.55165132253427],[-119.5852139519035,46.55138251524299],[-119.58403541023864,46.551186546493334],[-119.5832096696149,46.55114399649335],[-119.58248616440773,46.55112236003501],[-119.58227393211638,46.55099793295193],[-119.58204373211674,46.550862971493814],[-119.58203674357509,46.550858875660516],[-119.58175468524216,46.55040393607785],[-119.58160915815905,46.55011753503665],[-119.58152430711755,46.549950541286876],[-119.58130520399287,46.54972966524553],[-119.58071988316046,46.549569269412444],[-119.58048845503579,46.54954448295417],[-119.58032445607772,46.54968245691233],[-119.5803086477444,46.549697372537274],[-119.58010429774475,46.54989018607859],[-119.57986501962012,46.54999018399518],[-119.5794695914957,46.55010336836994],[-119.57892249149654,46.550158429828215],[-119.57850794670556,46.550163875661596],[-119.57815185087276,46.5500820037867],[-119.57797206441472,46.55004066732843],[-119.57773723524843,46.54965857253734],[-119.5777087029568,46.549309201704546],[-119.5776933717068,46.54912145795481],[-119.57761292899859,46.54874559858044],[-119.57759334566532,46.54865409962219],[-119.57746299774887,46.548257272539544],[-119.57724500504084,46.547607779832134],[-119.57716745712429,46.54719467462448],[-119.5770371154578,46.54679784754178],[-119.57692251337467,46.5465622340004],[-119.57669446858336,46.546483962125585],[-119.57625748212571,46.546435147542304],[-119.576077872751,46.54642976420901],[-119.57597332483448,46.54642663087567],[-119.57574074358484,46.54641966108401],[-119.57570494983493,46.546429000667366],[-119.57537229358542,46.54651577983386],[-119.57498473733604,46.54650416212558],[-119.57444328317018,46.54647007045898],[-119.57423102171221,46.54644199025064],[-119.57380185296284,46.54644576837565],[-119.57290611025591,46.54636353608418],[-119.57250888629818,46.54635847670907],[-119.57167311754951,46.546476286083895],[-119.57097102692558,46.54652665587556],[-119.57004427380201,46.54644526004233],[-119.56906697172018,46.546344475667446],[-119.56772796234726,46.54623281941763],[-119.56700566234838,46.546193259000994],[-119.56633503630773,46.546155247542764],[-119.5657318404754,46.54586921629327],[-119.56561272797558,46.54572402150177],[-119.56537131026762,46.54542973608554],[-119.56536461026764,46.54512591421104],[-119.56541520922588,46.54473451317],[-119.56536359151761,46.54432217983728],[-119.56517266547627,46.5440663996293],[-119.5649896196432,46.54368583296322],[-119.56500650401819,46.543418439213646],[-119.5651222279763,46.54322545796398],[-119.56537162693428,46.542965052756074],[-119.5656176488089,46.54275812775638],[-119.56581199776689,46.542549647548306],[-119.56585133630851,46.542336507965324],[-119.56565929047548,46.54209855588237],[-119.56520576443455,46.54201946421582],[-119.56457479151885,46.54210836942403],[-119.56379046339502,46.542232129840485],[-119.56311901131278,46.542412860048536],[-119.56297842068795,46.54243605900693],[-119.56271372068841,46.54247973609017],[-119.56270704464676,46.54248083713174],[-119.56211080402267,46.54252891734002],[-119.5621021633977,46.54252961421502],[-119.56209650714764,46.54253135796504],[-119.56186458110636,46.542602835048264],[-119.56156633319017,46.54271441629811],[-119.56141727485709,46.542792791298],[-119.56132536964888,46.5428411142146],[-119.56112230923253,46.54298234858944],[-119.56090240923288,46.54308289129748],[-119.56078897277474,46.543111568380816],[-119.5606656696499,46.543142739214105],[-119.56054412798342,46.54314605900574],[-119.56002309569254,46.54316027775574],[-119.55949357173506,46.54300252358936],[-119.55908810715238,46.542865293381226],[-119.55860626756976,46.542707899631495],[-119.55807840090394,46.54245981734019],[-119.55713831653038,46.54218145067387],[-119.55649696861472,46.54209068192411],[-119.55581411340744,46.54183791942443],[-119.55555974882452,46.541759960049546],[-119.55499392590872,46.54165914859136],[-119.5546527863259,46.541528306924896],[-119.55465236549259,46.54152765692492],[-119.55456437590938,46.54139168921685],[-119.55429989361812,46.541276553800316],[-119.55414469361835,46.54126359130036],[-119.55379844882725,46.541263103800325],[-119.55367331966075,46.54123746421708],[-119.55356848424424,46.54121598192539],[-119.55342634466115,46.54116146213385],[-119.55334677903625,46.541038506925716],[-119.55331080611968,46.54091686525928],[-119.5533652029946,46.54074771838443],[-119.5533898977862,46.54058772359308],[-119.55303669778677,46.54064739338464],[-119.55262473424574,46.54071533296788],[-119.55223174987135,46.54071352046789],[-119.55176738112203,46.54068946109285],[-119.55150581758078,46.54068156734293],[-119.55131373008105,46.54072600067617],[-119.55110520508138,46.54080007567614],[-119.55098450403995,46.54086675692596],[-119.55089095612338,46.540964396509125],[-119.55070077695706,46.5409787485925],[-119.55049987904067,46.54093249650913],[-119.55040451966586,46.540829153801056],[-119.55037046029088,46.540677431926284],[-119.55011716341632,46.54053918296816],[-119.54962627800035,46.5404741256765],[-119.54926426758425,46.54044310171826],[-119.54903494779298,46.54038594234335],[-119.5488049915433,46.54033881213508],[-119.5485447019604,46.54031085796851],[-119.54828059362747,46.54034306421848],[-119.54812134883606,46.54038153192672],[-119.54805880821112,46.54039664130173],[-119.54789832591973,46.54040183817665],[-119.54768417592004,46.54033508921844],[-119.54765611550346,46.54032091942677],[-119.54751489362866,46.54024960484362],[-119.54727613633736,46.54011178713542],[-119.54701966654608,46.54002366526056],[-119.54667229987996,46.53976200901103],[-119.54638687904708,46.539441946511495],[-119.54611726654747,46.53910226734537],[-119.54584383842291,46.53882274963742],[-119.54555460821503,46.53856284755452],[-119.54516302800734,46.53830989651328],[-119.54475055613295,46.538156773596796],[-119.54419214155047,46.53800928401375],[-119.54379572696774,46.53797371109714],[-119.54355343425983,46.53797991526377],[-119.54319804884369,46.538005329847095],[-119.54315856134377,46.53800815484705],[-119.54296885509406,46.53805306943037],[-119.54274469780273,46.53810614130525],[-119.54259840196961,46.538142477763564],[-119.54216780926197,46.53824942359672],[-119.54169135717933,46.53841583817972],[-119.54163195926276,46.53843413297145],[-119.54148080197139,46.53851210172126],[-119.54130081342998,46.53860494338785],[-119.54110107593027,46.53876968297095],[-119.54089878947222,46.53897453088725],[-119.5406592842643,46.53907778817879],[-119.54059931447273,46.53908622567871],[-119.54030671759818,46.53912739234534],[-119.53998704051533,46.539117710053674],[-119.53963447593253,46.539167313178645],[-119.53944366239121,46.53919167255354],[-119.53919918843319,46.53914408192868],[-119.53895407905863,46.539106517345374],[-119.5387619884339,46.53915093088697],[-119.5385995998925,46.5391861944286],[-119.53849865718433,46.53919907984516],[-119.5384087842678,46.53921055172019],[-119.53814531655986,46.53923270797015],[-119.5378818478103,46.53925486422012],[-119.53772264781054,46.53923999547012],[-119.53759442281074,46.53919592463691],[-119.53759270614404,46.539195215261856],[-119.5374099894777,46.539120011095356],[-119.53720656031136,46.539113843387064],[-119.53689949989513,46.53913467567865],[-119.53653367593733,46.53916377359526],[-119.53637961864592,46.539190029845294],[-119.53628346343775,46.53920641942851],[-119.53600482489652,46.53923815692852],[-119.53572682281361,46.53925986734516],[-119.53545137906406,46.53924146838683],[-119.53519046343945,46.53922351109526],[-119.53507681968962,46.539184445470205],[-119.53506224052298,46.5391794371369],[-119.53493401760652,46.53913536317871],[-119.53468827594025,46.5391078163037],[-119.53447095198227,46.539091176720405],[-119.53412285510781,46.539070572553804],[-119.53396006344138,46.53901843505384],[-119.53388030510814,46.53899289130387],[-119.53373396031668,46.538831224637455],[-119.53361709781689,46.538734462137555],[-119.5332002863592,46.53792140068049],[-119.53292701448464,46.53775604755579],[-119.53285269990141,46.537762064222456],[-119.53250933427695,46.537857439222314],[-119.53223083740237,46.53800377568043],[-119.53195430927781,46.53811921318021],[-119.53174986552813,46.53815944338851],[-119.53137124782039,46.53811699130526],[-119.53125733948724,46.538144489221835],[-119.53097883636265,46.538290822555],[-119.53048037803013,46.53825264234664],[-119.53030694261372,46.53829943922167],[-119.53027020615544,46.53830062567995],[-119.52995373532258,46.53824078088835],[-119.52946116240668,46.53797466109711],[-119.52930214990693,46.537728719430845],[-119.52924101240701,46.53754602776447],[-119.52915337386548,46.53732234443147],[-119.5291926676154,46.53716279964005],[-119.52931722490689,46.537035978806934],[-119.5296054488648,46.53685385484889],[-119.52987721969772,46.53670136839075],[-119.5302861561554,46.53645258401614],[-119.53042907282185,46.53626604339144],[-119.53032626240531,46.53605194755846],[-119.53010529261401,46.535864403808745],[-119.52954822594819,46.535696789225646],[-119.52910612178222,46.53555275693426],[-119.52886743324093,46.53541490276775],[-119.52857510407473,46.53520509235142],[-119.52815137282539,46.53500133714344],[-119.52788299157578,46.53487262464363],[-119.52748520928475,46.53474461318544],[-119.52746931449308,46.53473949756041],[-119.52712252907696,46.53469881735216],[-119.52697799366052,46.53481282881033],[-119.52696302178555,46.534824637143686],[-119.52693857699394,46.534843919435374],[-119.52682790928577,46.53498120589342],[-119.52671999886928,46.53523838089302],[-119.526690549911,46.535308557976236],[-119.52652733220289,46.535584894434166],[-119.52641346345308,46.53577231214225],[-119.52639805511977,46.535786470475536],[-119.5263523447032,46.535828481933784],[-119.52621241345338,46.535957078808515],[-119.52605879366196,46.53608301214174],[-119.52580026345403,46.53625598505815],[-119.52563659366264,46.53631128505806],[-119.52541736553799,46.53632471109961],[-119.52530839157981,46.536321397558034],[-119.52525689678822,46.536329876724736],[-119.5250477155385,46.53641393193287],[-119.52494088428868,46.536491052766124],[-119.52476268324729,46.536545912141015],[-119.52449922283104,46.53656803609932],[-119.52432166241464,46.53661286630754],[-119.5242287186648,46.53670045484908],[-119.52406056241506,46.53682594130729],[-119.52384689262375,46.536980184015334],[-119.52358386658244,46.53722333922328],[-119.52338280199945,46.537408100681326],[-119.52316912804146,46.5375623402644],[-119.52289989575019,46.5376747027643],[-119.5226490384589,46.53772734443082],[-119.52240010408428,46.53774990901407],[-119.52203364470991,46.53778898297243],[-119.52181056554353,46.537862563180674],[-119.52154004783563,46.537994976722054],[-119.52132828950262,46.5381191319302],[-119.52103063116978,46.53822057880504],[-119.52077976867014,46.538273217346685],[-119.52057634679545,46.53826702359674],[-119.52030902908757,46.53834929859653],[-119.5200568832546,46.53842198817978],[-119.51980537908831,46.53848465276302],[-119.51945536763054,46.53849408401299],[-119.5192603936725,46.53845671317973],[-119.51908142908944,46.53842241109637],[-119.51876176346495,46.53841267151317],[-119.51852863638197,46.53841561422139],[-119.51845696971542,46.53841791838816],[-119.51820768638248,46.538425927763114],[-119.51791451554959,46.53845717776311],[-119.51773951034154,46.53846189026305],[-119.51742112805037,46.53843209338806],[-119.51735872388377,46.53841440692971],[-119.51706364784259,46.53833077880488],[-119.51670167596815,46.53829965172163],[-119.51665190409324,46.538300585054955],[-119.51655509159337,46.53831527567988],[-119.51637430721867,46.53841022567983],[-119.51623647284386,46.53851653297133],[-119.51580803117787,46.53861397880446],[-119.51539925722018,46.53863164963771],[-119.5148186874294,46.5386038944295],[-119.51428492388858,46.538527334012976],[-119.513794749931,46.53845209963808],[-119.51333428222337,46.538367723596494],[-119.51297488326561,46.53829647776329],[-119.51274304264099,46.53827935484662],[-119.51230521139168,46.53829612776334],[-119.51205755410035,46.53829861422163],[-119.51178019680913,46.53831024026327],[-119.5116077624344,46.53827483609669],[-119.51141527180971,46.53809816943022],[-119.51132256347648,46.53795469026379],[-119.5111433176434,46.537798521514055],[-119.51097795931037,46.537652823597654],[-119.51078224785232,46.53756185276446],[-119.5107234926441,46.537534542347885],[-119.51054977285271,46.53749887255618],[-119.51047733222782,46.53747258922292],[-119.51004611764513,46.53741655068132],[-119.50982707910386,46.53744201005632],[-119.50964395722912,46.53740950797296],[-119.50953535202093,46.537390234014694],[-119.509276681188,46.53730731630654],[-119.50892639160521,46.537200167348324],[-119.5085467478558,46.53718856839004],[-119.5085234332725,46.537187855890046],[-119.50850775098087,46.53719202984833],[-119.50827065098123,46.537255141306545],[-119.50804955514826,46.537312682973166],[-119.50767553223216,46.537333396514846],[-119.50742755619088,46.53732581838976],[-119.50714995723297,46.53729589859821],[-119.50697339369157,46.53729050068155],[-119.50694847910832,46.53728973818152],[-119.50692213744168,46.53730484859822],[-119.50677112910859,46.537391477764736],[-119.50666203223375,46.53748948713957],[-119.50665577181707,46.53749511213951],[-119.50655728640055,46.53757782776435],[-119.50641779785911,46.53757356422277],[-119.50617600410948,46.53746972568128],[-119.50594696244315,46.53740913922292],[-119.50576441556849,46.53734997672305],[-119.50550437598554,46.53728844234826],[-119.50529014577752,46.53723902463993],[-119.50510760098615,46.5371798610984],[-119.50497086348632,46.53713281422335],[-119.50478831661167,46.53707364755687],[-119.50460508640363,46.53702517776522],[-119.50439673640393,46.53712596318176],[-119.50419495098754,46.53736626109804],[-119.50405446973774,46.537619149639376],[-119.50401385202952,46.5377679319308],[-119.50392261140468,46.53797946109709],[-119.50375835202986,46.538230031930055],[-119.50369151140501,46.53827646005501],[-119.50352621453027,46.538432141304774],[-119.50352341348861,46.53843490067976],[-119.50338114786382,46.538575049637885],[-119.50318961036413,46.53864658817943],[-119.50306425411428,46.53880196942922],[-119.50295981036449,46.53903095588713],[-119.50287179473962,46.53935331630331],[-119.50285391869795,46.53963138713631],[-119.50278431765638,46.540016226718876],[-119.50274206557316,46.540324511093495],[-119.50272121140655,46.540648927759634],[-119.50252423119849,46.54092151630097],[-119.50224563849059,46.54106777567567],[-119.50192624578274,46.5411508694255],[-119.50128844995038,46.54130160588363],[-119.50058348536818,46.5414502819251],[-119.49981731766104,46.54150420796661],[-119.49925562391188,46.541517955883286],[-119.49891681662076,46.54155400900821],[-119.49868696974613,46.541639838174795],[-119.498340206205,46.54179947775782],[-119.49794966141393,46.54194229650762],[-119.4974541332897,46.541973542340905],[-119.49691979787383,46.541910722549325],[-119.49637302599967,46.541692734008],[-119.49568446766745,46.541238206925414],[-119.49549392287604,46.54106209755065],[-119.4952735322514,46.54065288609298],[-119.4948601114187,46.54045445796825],[-119.49416560933645,46.5400926131772],[-119.49299154058826,46.53951482255313],[-119.4922677062144,46.53926041942846],[-119.49215432079791,46.53925693713678],[-119.49210262496469,46.539265432970126],[-119.49192070413159,46.539295334011705],[-119.49179995621513,46.539299940261735],[-119.49172610621527,46.53930275692838],[-119.49122067392439,46.539314023595054],[-119.49084395413333,46.53943640484492],[-119.49068292809189,46.53952522567803],[-119.49038283955065,46.53966335380287],[-119.49024463642589,46.5396992933861],[-119.49007027392615,46.539693936094515],[-119.48973574892665,46.53976402984437],[-119.48940381038551,46.5397940163026],[-119.48915712913589,46.53970606421949],[-119.48891536871963,46.539557723594754],[-119.48885836871973,46.53952274651138],[-119.48871977601158,46.53926397984511],[-119.4886569510117,46.539034332970445],[-119.48857389267847,46.5388174579708],[-119.48854636247019,46.538642473596084],[-119.48852164163691,46.538531765262874],[-119.48851624476191,46.53850759755468],[-119.48850702288689,46.53839234442976],[-119.48850549997026,46.538373315263186],[-119.48834322392885,46.53818079443018],[-119.48825585101231,46.538030764222036],[-119.4880698885126,46.53790448922219],[-119.48786023851291,46.53784446630568],[-119.48743748851359,46.53777788713912],[-119.48699536768095,46.53771071318087],[-119.48679089788959,46.537570474639416],[-119.48654941455665,46.537402306931405],[-119.48642330101512,46.53725108088994],[-119.48635530830695,46.5371016444318],[-119.48636394059855,46.536967956931996],[-119.48647031559841,46.536823882973934],[-119.48657061559824,46.536773387140684],[-119.48674755934798,46.53673864339065],[-119.48700544268094,46.536652806932544],[-119.4872263072639,46.53653904234934],[-119.48741446872195,46.536330503807996],[-119.48740545309693,46.53616948401657],[-119.48737016143035,46.53611481943338],[-119.4871420114307,46.53604082880844],[-119.48693841143104,46.535887222558664],[-119.48677873643123,46.53565459339242],[-119.4865054208067,46.53537828610114],[-119.48627986455705,46.535264188184655],[-119.48613006976558,46.5351792111015],[-119.48603839268243,46.53509601943492],[-119.48598890934915,46.534960547560104],[-119.48597989789084,46.534799526727085],[-119.48585293122439,46.53466166943553],[-119.48577889789111,46.53460581214406],[-119.48549868539158,46.53443645068596],[-119.48531533226685,46.53427006839454],[-119.48532828539186,46.53406954131149],[-119.4853395114335,46.5338957496451],[-119.48535937080844,46.53358827152061],[-119.48538306039177,46.533522024645755],[-119.48539601247506,46.53332149547938],[-119.48530951872522,46.53315809339628],[-119.48513653122545,46.53283128818846],[-119.48492480622583,46.53250329027229],[-119.4848538603926,46.53209925277294],[-119.48479241351764,46.5315481611071],[-119.48473911039277,46.53117145589942],[-119.48476243018439,46.53081050485826],[-119.48485631872592,46.53055888610864],[-119.48497043955905,46.530294494442366],[-119.48502040518402,46.53012189444265],[-119.4849541510174,46.52994571944289],[-119.4847303447678,46.52980488194319],[-119.48456119789302,46.52971930381831],[-119.48438736247664,46.52940586736042],[-119.48443473747659,46.52927337361071],[-119.48453849580973,46.52916940694412],[-119.48458414372635,46.52906364965267],[-119.48443523018489,46.52896529965284],[-119.48428804685182,46.528840215278],[-119.48431605310174,46.528707123611554],[-119.48447791664317,46.528604945486705],[-119.48467765726788,46.528517324653535],[-119.48479436560105,46.528212826737295],[-119.48499410205903,46.52812520798735],[-119.48536902705844,46.52802957986256],[-119.48574222497456,46.52796068923771],[-119.48615761143225,46.52783951527958],[-119.48652908018164,46.52779735798791],[-119.48676842497294,46.52772904757137],[-119.4868459760145,46.52768557673811],[-119.48686698851446,46.52767379757142],[-119.48695309268102,46.52754249444661],[-119.48695934372267,46.52719106319718],[-119.48696047497265,46.527127472572296],[-119.486953055181,46.526767657989595],[-119.48695107705602,46.52667174653131],[-119.48695155413934,46.526363672573524],[-119.48696990518094,46.526241468407],[-119.48698559268092,46.526137001740516],[-119.48696066038929,46.52592191215758],[-119.48678720726457,46.5259031840325],[-119.48632840309865,46.525795309032624],[-119.48603959997405,46.52575963507438],[-119.48585467809936,46.525643261116244],[-119.48569794372462,46.525490598616464],[-119.48557881872476,46.525411922574946],[-119.48546383747498,46.5252690746585],[-119.48545525101667,46.52516164965866],[-119.4855571947665,46.52502547570058],[-119.48558097705813,46.524897614242434],[-119.48554346872487,46.524757150701],[-119.48539404997507,46.52466682465942],[-119.48524147080866,46.52465330382617],[-119.48520880622537,46.52465041007614],[-119.48500599685072,46.52466560174276],[-119.4848933895592,46.52472643507607],[-119.48451185205975,46.52486472153414],[-119.48434585310174,46.52503106945055],[-119.48416919685195,46.52512207986708],[-119.48400872185219,46.52520287049199],[-119.48373702393599,46.52532310070012],[-119.483517334353,46.52535920382502],[-119.4832862958117,46.525330661116776],[-119.48310243331196,46.52529285278348],[-119.48282698539572,46.52523079132524],[-119.48267480414596,46.525183241325315],[-119.48249232393789,46.525124041325405],[-119.4823218833132,46.52511879445043],[-119.48202955935528,46.525077644450455],[-119.48177237498071,46.52497328090897],[-119.48165533123085,46.52486251424252],[-119.48153897914773,46.524741053825984],[-119.48135138123138,46.524520951743014],[-119.48105601248182,46.5242868152851],[-119.48074446248228,46.524062897577025],[-119.48046459477439,46.52382923611912],[-119.48020879894148,46.52370347778592],[-119.48003047706675,46.52358010799445],[-119.47997887602516,46.5234177767447],[-119.48000681977508,46.523225746536674],[-119.48002065206674,46.52301184862039],[-119.47997458123349,46.52276395799575],[-119.48012785831656,46.52255435799604],[-119.48033895935795,46.522410836121225],[-119.4805466010243,46.52232078820481],[-119.48079311873222,46.52234981424634],[-119.48099453748186,46.522356018413014],[-119.4811846114399,46.52229757778816],[-119.48139294268965,46.52219683299656],[-119.48171042289744,46.522088731955094],[-119.48200618643868,46.522076406955094],[-119.48218283643838,46.52198540174692],[-119.48226721560489,46.521880839247125],[-119.4822652135216,46.521875354872144],[-119.48222764581334,46.52177245903894],[-119.48206551039691,46.52163887362249],[-119.48193574581376,46.52148485174779],[-119.48180736248067,46.52130943924799],[-119.4816105010226,46.52099260904015],[-119.48136834789801,46.52056588195743],[-119.48167397498082,46.52049090695762],[-119.48200555310537,46.520404670499346],[-119.48221111352167,46.52034670487449],[-119.48235469893812,46.52028682779129],[-119.48238124685476,46.5201161871665],[-119.48225217497996,46.51995147154178],[-119.48212725102182,46.51972258612549],[-119.4821255801885,46.51950821112578],[-119.48206470206354,46.51924914862621],[-119.48190948539714,46.51900861529318],[-119.48182620518895,46.51885602466845],[-119.48179285831401,46.51865139029379],[-119.4817729312307,46.51847931946076],[-119.48166143123085,46.51828299446101],[-119.48154854789773,46.518108060086334],[-119.48157164477266,46.51799089237816],[-119.4818729145639,46.517893010086624],[-119.48206296977189,46.51783456633674],[-119.48239660518806,46.517716245503564],[-119.48258804164614,46.51763641112869],[-119.4829998281038,46.51750977883722],[-119.48331796768662,46.51739097779577],[-119.48355656872792,46.51730187779592],[-119.48377968018592,46.517212299670994],[-119.48410057810207,46.51705071842127],[-119.48413708643534,46.516966112171374],[-119.48398699997729,46.51688647987986],[-119.48379112601926,46.51679472258832],[-119.48343549268647,46.51677306008841],[-119.48312426977026,46.51678491217165],[-119.48293033643722,46.516743220505084],[-119.48252642393787,46.51658790383865],[-119.48235489685482,46.516439739255574],[-119.48221264268837,46.51623889758917],[-119.48211857498016,46.51609311946446],[-119.48205264893859,46.51591248821471],[-119.48242332602138,46.51578101842325],[-119.48295353956216,46.51558301946524],[-119.48388025518575,46.515254341340686],[-119.48407558331047,46.51519767571574],[-119.48436877289333,46.51515105175752],[-119.48462569372629,46.51507858509096],[-119.48482624476765,46.51497759654952],[-119.48495106247577,46.514847483008005],[-119.4849050510175,46.514658536133304],[-119.484799221851,46.514494536133526],[-119.48467057601788,46.51438341634203],[-119.48446533435151,46.51425654446733],[-119.48423900518522,46.51415581425909],[-119.48402562393551,46.51385455384296],[-119.48409580101878,46.51366918092651],[-119.48408593226878,46.51352152988506],[-119.48405669997715,46.513373283010345],[-119.48402919268551,46.51319829863556],[-119.48407828122716,46.51303906738583],[-119.48400945622724,46.51290299759437],[-119.48387736247741,46.51284535176115],[-119.48368631143605,46.512799285094545],[-119.48359035726952,46.51278293821957],[-119.48332098851995,46.512747855927984],[-119.48303139372878,46.51272554446965],[-119.48281925518741,46.51270561842799],[-119.4827495718542,46.51258291842821],[-119.48271948122925,46.512448038220086],[-119.48259861456275,46.51221659967876],[-119.48260984060443,46.51204280697074],[-119.482434339563,46.51175610488785],[-119.48238920206309,46.51155378822149],[-119.48249342914625,46.511141745513775],[-119.48257137810448,46.510836056972636],[-119.48282446039572,46.510522363223046],[-119.48295963018715,46.510231831973506],[-119.48316152602018,46.50980940072414],[-119.48321147497849,46.50963680072443],[-119.4832760989367,46.5092369351],[-119.48328473018671,46.50910324968359],[-119.48330113331167,46.508849246559045],[-119.48321899789511,46.508618998642675],[-119.48313254477023,46.50845559447623],[-119.48296432810385,46.50835664968473],[-119.48277933747913,46.50821700280997],[-119.48278797289578,46.50808331739349],[-119.48287578122898,46.50792527781047],[-119.4829889947705,46.507674253852485],[-119.483060030187,46.507475513227796],[-119.48292240102057,46.5072033736449],[-119.48268105831261,46.50703519968684],[-119.48233045310485,46.5067565007289],[-119.48208824893857,46.50660169656249],[-119.48179486977234,46.50633815281287],[-119.48158066768936,46.50605025698003],[-119.48148004373115,46.50580604343873],[-119.4814964531061,46.505552040314136],[-119.4816359374809,46.50519466531462],[-119.48177455623069,46.504850661148495],[-119.48197988956373,46.50437475698263],[-119.48215722498007,46.50403194344148],[-119.48224638956327,46.50355246115056],[-119.48221658748004,46.50336280802585],[-119.48226070102163,46.50303049031805],[-119.48222297289665,46.50241314761062],[-119.48198301352204,46.501923533028055],[-119.48181358956397,46.50154324969536],[-119.48152801039778,46.50115938823762],[-119.48121271143994,46.50093535282126],[-119.48085265206545,46.50080370490482],[-119.48028309269137,46.500612020530134],[-119.4798869104003,46.500439071572025],[-119.47941070206771,46.50030384032224],[-119.47900761144331,46.500237835114014],[-119.4778960093617,46.50002943094769],[-119.47698060102982,46.49978688198969],[-119.47613398748946,46.49968039969817],[-119.47548442915713,46.499526409073496],[-119.47539097811564,46.49949886428187],[-119.47502759894952,46.49939175699032],[-119.47462711665844,46.49928563199058],[-119.47412205520091,46.499296834073824],[-119.47370859582657,46.49939123511537],[-119.47329340520217,46.49951237053182],[-119.4726687260365,46.49957345594841],[-119.47228068124544,46.49957486740677],[-119.47185911249609,46.49949487261517],[-119.47157652187148,46.4993655882404],[-119.47150756041329,46.49933277574048],[-119.47120443958045,46.49923041219894],[-119.47088051562258,46.49912039032407],[-119.47069073853959,46.4990555861575],[-119.47045481978994,46.49903103303258],[-119.47039787083169,46.499025105949265],[-119.47021410624865,46.498987279907595],[-119.46993806979071,46.498927887199365],[-119.46992331979078,46.49892471324108],[-119.46988853229085,46.49890280074118],[-119.46983386458254,46.4988683684495],[-119.46977746145762,46.498780896574594],[-119.46978369791601,46.49868464240818],[-119.46975896145767,46.49858743303327],[-119.46974347916603,46.49857703719991],[-119.46965630520782,46.498518505950045],[-119.46962512291621,46.498497567408386],[-119.4694427479165,46.498438350741786],[-119.46930613958335,46.49839126532518],[-119.4692659156251,46.49835704761695],[-119.46918848333354,46.4982911809504],[-119.4691038802087,46.49815997261725],[-119.46911704895865,46.497956772617535],[-119.46910795937536,46.49788782574269],[-119.46908583854207,46.497720052826274],[-119.46888566458404,46.49745667678499],[-119.4682904687516,46.49706321220233],[-119.46755660000277,46.496654739286285],[-119.4670824041702,46.49638159970332],[-119.4670356052119,46.496364891370035],[-119.46669721042076,46.49618278928703],[-119.46636421250464,46.496003588245586],[-119.46589955313033,46.49584712470423],[-119.46572559375564,46.495788544495944],[-119.46570617500561,46.4957820059543],[-119.46566094271408,46.4957690372043],[-119.46522208542306,46.495643196579465],[-119.46499639375675,46.49566717262116],[-119.46479407500705,46.49567638824614],[-119.46456738229911,46.49571581012107],[-119.46424620417459,46.495829700745894],[-119.46406224063321,46.4959014017874],[-119.46395039792505,46.49589793928741],[-119.46391798021676,46.495873450745805],[-119.4638222010502,46.49580109866255],[-119.46320189896784,46.49568902157944],[-119.46215860417784,46.49553288512138],[-119.46164312813693,46.49553239866294],[-119.46081378126327,46.49587820282918],[-119.46046219584713,46.496114970537086],[-119.46004651355611,46.49630331741184],[-119.45951898230692,46.49648819449485],[-119.45859885210001,46.496506109078176],[-119.45789108647608,46.496360335120116],[-119.45736629376859,46.49615831637039],[-119.4569309760609,46.4959590674123],[-119.45660750626975,46.49576328824602],[-119.45633078335351,46.49553799970469],[-119.45618525731209,46.49536321637155],[-119.45604777189563,46.495064850747035],[-119.45599344897904,46.494754403872484],[-119.45607002502062,46.49432719449824],[-119.4560076656457,46.49361944970765],[-119.45600753647904,46.49361798720767],[-119.45569711043782,46.492665332000755],[-119.45546098647986,46.49210089241828],[-119.45543245106325,46.491724813252205],[-119.45550028960481,46.49115896012817],[-119.45556395106304,46.49065727367055],[-119.45567267606289,46.49017842054625],[-119.45584036981262,46.48950850179735],[-119.45598005522906,46.48903060700641],[-119.4561704323121,46.488576294507126],[-119.45623716564535,46.488417045549056],[-119.45651663335326,46.487990978883005],[-119.45654716356154,46.48794443096644],[-119.4566791916863,46.48758417575865],[-119.45665360106138,46.48726189659246],[-119.45652259376988,46.487129239301034],[-119.45629103856193,46.48711133930105],[-119.45592152293752,46.48706772680109],[-119.45568074689619,46.486953096592984],[-119.45548433231319,46.486871987218166],[-119.4550732396055,46.486752070551624],[-119.45486203960581,46.48665978513509],[-119.45480024689755,46.48665456638517],[-119.4544608687731,46.48662590180176],[-119.45428001877336,46.48657485596857],[-119.45423203335679,46.486476810135414],[-119.45419608856514,46.4864033611772],[-119.45416973752356,46.48621630284414],[-119.45416425002355,46.48617733201089],[-119.45408178856536,46.48601403096946],[-119.45390486356565,46.485633471595],[-119.4538289646074,46.4854547840953],[-119.45374342294086,46.4852533913873],[-119.4535228385662,46.484828613262955],[-119.45336853335812,46.48457734868001],[-119.45321679898336,46.484369713263675],[-119.45311211773348,46.48422647055559],[-119.45289519273388,46.48398397888928],[-119.45279447190069,46.483862971597766],[-119.4528450948173,46.48380024659777],[-119.4530167937753,46.483784146597905],[-119.45322293440002,46.48371553201471],[-119.45341220106637,46.48366782993139],[-119.45367888023264,46.48362252680646],[-119.45379212710749,46.48355102888995],[-119.45393773231558,46.483459103890134],[-119.45417344169023,46.48341283930678],[-119.45437540835655,46.48340839139018],[-119.45478003439757,46.483388801806875],[-119.45501505002223,46.483353230973606],[-119.45534921877169,46.48322428930707],[-119.455589797938,46.48310315909899],[-119.4556480666879,46.482922792432554],[-119.4556802364795,46.48266659972466],[-119.45547809272985,46.48243528930834],[-119.45495240002232,46.482408261183366],[-119.4546251916895,46.48243025493333],[-119.45433381773161,46.48237834660004],[-119.4541240260653,46.48226467160023],[-119.45400416877379,46.48196089764241],[-119.45401599689876,46.48177908930937],[-119.45405948127372,46.481587547642995],[-119.45416350314856,46.48141931743489],[-119.4541935937735,46.48119521118526],[-119.4542271604401,46.480917632018986],[-119.45430230523169,46.48071635701937],[-119.45410591564867,46.48063524764443],[-119.45387230314901,46.480649426811084],[-119.4536830468993,46.48069713201936],[-119.45347621877461,46.480776442435904],[-119.45331653439986,46.480846497644094],[-119.4531568479418,46.48091655389408],[-119.45299994585866,46.48094382993562],[-119.45280007710899,46.480916190352346],[-119.45277676981736,46.48079758826916],[-119.45283434794226,46.480627918477836],[-119.4528482646089,46.480414024728134],[-119.45286357398392,46.48017874556182],[-119.45286270835891,46.479953675770474],[-119.45279434690072,46.47981224347912],[-119.45264092815093,46.47978604764581],[-119.45238905210965,46.47984252264575],[-119.45225963544317,46.47992423306217],[-119.45206759481846,46.48001471535372],[-119.4518649469021,46.48002985285369],[-119.45166438648577,46.480012905978754],[-119.45140050940284,46.480015426812045],[-119.45136587190291,46.48003137264535],[-119.45116063023653,46.48012585181192],[-119.45089048752864,46.4802246205618],[-119.45063582294569,46.480323871603275],[-119.45036846252947,46.48037986014487],[-119.4501172791965,46.48042563722813],[-119.44983513128028,46.4804704486864],[-119.44967056669721,46.48061536014447],[-119.44959819378063,46.48077385493593],[-119.44950685523912,46.480985339310585],[-119.44945205211422,46.48111222993538],[-119.44936837503097,46.481206075768554],[-119.44904968544814,46.48133547993501],[-119.44874717711531,46.481454670559835],[-119.44850798336567,46.48155439660139],[-119.4482997541993,46.48165508514283],[-119.44810839899127,46.48173486430942],[-119.44779458440843,46.48178940389271],[-119.44749485524221,46.4818658132676],[-119.44716276982608,46.48196264555907],[-119.44692426982648,46.48205167368394],[-119.44670264586848,46.48211979451713],[-119.44663291982694,46.48213607055876],[-119.44638952399396,46.482163636183735],[-119.44603344274452,46.48215255701712],[-119.44583287711981,46.48213560076712],[-119.44546270941208,46.48210265076716],[-119.44528041566235,46.482043396600616],[-119.445067158371,46.4819831809757],[-119.44491234274625,46.481978362225746],[-119.44473995107985,46.48200514555894],[-119.44458627712174,46.48206920701719],[-119.4445485906635,46.482084918475564],[-119.44429669691384,46.48214137576708],[-119.4439660000394,46.48221681014208],[-119.44368383858146,46.48226160701696],[-119.44341855524857,46.48228549764191],[-119.44318283962396,46.48233173930851],[-119.4429464271243,46.48238867472509],[-119.44255100629158,46.482504955974896],[-119.44203173025075,46.48261737784969],[-119.44146251462661,46.48278182159947],[-119.44112901566878,46.482900028890995],[-119.44082857712762,46.482987113265786],[-119.44052883233638,46.48306350389067],[-119.4401544708786,46.48309470180731],[-119.43982795421249,46.48310595909905],[-119.43939665212979,46.48308287159898],[-119.43934871254658,46.48308030493241],[-119.43902568858876,46.483038086182326],[-119.43875050733915,46.48297592784921],[-119.43839512192302,46.48295413097413],[-119.4380854854652,46.482944476807496],[-119.43769704171575,46.48295379764086],[-119.437354342758,46.482975257015816],[-119.43725662713314,46.482999268474146],[-119.43692864484201,46.483079860140656],[-119.43641074900944,46.483170866390545],[-119.43606665213497,46.48321371118215],[-119.43578588026041,46.48323710076536],[-119.43556633755242,46.483273114307075],[-119.43520825005301,46.48327224868206],[-119.435194071928,46.48327221326539],[-119.43481471776194,46.483142496598866],[-119.4346049667206,46.483028788265756],[-119.43436845005427,46.48284994555769],[-119.43403694797142,46.48270028618296],[-119.43357879276387,46.48258953930813],[-119.43320513338944,46.48261002055806],[-119.43275126672347,46.48267086014125],[-119.43267789276524,46.48269242993291],[-119.43235582505741,46.482787105974445],[-119.43200682714128,46.482904800765915],[-119.43157411776694,46.48311632472392],[-119.43127085839241,46.483246160140425],[-119.43093873755959,46.48334294764031],[-119.43062005735175,46.483385361181824],[-119.43060315735181,46.483387611181826],[-119.43054749068524,46.48339501951514],[-119.43026671568568,46.48341839347342],[-119.43004997089429,46.48341161951521],[-119.43004467401933,46.48341162889019],[-119.42972414901983,46.48341215389013],[-119.4294440750619,46.483424833056844],[-119.42913654068742,46.48338307055686],[-119.4289232979794,46.48332282368196],[-119.4286755886048,46.483315077848665],[-119.42832846360534,46.483396610140204],[-119.428312020897,46.48339531743185],[-119.42810773131401,46.4834580663901],[-119.42749202402332,46.48362098930648],[-119.42714161048217,46.483760057014564],[-119.42672856360781,46.48390787993102],[-119.42645905944153,46.483995895555886],[-119.42609456048376,46.484113086180784],[-119.42557664069295,46.48420404243062],[-119.4248511396524,46.484384946596954],[-119.42411085632023,46.484554666388405],[-119.42359152611265,46.484667004929854],[-119.42316438653,46.48479294242967],[-119.42283224278054,46.484889702846225],[-119.42250080007271,46.48497576951278],[-119.42218975319815,46.484987460137724],[-119.42198141153182,46.48498093305435],[-119.42180270007377,46.48497533617941],[-119.4209012219502,46.485000675762706],[-119.42044662090922,46.48507216013756],[-119.41991179591002,46.48518399347073],[-119.4193971657025,46.48533349242881],[-119.41922144799446,46.48530166742891],[-119.41891953341161,46.48517432263743],[-119.41867673757861,46.485091697637586],[-119.41847828028729,46.48504261326265],[-119.41821789591269,46.48499158409603],[-119.4180314073713,46.48499645076271],[-119.41778158445504,46.48502076534597],[-119.41759369174696,46.48504702159597],[-119.41718904695595,46.48506648097092],[-119.41681607091488,46.48507621326255],[-119.41661198966517,46.48511267576258],[-119.41628053758234,46.48519872472065],[-119.41588151883298,46.48513262367913],[-119.4154332407087,46.48510784242915],[-119.4152750730006,46.48505206534598],[-119.41526645425057,46.48504902784592],[-119.41516863237575,46.48488521326294],[-119.41521366362566,46.48467230180481],[-119.41525788966725,46.48463520388827],[-119.41531218029218,46.48458966430494],[-119.4155211823752,46.48447834451352],[-119.41568092612495,46.48440834347199],[-119.41587655424962,46.484264453888784],[-119.41607288445768,46.48410987055569],[-119.41625091779072,46.48399757888918],[-119.4164015052905,46.48383084243122],[-119.41658235008192,46.483675773681384],[-119.41679415841493,46.483521673681636],[-119.41694685112299,46.48332285493191],[-119.41711924070604,46.483060358057415],[-119.41714878237268,46.48284695805766],[-119.41723884278917,46.48265689243296],[-119.41723882612251,46.48242113305838],[-119.41710792820606,46.48228843514192],[-119.41697492508128,46.482187816392084],[-119.41684402716483,46.48205511639227],[-119.4167609813316,46.481902484100885],[-119.41669201154002,46.48177172576771],[-119.41639856049885,46.481516046601435],[-119.41611355945759,46.481367794518356],[-119.4157469365415,46.48128127681015],[-119.41560620216673,46.481298293476776],[-119.41550328758355,46.48132989347675],[-119.41541620945868,46.481356629935036],[-119.41516640216742,46.48138093722659],[-119.41489900633451,46.48143684451819],[-119.41464849591826,46.48147184555982],[-119.41443246466855,46.48145434972656],[-119.41429735529375,46.481385812226634],[-119.4141812469606,46.48126428722674],[-119.4142199480022,46.481147624727],[-119.41438747196031,46.4810331476438],[-119.41441486258526,46.48101443201891],[-119.41462103862659,46.48094589035232],[-119.41479906675129,46.4808335986858],[-119.41504393862596,46.48064839243607],[-119.41528529279226,46.48051665493629],[-119.41546388133361,46.48046637472803],[-119.41549076362526,46.480458804936355],[-119.41575885737484,46.48039220389484],[-119.4160410282077,46.48034747889486],[-119.41610165112428,46.48032768410326],[-119.4163105282073,46.48025948722837],[-119.41650684174869,46.480104902853604],[-119.4166257511235,46.47994788931223],[-119.4166362979985,46.47978747577085],[-119.41661709904014,46.47975532681245],[-119.41662433029018,46.47973352056252],[-119.41662486883183,46.4797132757709],[-119.41662697299846,46.479634063271],[-119.41663485945679,46.4793373497298],[-119.41660176049851,46.478896945563825],[-119.41645395737372,46.47831363410634],[-119.41646730008205,46.47787468619051],[-119.41646656779041,46.47741386431613],[-119.4165819250819,46.47683880806709],[-119.41693158237302,46.47623895285956],[-119.41706313237279,46.47588944244347],[-119.41712924799772,46.47559146223565],[-119.41711515737275,46.47533382994437],[-119.41699341153958,46.47506210598647],[-119.41683649278981,46.47485357473675],[-119.41673727716501,46.47471115182034],[-119.41650436987366,46.47447880494568],[-119.41635590424892,46.47437770077915],[-119.41621095529082,46.47422312577941],[-119.41613706049924,46.47393147057153],[-119.41612718966591,46.47360967265536],[-119.41622356362411,46.47332335807249],[-119.41641561883215,46.47299718098964],[-119.41667099070675,46.47265155599016],[-119.41675611362331,46.47253634765705],[-119.41689399799805,46.472326347657415],[-119.4170178063312,46.472094473699336],[-119.41703856778952,46.47194060703293],[-119.41704804278949,46.47187038099144],[-119.41707968341444,46.47162490078345],[-119.417157756331,46.47138087578385],[-119.41717321674764,46.471145603909235],[-119.4172885698725,46.47080630182634],[-119.41754252091374,46.47048206432685],[-119.41805254487126,46.470037261202556],[-119.4185224740372,46.469730509119735],[-119.41883270424508,46.46949376120346],[-119.41922523653614,46.46918458099555],[-119.41947635841075,46.4689031143294],[-119.41967329174379,46.468502070579966],[-119.41975767195198,46.4681617945389],[-119.41968797507707,46.46780597578938],[-119.41966892403542,46.46738744454],[-119.41972655632702,46.466982035165636],[-119.41990519695173,46.46662328204126],[-119.4199726875766,46.46630391120832],[-119.41983546882682,46.46603170391714],[-119.41965202403543,46.46551871641795],[-119.41962266882717,46.46517845079343],[-119.41971286778535,46.46459188516931],[-119.41979604382693,46.464112259128484],[-119.41980651986853,46.46355891537926],[-119.41969270841037,46.462930234130305],[-119.41929985632765,46.46222136538137],[-119.41904656049475,46.46174905184048],[-119.41880501674513,46.4614914351742],[-119.41852715112054,46.461393421632636],[-119.41822115320433,46.461330245591164],[-119.41794329174644,46.461232229966186],[-119.41770175528848,46.460974609133274],[-119.41736876049731,46.46053551434237],[-119.41694899278963,46.4598436539267],[-119.4167965167482,46.45901729142808],[-119.4167606719566,46.4582855195541],[-119.41675609591495,46.45819208517928],[-119.41674131570666,46.457890353929784],[-119.41689364487308,46.45714499351426],[-119.41696846466458,46.45662629768173],[-119.41709755008111,46.45640125289045],[-119.41739056258065,46.45587463101622],[-119.41767303653853,46.45550842164182],[-119.41778551466336,46.454976135184225],[-119.41783938757993,46.454549175809994],[-119.4177711417467,46.4541573539356],[-119.41780048653834,46.45391167893595],[-119.41796571570472,46.453461419561634],[-119.4179621709131,46.453220192478646],[-119.41779863133003,46.453054319562305],[-119.41757443341368,46.452926729979175],[-119.41737621466399,46.45282040185434],[-119.41731052716409,46.45276440602106],[-119.41698230216458,46.452646947687974],[-119.41670097195667,46.45260240081303],[-119.4164794146654,46.452434707063205],[-119.4164196084155,46.45216492581365],[-119.41646412612374,46.45188055498073],[-119.41661179279016,46.45159942060622],[-119.41675594695664,46.451371759148216],[-119.41702903653955,46.45114813935691],[-119.41746152924719,46.45085807894064],[-119.41758457195532,46.4505583101911],[-119.41752008133047,46.45035982269147],[-119.41747282820553,46.4503299945665],[-119.41737120945567,46.45026585081666],[-119.4171895292476,46.4502780122749],[-119.41695276674795,46.45034202685812],[-119.41653900008197,46.450346907066475],[-119.41628464174903,46.45028534664984],[-119.41588258549962,46.45011198727518],[-119.41556257612513,46.44986975915055],[-119.41550160633359,46.44961780081757],[-119.41556298237516,46.44935900290136],[-119.41553498445855,46.44929077998481],[-119.4155275115419,46.44927256748482],[-119.41545727091697,46.44923848206825],[-119.41519283341741,46.449110161235076],[-119.41511432820914,46.449072064360124],[-119.4150308021676,46.4488685143604],[-119.41497188445938,46.448585363319204],[-119.4149161990428,46.448521534152626],[-119.4148575032096,46.44845424977774],[-119.41482770425125,46.44842009248613],[-119.4146671615432,46.448375508111226],[-119.41451619591845,46.448333579986254],[-119.41444706154351,46.448314379986286],[-119.41367523550308,46.44826335602806],[-119.41313548758723,46.448219617486416],[-119.41303099904576,46.44820111436151],[-119.41290692612927,46.44815886019492],[-119.41247442196328,46.44795774040358],[-119.41189511675583,46.4476314518624],[-119.41165337300616,46.44718181123806],[-119.4114819563398,46.44684154144698],[-119.41127274175682,46.446191992489624],[-119.41102925113216,46.4457690883236],[-119.4107145615493,46.44554487374058],[-119.41049920009135,46.44557829353221],[-119.41024604071676,46.44559712686551],[-119.41004825946705,46.445657888323716],[-119.4099072855089,46.445737887281915],[-119.40984695946734,46.44577211853194],[-119.40968345842593,46.44590093311503],[-119.40938370530137,46.446038859156474],[-119.40906021363521,46.44624301540622],[-119.40878155634397,46.44635481123936],[-119.40839390113626,46.446356018531006],[-119.40797284801194,46.44627579978112],[-119.40786785426207,46.44623528936447],[-119.4078225365538,46.44620409769793],[-119.40779617822051,46.446015734156525],[-119.40787091155374,46.44576357269863],[-119.4079790417619,46.44559283311558],[-119.40812760738669,46.44539657582414],[-119.4082691334281,46.445307258116],[-119.40845109488619,46.445192422699435],[-119.40857064384431,46.44514260082455],[-119.40863041988587,46.445117689366285],[-119.40875172613575,46.44504113103312],[-119.40875964280235,46.44492082269987],[-119.4087323990524,46.44474582478347],[-119.40872870738575,46.44474303103352],[-119.40860780530262,46.444651491450244],[-119.40856627405266,46.44462004457541],[-119.40818654905326,46.444500941450556],[-119.4079360344703,46.4444796685339],[-119.40766618030402,46.444457786242296],[-119.40735853134618,46.444421318534054],[-119.40707286051332,46.444345357075825],[-119.40678807197209,46.444256025825936],[-119.40649010634759,46.4440725122846],[-119.4063275063478,46.44389325707645],[-119.40613239488975,46.4436192122852],[-119.40601815530664,46.443294127910754],[-119.40599708239,46.44302555916123],[-119.40595403551505,46.44279648311983],[-119.40595003447339,46.442780674786576],[-119.40588762093182,46.44260479874515],[-119.40578214280697,46.44249350499538],[-119.40569918968214,46.442405975828834],[-119.40545660114084,46.442323328953954],[-119.40539781051594,46.442307693537316],[-119.40527378030775,46.44227471020395],[-119.40509865218303,46.44223229978741],[-119.4048160261418,46.442163856037475],[-119.40438428135081,46.442128833120925],[-119.40400972614306,46.44210982478754],[-119.40382807718504,46.4421006060376],[-119.403396738644,46.44208702374596],[-119.40327116885256,46.44208306957928],[-119.40260244697858,46.44211559145421],[-119.40232932614566,46.44214305812085],[-119.40219671052087,46.44215639457918],[-119.401914027188,46.442211788329075],[-119.40172345531329,46.44228079666229],[-119.40148751052197,46.44236439041215],[-119.40148200323033,46.44236634249556],[-119.40139013135546,46.44239889249545],[-119.4011862032308,46.442435331037096],[-119.40102657093935,46.44250531645365],[-119.40088311260628,46.4425650924952],[-119.40082657927303,46.442589876870144],[-119.4007234782315,46.442635077911795],[-119.40063486677333,46.44265738520342],[-119.40053431364845,46.44268269666171],[-119.40041196573198,46.442657409161775],[-119.40034261364877,46.44254949978694],[-119.4003416688571,46.44254803103692],[-119.40033395739881,46.44242990707877],[-119.40037759073205,46.44223839041241],[-119.400406459482,46.44203569145438],[-119.40047962198192,46.44186653520466],[-119.40053731364846,46.44169689353821],[-119.40068429489821,46.44158364666336],[-119.40090439698123,46.441537001871865],[-119.40114066989754,46.44148014874694],[-119.40134600323051,46.44142232062197],[-119.40157103552184,46.4413008143722],[-119.40164489906341,46.44112096333078],[-119.4017363438549,46.44090951958114],[-119.40181584281318,46.44064411853984],[-119.40183981156311,46.44028051958209],[-119.40185743239643,46.44001316645751],[-119.40177871677149,46.439796361249485],[-119.40160507302181,46.43960871541647],[-119.40145743239704,46.43949690083332],[-119.40126408968898,46.439372928958576],[-119.4011523261475,46.43918723208378],[-119.40126064802234,46.43895488625081],[-119.4013928584388,46.438830457084336],[-119.40171911052164,46.43881930395937],[-119.40217545843757,46.43871579875121],[-119.4024911761454,46.438629297709674],[-119.40276259906166,46.43850924979317],[-119.40295315531137,46.438440238334955],[-119.40314159906109,46.43840330604342],[-119.4033785594774,46.43833575396014],[-119.40364786572695,46.43824778625194],[-119.40386724697663,46.43821183000199],[-119.40417873135112,46.438189487293734],[-119.4045299365589,46.438230905001994],[-119.40471743760031,46.43820823104363],[-119.40505025218313,46.43817584146042],[-119.40532494697436,46.43808446958557],[-119.40583965530692,46.43780061021095],[-119.406199662598,46.43766905500276],[-119.40664779801396,46.43745454041987],[-119.40745217509608,46.43716549875359],[-119.4078328000955,46.43703458625378],[-119.40833716676133,46.43690756542069],[-119.40848810426111,46.4368122925042],[-119.40872341363576,46.436691095629314],[-119.40879748030234,46.436507675837994],[-119.408763734469,46.436392305004745],[-119.40854812405269,46.43621406646347],[-119.40829032821979,46.43604878833865],[-119.40805409697015,46.435869898755506],[-119.40777192822055,46.43576100604746],[-119.4075647500959,46.435768778964054],[-119.40732101572127,46.435703961255825],[-119.4069797938468,46.435550342506154],[-119.40677449280541,46.4355295966728],[-119.4066057490557,46.43558143938108],[-119.40639856988935,46.43558921125605],[-119.40621295530633,46.43558336958935],[-119.40607140426488,46.43553605083941],[-119.40596080218172,46.4353325341731],[-119.40574426572368,46.435168547714994],[-119.40561770843227,46.43520743208995],[-119.40523897093284,46.4353098175065],[-119.40500459801656,46.43541674875632],[-119.40462773655878,46.43549061750623],[-119.4044618063507,46.43549968313117],[-119.40429869489265,46.43546597063125],[-119.40405872301801,46.43534410708971],[-119.4035590959354,46.435085474798484],[-119.40303885218623,46.434826191465596],[-119.40254111364534,46.43453903625766],[-119.40210995114604,46.43418253417489],[-119.40165253135507,46.43391093417534],[-119.40089046989789,46.433558288342525],[-119.39988752614948,46.43309803105162],[-119.39932237615032,46.432580122719116],[-119.39881346052614,46.43214971334476],[-119.39853979490158,46.43191247063674],[-119.39802054490237,46.431638905012136],[-119.39753690219477,46.43145219042914],[-119.39712445844543,46.431439183137506],[-119.39670731365443,46.43149746542909],[-119.39631643344667,46.431470844595786],[-119.39595182407226,46.431359320637654],[-119.39552817303121,46.43120306855452],[-119.39522919803171,46.43103646126312],[-119.39491242511555,46.43082642480513],[-119.39476807199077,46.43082186959676],[-119.39446721990788,46.43068377688867],[-119.39426759282486,46.43057745709722],[-119.3940511105335,46.43041344876403],[-119.39398368970028,46.43018270605605],[-119.39406721157518,46.42985671126489],[-119.39420318032496,46.42967525501523],[-119.39465034907427,46.429475044598846],[-119.39498876261541,46.42935713209906],[-119.3954546657397,46.42918608626602],[-119.39578280428083,46.42891067272475],[-119.39596471365553,46.42865922272511],[-119.39606695844707,46.42836239147559],[-119.39608577823873,46.42807721855939],[-119.3959958480305,46.42787434355967],[-119.39589745011396,46.42779979668476],[-119.3958842011557,46.42779937689311],[-119.39569124178097,46.42779328835148],[-119.39554219282287,46.42786002897638],[-119.39524408969834,46.427993501892914],[-119.39488694803225,46.42808224980939],[-119.39442764282461,46.428153481059226],[-119.39402643240857,46.42828369876736],[-119.39364584178419,46.42841456647548],[-119.3933514990763,46.428491003975346],[-119.3928471782437,46.428617961266895],[-119.39238127303612,46.42878899459994],[-119.39180754699532,46.429028063349584],[-119.39127882928784,46.429211396682604],[-119.39076036262196,46.42955222272374],[-119.39018285324785,46.42984831855665],[-119.38980035637341,46.43000769043136],[-119.38931663554088,46.43013528313957],[-119.38874476991674,46.43034581855587],[-119.38815793762603,46.430470145638935],[-119.38768099491841,46.43044280188905],[-119.38760210012686,46.43043827793071],[-119.38736407512727,46.43028786543098],[-119.38729385325236,46.430099896681185],[-119.38730178762734,46.43005322063966],[-119.3873276803356,46.429900928973225],[-119.38734560325223,46.42963001647367],[-119.38740099387718,46.42941744251565],[-119.38741983450215,46.42931690605744],[-119.38743293658547,46.429246991474265],[-119.38741341262715,46.429212446682556],[-119.38735894075221,46.42911605709943],[-119.38721836783577,46.42905445501618],[-119.3870365522111,46.42899154980796],[-119.38695409179456,46.42896688522466],[-119.38663435533671,46.42887125084983],[-119.38638831679543,46.428826034183174],[-119.38585940429626,46.428621764391806],[-119.38503963138085,46.42842168105885],[-119.38479008763125,46.42838699147553],[-119.38439120013186,46.42826720085071],[-119.38405843242401,46.42819835605919],[-119.38400898867413,46.42818812480918],[-119.38399625013244,46.42818420501754],[-119.3835723230498,46.42805374043442],[-119.38321564492537,46.42788170293463],[-119.38291873450915,46.42768476543496],[-119.38252782409309,46.427444662310315],[-119.38228979492682,46.4272361935607],[-119.38192530742737,46.42688976335288],[-119.38176726784427,46.426643639394904],[-119.3815811949279,46.426235882103924],[-119.38145754492808,46.42576312793794],[-119.38126793347006,46.42540883939681],[-119.38105633659536,46.42509404148067],[-119.38100543034544,46.42498526648089],[-119.38080696784573,46.424764649814506],[-119.38060673347103,46.42457077064815],[-119.3804231730547,46.424417602940004],[-119.3801631793051,46.42424862064862],[-119.37996738034707,46.42398790189908],[-119.37995070743041,46.423947187315825],[-119.37973469284742,46.42369922169113],[-119.37964086472255,46.42336136440005],[-119.37958037826434,46.423104934192146],[-119.37952432409776,46.42278166856762],[-119.3795305803477,46.42275648523429],[-119.3795902876393,46.42266319981773],[-119.37961936576427,46.42251677169303],[-119.37966954180588,46.42234422377653],[-119.37976015013902,46.422146163360274],[-119.37975942513901,46.42186483940233],[-119.37975604284738,46.42162361544432],[-119.37971488972244,46.42136779773648],[-119.37953842826437,46.42110769252859],[-119.37932420118136,46.420832993570635],[-119.37923907305652,46.42065615398758],[-119.3791355043067,46.42046533523787],[-119.37895107618198,46.420325534196465],[-119.37857335847423,46.42017960294667],[-119.37832296993294,46.42015826857164],[-119.37829719284964,46.42016248940501],[-119.3780488220167,46.42020315607156],[-119.37780889910039,46.42031610711307],[-119.37756897305911,46.42042905607125],[-119.37729127722623,46.420527411279416],[-119.37707654597654,46.42064181544588],[-119.37703025014326,46.42066648002922],[-119.37679209597694,46.42075269252905],[-119.37651262097741,46.420877782112235],[-119.37612953556136,46.42099539357037],[-119.37607762826974,46.42101133002871],[-119.37586057202009,46.42107141961189],[-119.37553197722896,46.421060993570265],[-119.37535801577087,46.42105547169529],[-119.37508102722961,46.42102351752871],[-119.3748774511883,46.421000033153724],[-119.37439422306403,46.420984694612024],[-119.37408496056453,46.42097487690375],[-119.37352708139872,46.42091697794544],[-119.37307630119108,46.420996433153704],[-119.37274180744161,46.42111138940353],[-119.37271950014998,46.42111905398685],[-119.3723231553589,46.4212538164866],[-119.37195925015112,46.42148337481963],[-119.37172975952647,46.4217305966942],[-119.37151870848514,46.4219918008605],[-119.37127076994386,46.42222503940175],[-119.37096662098601,46.42242970294317],[-119.37077489077797,46.42269151856769],[-119.37051383557008,46.422830571692515],[-119.37015879494561,46.422926451900715],[-119.3698792959877,46.423051522733886],[-119.36939939078015,46.42327738523342],[-119.36897924703077,46.42347835502484],[-119.36851955432316,46.42369146231619],[-119.36805629911555,46.42395803523242],[-119.36751216682474,46.424275615440216],[-119.36731470536672,46.42436114669019],[-119.36717855015856,46.424486030023274],[-119.36662307932608,46.42468268627301],[-119.36585667203563,46.42494407064755],[-119.36519572099496,46.42517308523055],[-119.36473567828739,46.425245513355435],[-119.3642381824548,46.42544400502183],[-119.36394288558029,46.42551497481329],[-119.36355021995585,46.42543997793844],[-119.36352206578925,46.425434599813514],[-119.36320591162308,46.42523699981376],[-119.36300218141504,46.425096558147324],[-119.36303308245671,46.42492340293919],[-119.36314219391481,46.424739340439515],[-119.36325397516465,46.42451517793986],[-119.36340352724778,46.424305613356935],[-119.36351482724757,46.424123063357186],[-119.36369630849731,46.423961585232384],[-119.36407117724674,46.4237103758578],[-119.3642907147464,46.423438738358215],[-119.3644209043295,46.42316425919199],[-119.36456828974593,46.42296772273391],[-119.36474109287069,46.4227255560677],[-119.36500220953697,46.42250167898465],[-119.36514547828672,46.422366925859926],[-119.36510697412012,46.42227282690169],[-119.36505617412017,46.422218528985105],[-119.36479351995392,46.42193778731887],[-119.36463257724587,46.421815746694115],[-119.36439067307958,46.421698145652584],[-119.36426693557974,46.42152006856961],[-119.36431982932969,46.4213074258615],[-119.36442804182951,46.42113672898676],[-119.36465578349585,46.420916255028814],[-119.36468845641241,46.42071636544581],[-119.36485820849549,46.42049404565453],[-119.3652081418283,46.420183693571666],[-119.36535678453639,46.41998749357194],[-119.36539301057802,46.41973413315565],[-119.36538702411968,46.41953301023931],[-119.36509022307848,46.41933603003129],[-119.3645850220376,46.41936013628123],[-119.364309087663,46.41943172482278],[-119.36399449599686,46.41950208315606],[-119.3635516876642,46.419551312322604],[-119.36359084912249,46.41951543107272],[-119.36331355745625,46.41954738003098],[-119.36312116266487,46.41952785815595],[-119.3625472918324,46.41971051440565],[-119.36204271995821,46.420015933155256],[-119.36163236995884,46.42006983940514],[-119.3612660210011,46.42004477169688],[-119.36101679287646,46.419715340447276],[-119.36092130433497,46.41940420503119],[-119.3607678335019,46.41909122065668],[-119.3606441137104,46.41891313836528],[-119.36032800537754,46.41871552899052],[-119.36013828975285,46.41865590190739],[-119.35986324600329,46.41871411128218],[-119.35966462100356,46.41878815503219],[-119.35942288662892,46.418927799823535],[-119.35922336996259,46.41901520607341],[-119.35896765225466,46.41907403211503],[-119.35859061788022,46.41920936023985],[-119.35831289600566,46.419307669614625],[-119.35805450017273,46.41940659253118],[-119.35769500746494,46.41956926857259],[-119.35743126267369,46.41974839357235],[-119.35695490434108,46.41992073628027],[-119.35653741892509,46.420081557113484],[-119.35598552413427,46.420224695654916],[-119.35543630434346,46.42032773002969],[-119.3551472710106,46.420305110238],[-119.35512329496898,46.420265893571525],[-119.35495517205254,46.4199908852386],[-119.35496944601084,46.419777014405575],[-119.35498014809416,46.41961661128089],[-119.35491710746925,46.41940027273953],[-119.3547987585111,46.419141983156585],[-119.3548287918444,46.41898219669853],[-119.3551451730939,46.41888513003196],[-119.35530514601032,46.41880986232373],[-119.35541516371849,46.41861244253235],[-119.35552161163497,46.418468489407644],[-119.35595691996765,46.418040331075005],[-119.35609338038408,46.417939144616724],[-119.35615732725897,46.41791053836679],[-119.35649954705015,46.41773570711711],[-119.35694389184113,46.41757841961733],[-119.357239172049,46.41748781857583],[-119.35741075329872,46.417393272742636],[-119.35748115954863,46.41726692170112],[-119.3573885376738,46.417106795659684],[-119.3573203345489,46.41689029253506],[-119.35731587934055,46.416647247743796],[-119.35726924600728,46.41641714566089],[-119.35719819184072,46.416243416494424],[-119.35702691371598,46.41602362691139],[-119.35689021267456,46.41590495920329],[-119.35665328975826,46.41574022899518],[-119.3566234668416,46.41556781649544],[-119.35676617517477,46.41528659982925],[-119.35684038142462,46.41510321753783],[-119.35694185642444,46.414820685246674],[-119.35694025642448,46.414534864413675],[-119.35692564809113,46.41413432170602],[-119.35681621892469,46.41391650503968],[-119.35668427829982,46.413726545665014],[-119.35661798350829,46.413481527956996],[-119.35669408767485,46.41326962899904],[-119.35682918350797,46.41310247691589],[-119.35695984079945,46.41300186337448],[-119.35710857621586,46.412939927957886],[-119.35742539392373,46.41283572379142],[-119.35772254704824,46.41271660608324],[-119.3578528855897,46.41262074358336],[-119.35784462621473,46.41243473004194],[-119.35773139600656,46.412273946708936],[-119.35757883975681,46.41208333108424],[-119.35743579288201,46.411750135251374],[-119.35757468246516,46.411525949835045],[-119.35777161058985,46.411360768585304],[-119.3580960199643,46.41114249775229],[-119.35850383350538,46.410912596710986],[-119.35900549392125,46.41051422796163],[-119.35922397829592,46.41033544150362],[-119.35944530954555,46.41011388212894],[-119.35958133871203,46.409932467545815],[-119.35957592308705,46.40970368108792],[-119.35950961892047,46.40945866337993],[-119.35948929183718,46.40914366963047],[-119.3595073376705,46.40887276442251],[-119.35929959600412,46.40858037379801],[-119.35890254600474,46.40833909984005],[-119.35873128454669,46.408119313382],[-119.35862660954683,46.407830206090814],[-119.35848261371376,46.40751126963296],[-119.35866461371349,46.40725987900835],[-119.35882116683821,46.40713176442523],[-119.3589994553796,46.40694260921722],[-119.35904456683784,46.40684980088397],[-119.35906143871284,46.40674262796745],[-119.35906528871284,46.406733736300865],[-119.35909594183778,46.40666294671762],[-119.35903422933784,46.4065667310928],[-119.35887898662982,46.406413681093014],[-119.3585204012137,46.40610641755188],[-119.35845870121375,46.40601021963525],[-119.35824527204744,46.405803374844],[-119.35803470017277,46.40555375609431],[-119.35790182308966,46.40537805817795],[-119.35775023350652,46.4051731863033],[-119.35754726475687,46.404809500887175],[-119.35756436892348,46.40455285401249],[-119.3574270387154,46.40413410922153],[-119.35718826059076,46.40399789776342],[-119.35708681475757,46.403998169638434],[-119.3569247928828,46.40399860401344],[-119.35673102204983,46.40404046443005],[-119.35647988871682,46.40408960713826],[-119.35604420850916,46.40411857276329],[-119.35567321267644,46.40410673630491],[-119.35554958350997,46.40406237172163],[-119.35541097621848,46.40401263734672],[-119.35512622830224,46.403946395680215],[-119.35482277309444,46.40385098005535],[-119.35449965851159,46.40374064568053],[-119.35433952934517,46.40366409359731],[-119.35420856788706,46.403459874847535],[-119.35420222413705,46.403245344639586],[-119.35435600747013,46.403107367556494],[-119.35467467413633,46.40297465505663],[-119.35501299809414,46.40285685609857],[-119.35527078246872,46.402707911307076],[-119.35576288246797,46.402452133182514],[-119.35614622413402,46.40227861651609],[-119.35657173246672,46.40209215297468],[-119.3570533678826,46.401993207141544],[-119.35743385225703,46.40186245922504],[-119.35765040329835,46.40171219360034],[-119.35810126371435,46.40145508943403],[-119.3585679793386,46.40126993422597],[-119.35886506579646,46.401150809226216],[-119.35912188142105,46.401016113393055],[-119.35938059496232,46.40085289776825],[-119.35947347829551,46.40069868526855],[-119.35937830954566,46.4002669967276],[-119.3592416397542,46.400148333186095],[-119.35931486475408,46.39997920506132],[-119.35937222621236,46.39973813214498],[-119.3592355605876,46.39961946756187],[-119.35900980642123,46.39959798110355],[-119.35876154704664,46.39960435506193],[-119.35848887621371,46.39966710402006],[-119.35835450121391,46.3997083508951],[-119.35819369704753,46.39975771131163],[-119.35800346579782,46.39982308735323],[-119.35777011371482,46.39991566339476],[-119.35749744079862,46.399978410269625],[-119.35735317517386,46.39997380922801],[-119.35710669913254,46.39986726756147],[-119.35703197829936,46.39983496756157],[-119.356812877258,46.39971367068664],[-119.35662488038328,46.39961339360351],[-119.35661343871662,46.39960728943688],[-119.35637182934204,46.39951385193706],[-119.35629414600879,46.39943993006216],[-119.35632425955043,46.39929800610409],[-119.35643680746695,46.399158712354286],[-119.3566336928833,46.39899353110451],[-119.35673342413308,46.39884569881307],[-119.3567941095497,46.398755743604866],[-119.35680741267466,46.39855613006352],[-119.35686668559124,46.39828654152226],[-119.35707306684094,46.39797877693935],[-119.35733937100719,46.39770150193988],[-119.35766274808996,46.397497487356794],[-119.35811452204763,46.39722612694055],[-119.35843884392216,46.397007851940955],[-119.3587856689216,46.39676171860797],[-119.35915594912935,46.396473465483446],[-119.35965746787859,46.39607508631737],[-119.35983277517,46.39592350194262],[-119.3600990564196,46.395646219651326],[-119.3601329512112,46.39544726131838],[-119.36004320329467,46.39524436131866],[-119.35982316579498,46.395137327985395],[-119.35957777308703,46.395100930068885],[-119.35902421787956,46.39504041861073],[-119.3587854751716,46.394904210277545],[-119.35869288454671,46.39474408527774],[-119.35864245746349,46.39457101548639],[-119.35844493142214,46.39443612069492],[-119.35814436892258,46.39429794048681],[-119.35798900954786,46.394150101945336],[-119.35789547100632,46.394004234237286],[-119.35777942829816,46.393886226945824],[-119.35770649808994,46.39374101340436],[-119.35767763142331,46.39355434465466],[-119.35764781579837,46.39338193215488],[-119.35752702517358,46.3933352134049],[-119.35734156371554,46.39332929986327],[-119.35707557413258,46.39329223632172],[-119.35691451996615,46.39322994569683],[-119.3567591668414,46.39308210611366],[-119.35679212413305,46.39289740611401],[-119.357032098091,46.392705022780994],[-119.3573094814239,46.392570985281175],[-119.35764773559005,46.39245317798971],[-119.35794667308954,46.39230553944822],[-119.35824466163075,46.39217215507338],[-119.35856230329692,46.392053687365255],[-119.35884252933818,46.391876871740564],[-119.35902257100459,46.3916539977826],[-119.35903111683784,46.391525672782834],[-119.35897689287964,46.391409635282976],[-119.3588608522548,46.391291629033184],[-119.35893406371304,46.39112250090841],[-119.35904373975457,46.391025979033515],[-119.3592602428792,46.39087570820047],[-119.35938957308731,46.390794099867286],[-119.35954235850376,46.3906703738258],[-119.35957413558702,46.39065032278415],[-119.3596061657953,46.39061301132592],[-119.35975038662843,46.390462817576065],[-119.3597608470451,46.390424754034434],[-119.35976740121173,46.390391777992924],[-119.35967766162855,46.39018887799316],[-119.35965473975357,46.390056354035075],[-119.35964784079529,46.39001646445181],[-119.35964366787856,46.39000066549349],[-119.35959836475367,46.38982913841038],[-119.35952906683711,46.389646572785686],[-119.35951052412878,46.38959772278576],[-119.35949660850385,46.38954628424417],[-119.35943612100391,46.38935938841118],[-119.35941455850396,46.38934036653612],[-119.35940543558729,46.38925992278622],[-119.35953041579548,46.38906268007824],[-119.35959487829534,46.38900858112007],[-119.35998403454471,46.3888823165369],[-119.36048883037728,46.38866621757885],[-119.36083552412674,46.38849866028751],[-119.36100073766818,46.38834317903774],[-119.36093414391826,46.388180311329656],[-119.36076926787685,46.387942868621714],[-119.3605505116272,46.387739431121986],[-119.36038563975244,46.387501990497384],[-119.36019975850276,46.387192435289464],[-119.3600313314197,46.38696090820646],[-119.35998693662803,46.386899882165],[-119.35985375746162,46.38657414674882],[-119.35987155121161,46.386306805082484],[-119.36008443871121,46.38614276758282],[-119.36011639808616,46.38611814154115],[-119.36033548766922,46.3859286582081],[-119.36065878141869,46.38572463320845],[-119.3609785157932,46.385574075917],[-119.3613323012093,46.38529958008406],[-119.3614015991259,46.3850338769596],[-119.36094987204325,46.38484087904313],[-119.3604196980857,46.384663238418405],[-119.36015893558613,46.384315575918976],[-119.35983277517,46.38378722175309],[-119.35983192933662,46.38341212279537],[-119.35998560850305,46.38304194779595],[-119.36020468558604,46.38285246446293],[-119.36044595746068,46.382717268629776],[-119.36058658350215,46.38254314467167],[-119.36093560954326,46.38233993738032],[-119.36136782204262,46.38205008008913],[-119.3616629637088,46.38188087488104],[-119.36206585954152,46.38164366133976],[-119.36254482308243,46.381426731131796],[-119.36289028037356,46.38127698738199],[-119.36308451162324,46.38112077071557],[-119.36333557203955,46.38093360300753],[-119.36356398662254,46.38076072384121],[-119.36370581578895,46.38058508842476],[-119.36382699391379,46.38039378217508],[-119.36388323037204,46.38020041030035],[-119.36383024391374,46.38001856863398],[-119.36372599599724,46.37995519988413],[-119.3635548199559,46.37991972384247],[-119.36332169391454,46.379837238425914],[-119.36293704599846,46.379749925926],[-119.36259071162401,46.37973889467605],[-119.36239589704098,46.37973269050934],[-119.36206821891648,46.379767290509335],[-119.3618212157919,46.37983684363426],[-119.36178084495862,46.37984821134256],[-119.36149845120906,46.379854228009194],[-119.36113246162633,46.37981254155095],[-119.36073215121023,46.37963464675953],[-119.36057096371049,46.37944935821815],[-119.36090005954331,46.37921536134354],[-119.3613694178759,46.3789874103022],[-119.36176015850032,46.3786998019694],[-119.36206659495815,46.3784380811364],[-119.36218382412466,46.3782274884284],[-119.36191626787507,46.3779046196789],[-119.36139107100088,46.377730713429145],[-119.36092483454324,46.37760155092938],[-119.36058505225213,46.377433548846355],[-119.36039706475243,46.377156076971715],[-119.36026519391929,46.3769661217637],[-119.35987852100324,46.37688235718052],[-119.35943736892057,46.37699689155532],[-119.359394036629,46.37700639676368],[-119.35903931267119,46.377084219680164],[-119.35859506163024,46.37704531447195],[-119.35852619079702,46.37703928113863],[-119.35830812517237,46.37690373322215],[-119.3581360074643,46.376698205097455],[-119.35791984183959,46.37653413738935],[-119.35763997725672,46.37639661655623],[-119.35752681684022,46.37623583322318],[-119.35747735746531,46.37604850509846],[-119.35755149809017,46.37586511864043],[-119.35778379808984,46.37578679780719],[-119.3580385928811,46.375680613432394],[-119.3582737376724,46.37555951759925],[-119.35826737413073,46.37534498530788],[-119.35803725954777,46.375080455100026],[-119.3576255407984,46.374752976975465],[-119.35756351059018,46.37461550510069],[-119.35753773142352,46.37452156030918],[-119.35744071059038,46.37411838739311],[-119.35727240329898,46.37385582489358],[-119.35718364496574,46.373638666560524],[-119.35707808454924,46.37336381864428],[-119.35684921996626,46.3727706894785],[-119.35684665850795,46.37249912489562],[-119.35688624392454,46.37221461864601],[-119.35696418038275,46.37197419989647],[-119.35703831579929,46.37179081448003],[-119.35719769600742,46.37156728218876],[-119.35745532100701,46.37141832698064],[-119.35766890121499,46.371310830105806],[-119.35796487100625,46.37120596135599],[-119.35815785121423,46.371097806147795],[-119.35839582100556,46.37093393323138],[-119.35882107308824,46.370747454065054],[-119.35901309912958,46.37065355614849],[-119.3590496522545,46.37059183948199],[-119.35910632100446,46.370566988440295],[-119.35927383037915,46.37040205614893],[-119.35932668142077,46.37027990823243],[-119.35932286475412,46.3700011592745],[-119.35939039808731,46.36995004052461],[-119.35945379600389,46.36992460406631],[-119.35973010954513,46.36980481552484],[-119.36002891371135,46.36965716552505],[-119.36028652308597,46.369508203025276],[-119.36065470433539,46.36924845302568],[-119.36082991787673,46.36909686344257],[-119.36104727308476,46.368932329067846],[-119.36143225433415,46.36873026760983],[-119.36168890433375,46.368595558235015],[-119.36217118245798,46.36848232698517],[-119.36252702724916,46.36840793115201],[-119.36286227620695,46.36833287594376],[-119.36317976787313,46.36821439052728],[-119.36347855433098,46.36806673115249],[-119.36392247099695,46.36790940302773],[-119.36405439912176,46.36785584469458],[-119.36433551682967,46.367900322819466],[-119.36433730641302,46.36790094156942],[-119.36471253662076,46.36797480406935],[-119.36495286057868,46.36805985094421],[-119.36511213557844,46.36801848115264],[-119.36532732516145,46.367808620736234],[-119.36554558974446,46.36755242177833],[-119.36569178141087,46.36737132177862],[-119.36572948245248,46.36714033323727],[-119.36585438453562,46.366943079071],[-119.36618113349344,46.366736767612934],[-119.366462227243,46.36654448323823],[-119.36663482932607,46.36630230511357],[-119.36708543974201,46.36591418219748],[-119.36778251682432,46.365518416573146],[-119.36810617203213,46.365358437406776],[-119.36853934286479,46.3652328988653],[-119.36891684703083,46.364935319699065],[-119.36913508140556,46.364679110324516],[-119.36925996682204,46.364481853033084],[-119.3692884282803,46.364389881158196],[-119.36928455744699,46.36411113220025],[-119.36924915536368,46.363970694700534],[-119.36913861890554,46.3639516988673],[-119.36881804703103,46.36406534157534],[-119.36838181161505,46.36423722074183],[-119.36781272307428,46.364389392616545],[-119.36735827099164,46.36449877282468],[-119.36722668870017,46.36451267803303],[-119.36713309390865,46.36452256865803],[-119.36686434599238,46.364460039491405],[-119.36682481890911,46.36445084365818],[-119.3667951803675,46.36443519782481],[-119.36654398557624,46.36430259574174],[-119.36633214182656,46.36412558428362],[-119.36628805640991,46.36409212386701],[-119.36610666474354,46.36395444886721],[-119.36609798661856,46.36394786240893],[-119.36604016474364,46.363857670742355],[-119.36600192620205,46.36380202490914],[-119.3658850189106,46.36360314053448],[-119.36563131266098,46.3635049905346],[-119.3653037345365,46.36353960199289],[-119.36489656057877,46.36346659157635],[-119.3646035584959,46.363307138451596],[-119.36415708974658,46.363172822826805],[-119.36377156162217,46.36310049886853],[-119.36327982724794,46.362994763452],[-119.36291793141523,46.362893163452235],[-119.36247246683251,46.362743859285786],[-119.36228269183283,46.362662753035885],[-119.36216181683301,46.362523788452805],[-119.36206457620818,46.362355549911335],[-119.36198996787493,46.36217302178669],[-119.36186710329177,46.362064018661826],[-119.36163604600053,46.36195156866201],[-119.36121422204282,46.36177299157894],[-119.36091227620996,46.3617483582457],[-119.36052078558555,46.361765906162304],[-119.36044376162738,46.36178504470392],[-119.36014595225282,46.36185904782877],[-119.35981140642002,46.36199851137021],[-119.35949949600382,46.362123682203396],[-119.35887196892145,46.3621036759535],[-119.3584608282971,46.3620905665784],[-119.35796712204787,46.362014771786924],[-119.3579354532979,46.36191070199537],[-119.35784256475635,46.361605457204206],[-119.35803062621443,46.36138626553787],[-119.35824331475578,46.36112281970495],[-119.35839407517223,46.36081236137212],[-119.35844062829717,46.36043852908105],[-119.35835336683893,46.36012048012325],[-119.35816460433921,46.36002438429002],[-119.35777113246486,46.36007188741489],[-119.3575124720486,46.36004862491495],[-119.3572999407989,46.36004184470664],[-119.3571229897575,46.36003620095662],[-119.35677179288308,46.36010006033156],[-119.35659171059164,46.360199404081406],[-119.35632307830042,46.360325948872834],[-119.35592561371772,46.360433367622754],[-119.35566495955148,46.3604400624143],[-119.35536601580192,46.360370469706154],[-119.35531134184366,46.36034646241452],[-119.35507106059403,46.360240954081384],[-119.35481539601108,46.36017274470645],[-119.35442191892838,46.36022023428973],[-119.35418290434541,46.360227616581405],[-119.35397151267908,46.3601458051231],[-119.35378575122105,46.360004760331705],[-119.35352410226312,46.36002643012331],[-119.35328508559678,46.36003381137333],[-119.35291724080571,46.36002206345663],[-119.35285384393082,46.36002003949836],[-119.35257103143125,46.36001100720673],[-119.35243920955645,46.360036821790004],[-119.35208801164032,46.36010066762316],[-119.35182303143239,46.36013161137318],[-119.35161730226606,46.3600462207483],[-119.35157808247446,46.359975436373375],[-119.35151568455785,46.35986282283195],[-119.3513816126831,46.35967838741557],[-119.3512622710166,46.35951694054082],[-119.35103882101697,46.35945350408261],[-119.35063835643422,46.35936189054105],[-119.35043263455957,46.35927649887457],[-119.3500419126852,46.359038823874855],[-119.34978750956054,46.3589518759583],[-119.3494002835195,46.35890571762507],[-119.34913838664488,46.358931123875074],[-119.34913310435324,46.358932038458335],[-119.34897385747847,46.358959642624974],[-119.3486389814373,46.358833940541864],[-119.34848202935426,46.35877502491697],[-119.34816571477143,46.3586410561671],[-119.3479792251884,46.35851123741737],[-119.34771609289709,46.35831141033436],[-119.34749141685579,46.35802273637642],[-119.34730717935611,46.35785921033502],[-119.34731842623108,46.35769067700196],[-119.34744176477255,46.357548249918885],[-119.34750469081412,46.357336331169094],[-119.34737438560597,46.357095714502876],[-119.34715994498129,46.35689744158652],[-119.34677573456527,46.35680633533667],[-119.34650436998233,46.35673009783676],[-119.34625897935769,46.35650831554545],[-119.34616911373287,46.35639284471239],[-119.34593020331651,46.356317644712405],[-119.3456705699836,46.35630933533741],[-119.34543738873396,46.35639194887894],[-119.34537311269243,46.356404533254],[-119.34528909290087,46.35642098221232],[-119.34512532102617,46.35643826033725],[-119.344998503318,46.356389162420705],[-119.34492334498479,46.35637459262901],[-119.344789801235,46.356348704087374],[-119.34439509498559,46.35641488742057],[-119.34411584186104,46.356449527003896],[-119.34403434602787,46.35645963533719],[-119.34369579498667,46.356487647837206],[-119.34364188977844,46.35649210929543],[-119.34315207207084,46.35652146242053],[-119.34272612102984,46.35653724262877],[-119.34266300123831,46.3565395790871],[-119.34265776373833,46.356539047837046],[-119.34217843978071,46.35649028221216],[-119.34178933144796,46.35641719575389],[-119.34158735332329,46.35624440512915],[-119.34136536894863,46.35596342908798],[-119.34112702311569,46.35567002179675],[-119.34096971478262,46.35545065200546],[-119.34086556582442,46.35534040408895],[-119.34040723978347,46.35524853429738],[-119.3400005304091,46.35531289679733],[-119.33968615020127,46.35533377908894],[-119.33939614499339,46.35532448221394],[-119.33917512728539,46.35528643950572],[-119.33877874707765,46.35519633533919],[-119.33837245541162,46.354920161381266],[-119.33829273978677,46.35475410617313],[-119.33827537832843,46.35470033950665],[-119.33826649916176,46.35449882388187],[-119.33828303041173,46.35425168638225],[-119.33820722832856,46.35404802492432],[-119.33795193562058,46.35385408534123],[-119.3377625324959,46.35367773950824],[-119.337682601246,46.353535865550114],[-119.33768880228769,46.35344318638357],[-119.33774675020425,46.35333913013372],[-119.33774303041258,46.35329919471712],[-119.33777846999591,46.35302646763422],[-119.33779356999584,46.352800715551226],[-119.33772366895433,46.35256033117657],[-119.337710013746,46.35225030721875],[-119.33781408666249,46.351979780135814],[-119.33797360957891,46.351651496803],[-119.33833697416168,46.35110351555386],[-119.33856512416133,46.350777430137704],[-119.33894928874406,46.35043253326326],[-119.339199837702,46.35028577388847],[-119.33946467936823,46.34992514159737],[-119.33970997624289,46.34959960305612],[-119.33986392103428,46.34935448847326],[-119.34003502311735,46.349109920765244],[-119.34020056374207,46.34894852805718],[-119.34039645124183,46.34884764159907],[-119.34072642415794,46.34879868014075],[-119.34108833249077,46.34878646347416],[-119.34135990019867,46.34874306972422],[-119.34163430748987,46.34868934889103],[-119.34181863457292,46.34863274159938],[-119.3420134481143,46.34861219055773],[-119.3422369751973,46.34854790722453],[-119.3423336033221,46.34845276868301],[-119.34252983144683,46.34821793535003],[-119.34269496582158,46.34806247805861],[-119.34289870436294,46.347908256183764],[-119.3430796804043,46.347708653059044],[-119.34337765957054,46.34749493743451],[-119.34365741373676,46.34736100722635],[-119.34387223040306,46.34723393014317],[-119.3441603095693,46.3469752436852],[-119.34424011790253,46.34674560931061],[-119.34411225123604,46.34653611764428],[-119.34391945019468,46.34633347701964],[-119.34371497102832,46.34611260306155],[-119.34357424082022,46.34590269785365],[-119.34356813873688,46.3456078020207],[-119.34356917415359,46.34520596972967],[-119.34355674915355,46.34481263639692],[-119.34356924186187,46.34462549889722],[-119.3434611689454,46.34450594473074],[-119.343285186654,46.34443779577257],[-119.34320046894578,46.344354709314295],[-119.3431258668626,46.34412013118967],[-119.3430940304043,46.34382441035687],[-119.34300536998775,46.34360724264878],[-119.34283891269632,46.34339651452415],[-119.3424303585303,46.34314230931617],[-119.3420269376976,46.34300436244142],[-119.34182403978127,46.34295321244153],[-119.34162567415655,46.34302723014975],[-119.34150451269842,46.34310372077459],[-119.34134474811532,46.34317897598283],[-119.34115865228227,46.34326231660768],[-119.3408812960327,46.343360592649276],[-119.34049623665834,46.343526862440655],[-119.34021828145042,46.343634049940405],[-119.3398864731176,46.343775231190286],[-119.33948853978491,46.34394108223165],[-119.33930422728518,46.34399768639821],[-119.33900112832731,46.344095134314756],[-119.33873722728605,46.34418490618957],[-119.33839433249494,46.34429893743939],[-119.3381169658287,46.34439720723093],[-119.33786295020407,46.344531946814094],[-119.33764693874605,46.344676836397205],[-119.33748657103797,46.344760996813704],[-119.33706705853865,46.34486363431353],[-119.33677383874743,46.345006044730006],[-119.33658832833105,46.34508046868817],[-119.33637827312305,46.3451362416048],[-119.33606825749855,46.34514415618811],[-119.33576181895735,46.34509860097987],[-119.33528511999975,46.34509223431317],[-119.33502538145848,46.34511961972985],[-119.33477910958385,46.345138506188135],[-119.33460194291744,46.345088168688186],[-119.33449269500098,46.34498642702175],[-119.33431851270957,46.34489153327182],[-119.33403542625166,46.34488244681355],[-119.33355455437744,46.34493844889677],[-119.33304317521157,46.345064915563206],[-119.33241717521253,46.345169836396394],[-119.33194737729663,46.345252983271294],[-119.33138511479746,46.34536887493773],[-119.33096021792312,46.34555169160416],[-119.33053352729877,46.34576124056215],[-119.33018762104933,46.34591980097855],[-119.32940035125888,46.34631422701954],[-119.32908495334271,46.34640232076948],[-119.32889004605134,46.346456268686026],[-119.32870338146829,46.34642118014446],[-119.32855243042684,46.346338931186274],[-119.32829824292725,46.346129527019905],[-119.32824375646904,46.345942023895184],[-119.32820202938575,46.34568088222893],[-119.32821437938571,46.34564105931234],[-119.32819360855241,46.34543797181265],[-119.3281157887609,46.345316396812834],[-119.32800365751103,46.345193720771384],[-119.32780415230303,46.3450920488965],[-119.32751806480348,46.344999496813315],[-119.32717811897068,46.3449409353551],[-119.32707896688748,46.34494136035511],[-119.3268870856378,46.344766396813675],[-119.32680976897122,46.34431436660609],[-119.32686165751285,46.34427586348113],[-119.32714492417902,46.34415399577292],[-119.32734002001207,46.34406501348144],[-119.32745331376191,46.34391386556499],[-119.32750117209513,46.34371298119033],[-119.32761924501165,46.34349054473238],[-119.32764914813657,46.3433009926493],[-119.32750510022015,46.343141566607855],[-119.32720425751228,46.34301281869144],[-119.3269868085543,46.34292247494145],[-119.326718685638,46.34281859265003],[-119.3262921793887,46.342769150983464],[-119.3257360137646,46.34285842181665],[-119.32546831272333,46.343004600983086],[-119.3253518627235,46.34307067389963],[-119.32528957939026,46.34310601452461],[-119.32507174814062,46.343277610357745],[-119.32480085439101,46.34347131452406],[-119.3245479106414,46.34365368744039],[-119.32431212210008,46.34383661244017],[-119.32413338355873,46.34393802389832],[-119.32399786793394,46.343966321814946],[-119.32399374293391,46.34396924993987],[-119.32376672105931,46.34402147806485],[-119.32359117314292,46.34407536035643],[-119.32332425543495,46.344209654106244],[-119.32309324814366,46.34432128743938],[-119.32289495543563,46.34445778639747],[-119.32276528876918,46.34459649681392],[-119.32265357314436,46.3447238801471],[-119.32240460647809,46.34484684056359],[-119.32212451689516,46.344921169730135],[-119.32190068460388,46.3449258666051],[-119.32164493356258,46.34489381452176],[-119.32148405856282,46.344835373896885],[-119.321393171063,46.344802355146925],[-119.32111268460505,46.34462661764724],[-119.32093194502202,46.34450172598075],[-119.32076995856391,46.344353619731],[-119.32050663460602,46.34417843535621],[-119.32015114293989,46.344095537439706],[-119.3198766429403,46.34408669160647],[-119.31940265752439,46.3439761582732],[-119.31925064710794,46.34393553535664],[-119.31911659085819,46.343883586398356],[-119.31888199398355,46.34379267494017],[-119.31866695127553,46.343666670773686],[-119.31860791169231,46.343521881190576],[-119.31846708460914,46.343314918690936],[-119.31828396065112,46.34322566660772],[-119.31811080335973,46.34324389681604],[-119.3178829846101,46.34330799369097],[-119.31762404711048,46.34332345931592],[-119.31761169398551,46.34332427702429],[-119.31738226690254,46.34333947598266],[-119.31708901794464,46.34335383327417],[-119.31688234815329,46.34335907285754],[-119.31646980544559,46.34335767389922],[-119.31619371273769,46.343372581190884],[-119.31588330648822,46.34338638327415],[-119.31557450023864,46.34337641973254],[-119.31506062315611,46.34334793119087],[-119.31465207940676,46.34328711869094],[-119.31448815336535,46.343211597857774],[-119.31448531690707,46.34321029264939],[-119.31425233149072,46.34309560931626],[-119.31404610024106,46.342838902024944],[-119.31404333565769,46.342624483275344],[-119.31400945961612,46.34236143327581],[-119.31399993357445,46.34199200306804],[-119.31401076378279,46.341575603068684],[-119.31402399190775,46.34112355827765],[-119.31399294919946,46.34056291869519],[-119.3138485866997,46.340153416612544],[-119.3137457294082,46.339638087446644],[-119.3137074929499,46.33918438015573],[-119.31371350753324,46.339095023905834],[-119.31372322732487,46.33905037598929],[-119.31371586794991,46.33872864578136],[-119.31358461795008,46.33852347286502],[-119.31341399815868,46.3382567530738],[-119.31330195024219,46.337981875990906],[-119.31321112211738,46.337607217658146],[-119.31316506690905,46.33721390828373],[-119.3131957335757,46.33697377807574],[-119.31321597315899,46.33667303432621],[-119.31326448357562,46.33638324578507],[-119.31331299607552,46.33609345932718],[-119.31331741274215,46.335812294744194],[-119.3132046929507,46.335547441619696],[-119.31316636482576,46.33525484891182],[-119.31327411482556,46.33494688120392],[-119.31331992940886,46.334697195787676],[-119.31333446170049,46.334265656204956],[-119.31325069295059,46.33400173849708],[-119.31311307836752,46.333675800997604],[-119.3129751606594,46.333138874956745],[-119.31289544190953,46.33281480829057],[-119.31290862940949,46.33240332079123],[-119.31294671274277,46.33205291766679],[-119.31300196586768,46.33166288016732],[-119.31305114711756,46.33136306870952],[-119.31317912732572,46.33075435204375],[-119.31341950545033,46.33019949787795],[-119.31360769503341,46.32977356662861],[-119.31360033357504,46.329451836420766],[-119.31357985024174,46.32910958850463],[-119.31356003878346,46.32875731558852],[-119.31354365128351,46.32872275725524],[-119.31346478149192,46.32855644579721],[-119.31343218670031,46.32850202079729],[-119.31336724711707,46.32838941142244],[-119.3133773658671,46.32823903642272],[-119.31340802315869,46.3279989062147],[-119.31347166795024,46.32769956038183],[-119.31358982628343,46.327452208298936],[-119.31364537732497,46.32727316142417],[-119.31379449711642,46.32699666871625],[-119.31396716482448,46.3268013093416],[-119.31423204711574,46.32652855205029],[-119.31434750336557,46.32632129996734],[-119.31459319190687,46.3261182489259],[-119.31481263773986,46.32587416455134],[-119.31506775857282,46.325530763510166],[-119.31509084607275,46.325459645802],[-119.31509296794773,46.32545722809366],[-119.31509778878109,46.32544706351037],[-119.31516669086432,46.325301798927306],[-119.31522313878088,46.3251828010107],[-119.3151930866976,46.32496511871941],[-119.31474773773994,46.32461020101167],[-119.31332302315883,46.323867642679424],[-119.31218335961891,46.323270996847036],[-119.31211107211904,46.32313461976392],[-119.31196944086929,46.32286883330601],[-119.31188636691104,46.32259488955647],[-119.3118440023278,46.322362446848445],[-119.31181475857784,46.32215052184878],[-119.31186896170279,46.321991524974024],[-119.31199550961924,46.32183486559922],[-119.31217521378562,46.32175024893274],[-119.31237208878531,46.321625999974636],[-119.31249863461845,46.321469339558156],[-119.31241151274355,46.32125554580854],[-119.31233481170206,46.32110236872539],[-119.3122056314939,46.320867122892416],[-119.31213923566065,46.32072258122598],[-119.31194736274432,46.31989303226898],[-119.31195341066098,46.319874402060655],[-119.31190699920269,46.31970210935264],[-119.31178824607787,46.3195274801862],[-119.311697080453,46.31937383435313],[-119.31164092524479,46.31913090102016],[-119.31176746795289,46.318974241645414],[-119.31221704399388,46.31875768643744],[-119.31263093670157,46.31864044789593],[-119.31288095024287,46.31858823956266],[-119.31305727211758,46.31855374685432],[-119.31324873670059,46.31850969581285],[-119.31337962836712,46.31850387497947],[-119.31353308045016,46.318378222896285],[-119.31365692003334,46.318261658313105],[-119.31369259919988,46.31816234372996],[-119.31370001274162,46.318052071855114],[-119.31360682420008,46.317928502063744],[-119.31354391899181,46.31778581768893],[-119.3135092783669,46.31765409164748],[-119.31334276170047,46.3173272218563],[-119.31327010857558,46.31711389477325],[-119.3131594450341,46.31681896873212],[-119.31299091170104,46.31652217081585],[-119.3128250762846,46.31618527602476],[-119.31275661795138,46.31601140831661],[-119.3126888512848,46.31583929060861],[-119.31255128045171,46.31551335310908],[-119.3124661877435,46.31526948435948],[-119.31242652420191,46.31499694373484],[-119.31238888045192,46.31469432811037],[-119.31240911066027,46.314393579152544],[-119.31241959191021,46.31402219061141],[-119.31253447732674,46.31359729269544],[-119.31253538878508,46.31359392394539],[-119.31253790649339,46.31358913332043],[-119.31255255441005,46.313554290612146],[-119.31267135545153,46.31329691144591],[-119.31271113982643,46.31312997915442],[-119.31275214607639,46.31295793436304],[-119.31286591690953,46.312559738530375],[-119.31299384086765,46.311951021864616],[-119.31304232420091,46.31166123332341],[-119.31307701378421,46.311360953115546],[-119.31305113982592,46.311098903115955],[-119.3130515033676,46.31087788749128],[-119.31299871899269,46.310584829158415],[-119.31302267315931,46.3100129416593],[-119.31306342940924,46.30962243436823],[-119.31312165753417,46.309403288535265],[-119.31323370545061,46.30924615936882],[-119.31339418149206,46.30923124686879],[-119.3135012314919,46.30921997291054],[-119.3136131981584,46.309208178118865],[-119.31386518982464,46.30912589270236],[-119.31403307940774,46.309000706244206],[-119.31412998357422,46.30885313228611],[-119.31418146794914,46.308734234369695],[-119.31423766899077,46.30854516249497],[-119.31437900128219,46.30816794895381],[-119.31445236169874,46.307939241662474],[-119.31450420232369,46.3075993281214],[-119.31453452107361,46.30735708333012],[-119.31453550961527,46.30734917083016],[-119.31459339503186,46.30708306458053],[-119.3146238648235,46.30662966458122],[-119.31461564399018,46.30658820728963],[-119.31452934294863,46.30643985728987],[-119.31447269399035,46.306342472915],[-119.31437749815716,46.30624897916519],[-119.31420660544912,46.30620327708186],[-119.31406195128267,46.30619860729026],[-119.31393835857455,46.30620410624856],[-119.3139310887829,46.3062044302069],[-119.31368854503324,46.30614636770693],[-119.31357821274179,46.30606243124883],[-119.31348301795025,46.30596893749889],[-119.31339187003374,46.3058152937492],[-119.31333943774212,46.30572771770762],[-119.31328760232553,46.30564113437439],[-119.31326926899227,46.30559113749953],[-119.31320184607569,46.3054072906248],[-119.31326006899224,46.30518814270841],[-119.31328384711725,46.3051274708336],[-119.31336505545046,46.30492027291723],[-119.31339102003376,46.304798084375776],[-119.31340746378366,46.304720706250876],[-119.31359788982509,46.30447568854287],[-119.31377250128317,46.30425025104329],[-119.3139484596162,46.30400476354361],[-119.31405074711603,46.30377699062732],[-119.31406740857432,46.30366087500249],[-119.31407801274099,46.30358698333599],[-119.31409485440763,46.30333636041969],[-119.31416753461588,46.30311767917001],[-119.31425670128237,46.30286938854536],[-119.314285311699,46.30265933229571],[-119.31443066899044,46.30222196875477],[-119.31456457107357,46.301955030213485],[-119.3146103398235,46.301705339588885],[-119.31465408774012,46.30148572396427],[-119.31465713461512,46.30122460729792],[-119.31451756274033,46.300928748965056],[-119.31448440024037,46.30089840104849],[-119.31441286899049,46.3008329395902],[-119.31438100544888,46.30080378021522],[-119.31434725440727,46.30080269063197],[-119.31432382419894,46.30079188854856],[-119.31416539294918,46.30077672709028],[-119.31394775753286,46.30077974792366],[-119.3139317533662,46.300783432298594],[-119.31375635753318,46.30082380313194],[-119.31344587315864,46.30091424584008],[-119.31328407524222,46.300949209381685],[-119.31306643774259,46.300952227090036],[-119.31280676065961,46.30093379688173],[-119.31256154399335,46.30091583125677],[-119.31236376586868,46.30083911667351],[-119.31219558982724,46.30075331146531],[-119.31205431899413,46.30069851459045],[-119.31177043149457,46.30060897188231],[-119.31152589295328,46.300580980215614],[-119.31129379607864,46.30058353021557],[-119.3109873742041,46.30057363021561],[-119.3109611231625,46.30057278021567],[-119.31071726066291,46.300534763549024],[-119.31040040233005,46.30050443021573],[-119.31010070649717,46.300434465632534],[-119.30986021691423,46.30034632188256],[-119.30974990128936,46.30026238125773],[-119.3095396887897,46.30015512084127],[-119.30945835024818,46.30010728125808],[-119.30938930233162,46.29998448854986],[-119.30933864399834,46.299875687508276],[-119.30919155858193,46.299763768758574],[-119.30900320441556,46.29969070105035],[-119.3088305429575,46.29967172396704],[-119.30860362004115,46.299597410425484],[-119.30833812941654,46.29952185000891],[-119.30799910025041,46.29939032709247],[-119.3077372106675,46.29926129792603],[-119.30745333775128,46.29917174480117],[-119.3071385252518,46.299187148967796],[-119.3071237002518,46.29918787605112],[-119.30679675962728,46.29916390521786],[-119.30657245441932,46.299169582301175],[-119.30656444296098,46.299169785426116],[-119.306541174211,46.29917770000952],[-119.30652626587772,46.29918276980116],[-119.30629585337805,46.299167679176136],[-119.30576622629559,46.299073147926215],[-119.3049319033802,46.29886039896826],[-119.3043225106728,46.29862396563534],[-119.3039784502567,46.29842707605229],[-119.30344216379916,46.2981001281361],[-119.30243375859237,46.297819807303206],[-119.30159322213535,46.29769970938669],[-119.30084182109488,46.29758249167865],[-119.30020601067916,46.29740709792884],[-119.29974951588822,46.29722203230411],[-119.29927594922232,46.29695901459621],[-119.29913038568088,46.296799503138175],[-119.29903120755603,46.29656909168019],[-119.29903313463934,46.29650131563859],[-119.29906920547263,46.295966660431056],[-119.29906427109763,46.29585288959792],[-119.29903179818103,46.29563331876491],[-119.29899711484774,46.295431261473595],[-119.29893113255616,46.294977019807575],[-119.29882145130637,46.294454384391734],[-119.29879224818137,46.29434741043366],[-119.29880636588969,46.294319938558694],[-119.29874645338981,46.29413380835064],[-119.29871515547319,46.29388162397598],[-119.2987780138064,46.293665984393016],[-119.29901748359771,46.29333885522688],[-119.29941890963873,46.29311744272721],[-119.29992237838798,46.29281561251939],[-119.30040962422055,46.29239604377002],[-119.3007371596367,46.29183734168752],[-119.30111964817773,46.29117995106354],[-119.3011714575527,46.29041138023138],[-119.30130277942749,46.289896555232176],[-119.30128948776087,46.28937704273298],[-119.30117483776105,46.288569589609295],[-119.30096716588632,46.287708890652254],[-119.30057683359531,46.286691571903845],[-119.3001215627627,46.28606541565478],[-119.3000905627627,46.28602278023821],[-119.29982754192982,46.285506678155656],[-119.29960020234682,46.285060585448086],[-119.29938833568048,46.28425858857436],[-119.29935443776384,46.284183160449366],[-119.29917582526413,46.28378573545004],[-119.29905232422267,46.283510937533805],[-119.29885415130627,46.28286822086812],[-119.29881791068136,46.282331218785636],[-119.29880238880641,46.28184512399467],[-119.29891186068117,46.28129610212058],[-119.29896975651445,46.280795642746305],[-119.29910219505594,46.28026410837214],[-119.29921166172238,46.279715086498015],[-119.29924883359735,46.2791637219155],[-119.2993974773471,46.27874992504117],[-119.29958035234684,46.27818653650038],[-119.29958103568016,46.277818178167585],[-119.29951280755529,46.277397354209924],[-119.29945133672204,46.27687627921076],[-119.29937365651381,46.27623746879505],[-119.29932457734725,46.27553260629612],[-119.2993243315139,46.27552937817119],[-119.29932177109725,46.27549588650454],[-119.29919983672244,46.27487552504716],[-119.29905401380599,46.27444013546446],[-119.29897871797277,46.27421531983982],[-119.29873013151479,46.273604457340824],[-119.2986604794316,46.27350634067431],[-119.29837728984872,46.27310742609162],[-119.29787425651614,46.272689244842226],[-119.29714719401727,46.272012631301585],[-119.29631208047692,46.271148315677976],[-119.29556656485306,46.27048983234559],[-119.29553429922812,46.27046133338737],[-119.29302861485702,46.268996364639634],[-119.29273350339912,46.26873284901506],[-119.29189838465044,46.26798712609952],[-119.29168876590074,46.26770978547489],[-119.29133098360961,46.267236400059],[-119.29120831694314,46.26705366672597],[-119.29115876590157,46.26697405526781],[-119.29106473569341,46.266704056309855],[-119.2910455200684,46.26664888026832],[-119.29099339090182,46.26599079901928],[-119.29099382840184,46.26596617506104],[-119.2910002950685,46.26560254901992],[-119.29083010027709,46.26440480527173],[-119.29083147631871,46.26433675318848],[-119.29084662111042,46.263588204231404],[-119.29086828361035,46.2632674125652],[-119.29089111277699,46.263180089648635],[-119.29092036694362,46.26306817089879],[-119.29092939402693,46.262934505273996],[-119.29086223777705,46.262784971940945],[-119.2907207013189,46.262592834441264],[-119.29045902736101,46.262463771941455],[-119.2904212138194,46.262468119858106],[-119.29018651902805,46.26249510527472],[-119.28994803882013,46.26259452089954],[-119.28961319819564,46.26269080423282],[-119.28938194194598,46.262683290691115],[-119.28921210965461,46.26262418860787],[-119.28906967840483,46.26244541360815],[-119.28896308152996,46.26230799381669],[-119.28887665861346,46.26215783027526],[-119.28877277111361,46.2619803115255],[-119.28856472632226,46.261681278192704],[-119.28854392319727,46.261651376109285],[-119.28839607528086,46.261552801109566],[-119.28810038361466,46.261355646943194],[-119.28801507111478,46.26130822090162],[-119.28789838986495,46.26124861256839],[-119.28752501694883,46.26105786465194],[-119.28731407944919,46.26091055840225],[-119.28695738257477,46.26083623756902],[-119.2864948825755,46.26082119486063],[-119.28614800965937,46.26080991256903],[-119.28601148361788,46.26066721569424],[-119.28594958778467,46.2606025219444],[-119.28580717215988,46.260423745902905],[-119.28560152320188,46.26032328548643],[-119.28533444507728,46.26027440944482],[-119.28504907528604,46.26024614798653],[-119.28482647007807,46.26024254173653],[-119.28327348258046,46.26021736986161],[-119.2821760721655,46.26027451569486],[-119.28192798570758,46.26031287506973],[-119.28177451174948,46.2606019875693],[-119.28174763674951,46.261328645901514],[-119.2815666648748,46.26169425944264],[-119.28114072945881,46.26205189485878],[-119.28073391904276,46.2624565875665],[-119.2801491096687,46.26417123443879],[-119.27982642321079,46.264981131312545],[-119.27963181904448,46.26554753027003],[-119.27952879821129,46.266324543810484],[-119.27951594091962,46.26638762193536],[-119.27918980654516,46.26701998860102],[-119.27881502217072,46.26799012297457],[-119.27842814508803,46.26913847193104],[-119.27794811904711,46.27014089484616],[-119.27764127217256,46.27048811047065],[-119.27712158259004,46.2709355500533],[-119.27649546071598,46.27143309796914],[-119.27590469613358,46.271788907343655],[-119.27495534509337,46.27211515734312],[-119.27419327738625,46.272340296926146],[-119.27354505655393,46.27244616984266],[-119.27329880342928,46.27248638234253],[-119.27328155967933,46.27248919900918],[-119.27255578884711,46.272466303175904],[-119.27223167009761,46.27197780005168],[-119.2716232742652,46.27107560630308],[-119.26978174926809,46.267625454225076],[-119.26965406072662,46.26762420318339],[-119.26959980968503,46.26765132818334],[-119.2695826763517,46.26767417089163],[-119.26955412322678,46.267709863599954],[-119.26951700447682,46.26775697609984],[-119.26948131281021,46.26780266255818],[-119.26942848885199,46.2678297885998],[-119.26931998468547,46.26787261880805],[-119.26921148051896,46.267919731308],[-119.26894022322773,46.26800824693283],[-119.26888454301945,46.268028235474446],[-119.26861042947824,46.26812960005761],[-119.26827492531208,46.26823382089081],[-119.26805649093745,46.26825951880743],[-119.26802079927081,46.26826808443241],[-119.26796226385426,46.26826808443241],[-119.26789087947937,46.26823810422417],[-119.26773193260458,46.26805916776608],[-119.26762342843807,46.267958278182924],[-119.26741784406342,46.26781360734984],[-119.26717228364713,46.26765370839175],[-119.2669876367724,46.26749951880864],[-119.26691339823088,46.26747667610032],[-119.26687532635594,46.2674747719337],[-119.26684106177264,46.267467158391995],[-119.26681441281438,46.267490001100306],[-119.26677443677278,46.26750903651689],[-119.2667154263562,46.26749190422534],[-119.26665831906462,46.267444314642006],[-119.26655552635641,46.26739862922547],[-119.26648319198154,46.26738149693383],[-119.26642608364831,46.26735675110056],[-119.26631377323179,46.267293933392295],[-119.2662204982319,46.26727680110062],[-119.26617671698199,46.26725586151732],[-119.2661215128154,46.267242536517315],[-119.26606250239888,46.267215886517455],[-119.26592544614908,46.267196851100785],[-119.26579219614928,46.26717971880918],[-119.26576554510761,46.26717400839254],[-119.26574080031598,46.26719304485081],[-119.26574079927434,46.26724634485067],[-119.26570463156605,46.26729203026733],[-119.26566465656612,46.26731296880888],[-119.26564752427454,46.26731867922558],[-119.2656227784412,46.26733390839224],[-119.26561516385787,46.26736436568379],[-119.26561897114954,46.267391015683806],[-119.26563800656618,46.267425279225364],[-119.26563800656618,46.26745192922537],[-119.26560945344126,46.26748619380862],[-119.26558660969125,46.26749761568358],[-119.26552569614965,46.26750522922527],[-119.26549714302473,46.267520458391914],[-119.26546287844145,46.26754139797523],[-119.26541719302487,46.2675946969335],[-119.26540767427487,46.26763467297505],[-119.26539625344155,46.267659418808385],[-119.26537150656657,46.26769939380829],[-119.26532962844163,46.267773632349886],[-119.26531439927504,46.26781551151647],[-119.26531059302505,46.26784025734976],[-119.26534866385829,46.26786881047476],[-119.2653734096916,46.26787452193306],[-119.26541528885821,46.2678802323497],[-119.26543813156651,46.26789355839133],[-119.26546478156644,46.2679202073496],[-119.26547620239977,46.26793733964123],[-119.26547810656643,46.26795637609958],[-119.26546287844145,46.26797921776622],[-119.26545335969149,46.26800396464117],[-119.2654457461498,46.26803632505774],[-119.26543242114985,46.268053457349446],[-119.26540196385821,46.26805726464111],[-119.26535818156663,46.26802490318274],[-119.26530107427504,46.26802680734951],[-119.26527823156677,46.268045842766085],[-119.26526300344175,46.268053457349446],[-119.26523254615013,46.26805536047443],[-119.26520589719183,46.26805916776608],[-119.2651640169836,46.268049650057755],[-119.2651316576086,46.268062975057774],[-119.265112622192,46.268080107349334],[-119.26507835656706,46.26808962505774],[-119.26500602219217,46.26810295005771],[-119.26498127427556,46.268112467765974],[-119.26495272219222,46.268146732349344],[-119.26492416906729,46.26816576776598],[-119.26485754406743,46.268169575057634],[-119.26481566490078,46.268165767765936],[-119.26477759406754,46.268123888599256],[-119.26474523260926,46.26811437193263],[-119.26470335552597,46.26811056464099],[-119.264689196151,46.26810699484931],[-119.26468063052603,46.268087008391056],[-119.26465635969272,46.26805131568284],[-119.26463637219273,46.268042750057795],[-119.26461495656775,46.268039893807774],[-119.26460210760945,46.268032756307775],[-119.26458497635947,46.268008485474546],[-119.26457355448453,46.26796565526624],[-119.26456070552621,46.267948522974564],[-119.26453357948459,46.267931390682925],[-119.26449217740128,46.26789712714133],[-119.26445933990136,46.26787142818304],[-119.26440651698476,46.26785572401636],[-119.2643408430265,46.267847157349784],[-119.26428516385995,46.26785857922469],[-119.26425089927665,46.26786143547472],[-119.26421520761005,46.26785857922469],[-119.26415952844349,46.267864290683036],[-119.26413954094352,46.26787142922471],[-119.26409528365191,46.267889987558036],[-119.26407244094361,46.267892843808],[-119.26405816281863,46.2678956990163],[-119.26403103781865,46.267882850058],[-119.26399248990208,46.26784573026641],[-119.26393395552714,46.26781289380814],[-119.26389683677725,46.267785767766554],[-119.26384543990228,46.26776435318321],[-119.2637968992774,46.26775435943323],[-119.26376263365245,46.26773437193324],[-119.26374407531911,46.26770581776663],[-119.26372265969415,46.26768154693326],[-119.26371266490253,46.26767012610004],[-119.26369981698588,46.26766869797501],[-119.26367840136089,46.26767583651664],[-119.26363557115265,46.267685830266664],[-119.26360273365265,46.26769725214168],[-119.26357418052773,46.26771581151663],[-119.2635499107361,46.26771438339172],[-119.26350279823616,46.26768297505833],[-119.26343712323626,46.267677264641684],[-119.26338001698635,46.26769296880831],[-119.26334860761143,46.26770724589169],[-119.26328007948649,46.26773865422489],[-119.26323724927822,46.26775721464157],[-119.26316729302836,46.26778434068318],[-119.26308020448681,46.267817177141495],[-119.26299026073697,46.267828597974756],[-119.26290317219542,46.2678485854747],[-119.26287176490382,46.26785572401636],[-119.26285320448717,46.26783430839143],[-119.26283607323724,46.26780575526643],[-119.26277325448729,46.26776863651654],[-119.26270758157074,46.26773722714158],[-119.26258051802927,46.267700107349945],[-119.26243775032117,46.26759303130845],[-119.2623463784463,46.267578755266804],[-119.26211509615497,46.26758446568352],[-119.26194377428027,46.26757304380857],[-119.26187524615534,46.26757018860021],[-119.2617824461555,46.267544490683555],[-119.2616011326141,46.26749595005863],[-119.26129989303126,46.267396011517135],[-119.26122279719804,46.2673389052672],[-119.26110430032321,46.267251816725675],[-119.26102149511502,46.26717543651747],[-119.26091441907352,46.26709334485097],[-119.26081091386533,46.26702196151764],[-119.26073239094883,46.26696128547613],[-119.26060746803233,46.266989837559414],[-119.26038974824098,46.26706479172597],[-119.26030765761612,46.26710048339262],[-119.26021128886627,46.26709691464257],[-119.26011135136645,46.26709691464257],[-119.26004710657486,46.2670862063093],[-119.26002212115822,46.26703980735099],[-119.2600078451166,46.266971992767786],[-119.25996501490836,46.26691131568452],[-119.25992932220005,46.266861346934604],[-119.25989006178342,46.26681137818468],[-119.25981153990857,46.26676141047642],[-119.25961880240887,46.26668288755992],[-119.25937252949255,46.26658295006011],[-119.25926902220105,46.26659722714335],[-119.25912268574295,46.266575811518415],[-119.25905130136806,46.26651513547683],[-119.25900133261814,46.26647230526862],[-119.25896207220154,46.26644732193518],[-119.25889782636831,46.266458029226925],[-119.25883715032673,46.2664544594352],[-119.2587586274102,46.26646873547687],[-119.2586979513686,46.266483012560194],[-119.25863370657704,46.26648658235187],[-119.25854447636885,46.26649015110181],[-119.25845524720233,46.26651870422684],[-119.25840527845241,46.26652941256017],[-119.25836244824417,46.26649372089348],[-119.25819826386942,46.26639378339363],[-119.25807334303626,46.2663224000604],[-119.25794485345313,46.26621175422733],[-119.25776996074505,46.26606184797751],[-119.2575700878287,46.265890527144435],[-119.2573202440791,46.265769175061294],[-119.25705255449618,46.26562640735319],[-119.25690978678806,46.26553360735337],[-119.25687766387144,46.26549434693677],[-119.25684911074647,46.265440809436825],[-119.25683483366316,46.265394409436915],[-119.25678129616323,46.26533730318699],[-119.25673489616331,46.26526948756208],[-119.25652431387198,46.2652016729788],[-119.25644579199712,46.26512315110398],[-119.2562173628308,46.26501250631248],[-119.25617096387255,46.26496610631252],[-119.25602462741442,46.26489829172934],[-119.25595324303953,46.264880445896054],[-119.25584616803974,46.264851892771084],[-119.25566413887334,46.26480549277112],[-119.25552256179019,46.26478169797955],[-119.25540120866538,46.26473172922963],[-119.25530602949891,46.26473173027125],[-119.25510139616586,46.264753144854545],[-119.25492293679117,46.26475790422957],[-119.25483489720796,46.2647674219379],[-119.25475875345808,46.2647840781878],[-119.25466833366654,46.26480549277113],[-119.25460408991664,46.264798355271054],[-119.25452556595843,46.26479121672943],[-119.2544589420002,46.26475790422954],[-119.25443514720861,46.264698417771314],[-119.25436614304203,46.26464368964641],[-119.25431617429211,46.26456516777154],[-119.2542376524172,46.26448902402157],[-119.25411392012576,46.26442001985509],[-119.2539997055426,46.26427725214687],[-119.25391166491774,46.264210628188714],[-119.25386169720946,46.26418683339706],[-119.25380697012622,46.26419397089711],[-119.2537474826263,46.26424393964702],[-119.25368799616808,46.264260596938605],[-119.25361661179319,46.26427249381367],[-119.2534857420017,46.26425821673032],[-119.25338104616854,46.26425583756362],[-119.253302523252,46.26428915006362],[-119.25323589929377,46.26431056568854],[-119.25316213575223,46.264331980271926],[-119.25307885450235,46.264331980271926],[-119.25299081387749,46.264360533396825],[-119.25288373887764,46.264372431313475],[-119.2528099753361,46.264389086521774],[-119.25275286804452,46.26440812298004],[-119.25264817221137,46.26438194902179],[-119.25254347637815,46.26435101568851],[-119.2525077836699,46.26424631985528],[-119.25244353887831,46.26407023964726],[-119.25239832846171,46.26399647610567],[-119.25238167221174,46.263925092772524],[-119.25238881075343,46.263889400064194],[-119.25237453367009,46.26384895006431],[-119.25236739617007,46.26378232402267],[-119.25236025658678,46.2637275969395],[-119.25234122221185,46.26368000735625],[-119.25233646283682,46.26361100423135],[-119.25233646283682,46.26358007089809],[-119.25231742742018,46.263530102148145],[-119.25226507846196,46.263487271939844],[-119.2522484232536,46.263451580273255],[-119.25222224825363,46.26343016464833],[-119.25219131596208,46.26342778548166],[-119.25214610554548,46.26344206152328],[-119.25212231179553,46.26346347714827],[-119.25210089512886,46.26348013339824],[-119.25206520450392,46.26345157923156],[-119.25197002533741,46.26342540631492],[-119.25182012012931,46.26339923131499],[-119.25172494200446,46.263384955273324],[-119.25156551804635,46.26322077194029],[-119.25154172221305,46.26314938860702],[-119.25149413367147,46.26310655839878],[-119.25146082117152,46.26309703964882],[-119.25140609408828,46.263097040690475],[-119.25134422742173,46.26314225006533],[-119.25124428992183,46.263180320898684],[-119.25117766492197,46.26321125423186],[-119.25112055763039,46.26323742819021],[-119.25109914304711,46.263239808398566],[-119.25105869200547,46.26321363339863],[-119.25098254929723,46.26324218756525],[-119.25094923679734,46.26323980735691],[-119.25091354408903,46.26326598131521],[-119.25086357638077,46.26328739694017],[-119.25078981283923,46.26328739694017],[-119.25070177221436,46.26330643235681],[-119.25061373263117,46.26333260631505],[-119.25055662533958,46.26334212402333],[-119.25044954929808,46.26333498652343],[-119.25036388992322,46.2632754990235],[-119.25031392117329,46.26328739694017],[-119.2502687107567,46.26330405319019],[-119.25023539929843,46.26334688339836],[-119.25018542950681,46.26340875006498],[-119.25013308159026,46.263415887565024],[-119.25004504200707,46.263423026106636],[-119.2500117295071,46.2633635396484],[-119.25001648784043,46.263311191731816],[-119.25000221075713,46.26326122298183],[-119.2499760378405,46.263206494856945],[-119.24996651909049,46.263180320898684],[-119.24994510450722,46.263177941732025],[-119.24989275554896,46.26317794173198],[-119.24983089096571,46.26319221881533],[-119.24980471596577,46.263173182357],[-119.24976902429914,46.26314462923203],[-119.24972381388255,46.26309466048215],[-119.24970715763259,46.263061347982216],[-119.24966194825767,46.26300661985721],[-119.24965718992433,46.26298044589903],[-119.24969526075762,46.26292333964901],[-119.24978330034077,46.26290192402407],[-119.2498213722157,46.26288764694077],[-119.24982375138241,46.26287099069081],[-119.24977616284083,46.262837679232554],[-119.24972857325753,46.26278533131593],[-119.24966194929931,46.262747259440964],[-119.24958580554944,46.26269491152442],[-119.24945493471631,46.26256879902457],[-119.24934548054976,46.26244744694139],[-119.2492907524249,46.262326094858295],[-119.2492693367999,46.262288022983384],[-119.24924792221663,46.2622523313167],[-119.24922412742501,46.26222139902513],[-119.24919081596671,46.26219760319184],[-119.24916940034177,46.26217856777526],[-119.24916939930004,46.262150014650246],[-119.24917653784173,46.262119081316996],[-119.24915274409176,46.26207149173373],[-119.24910991388352,46.26204769798372],[-119.24906232430027,46.26201676465046],[-119.24900045763366,46.26200724694211],[-119.24894811075877,46.26200010840049],[-119.2488910034672,46.26202866256711],[-119.24884579409225,46.26205245631706],[-119.24882199825898,46.26205007715041],[-119.24881961909227,46.26203342090042],[-119.24882199930062,46.261988211525505],[-119.24885055242555,46.26189303235902],[-119.24886007013392,46.26182402819249],[-119.24883865450892,46.261759782359235],[-119.24882675763392,46.26174550631759],[-119.24877678888403,46.26172885006759],[-119.2487648909674,46.26170981360924],[-119.24877678992567,46.261666984442634],[-119.24881724096731,46.26162891256778],[-119.24880058367563,46.26157656465114],[-119.24873157950908,46.261481386526334],[-119.24869588784247,46.261379068818115],[-119.24862926180096,46.26129578756825],[-119.24855312013437,46.26122678340165],[-119.2480343961768,46.26154563131782],[-119.24791542430206,46.261655086526034],[-119.24755850451088,46.26182164902578],[-119.24726345242806,46.26197869381719],[-119.24685418472035,46.26223567506682],[-119.24634973888776,46.26247838027475],[-119.24605468576321,46.26265921881609],[-119.24575487326372,46.262854335482466],[-119.24560734722229,46.26293047714906],[-119.24553596284737,46.26287336985743],[-119.24541223055593,46.26276867402436],[-119.24637353367939,46.26223567506682],[-119.24698267534512,46.2618787552757],[-119.24709688992829,46.26178357715083],[-119.24719206805317,46.26165032819272],[-119.24736814721958,46.26147900631795],[-119.24828186075977,46.26096980111044],[-119.24858643159264,46.26079372194406],[-119.24953345763284,46.26029879381975],[-119.25000459096543,46.260094160486794],[-119.25058993783955,46.25984193757051],[-119.25160834721295,46.259480259446114],[-119.25241260450338,46.25920900111317],[-119.25332155971029,46.2589472604886],[-119.25357322533489,46.25886004382203],[-119.25464386699991,46.258570775072464],[-119.25464453991657,46.25843329590596],[-119.25462550345827,46.2583000469479],[-119.25461598679163,46.258233421947985],[-119.25452556595843,46.25817631465641],[-119.2544970128335,46.25810968965656],[-119.25451128991676,46.257971680281685],[-119.25450653054178,46.25790029694853],[-119.25453032637508,46.257828913615306],[-119.25456363783336,46.257776564657036],[-119.25454936075005,46.25775277090711],[-119.25457315554168,46.25771469903214],[-119.25455887950005,46.25757669069899],[-119.25450177220847,46.25755289590742],[-119.25432569200042,46.257543378199095],[-119.25420671908392,46.25759572611567],[-119.25409726387574,46.257567172990726],[-119.25404015658421,46.25751958340744],[-119.25394973783432,46.25747199382422],[-119.25384028262619,46.25747199382422],[-119.25379745137622,46.25747675319918],[-119.25379269200124,46.25742440528261],[-119.25371655033469,46.25732922715774],[-119.2536213722098,46.257224530282855],[-119.25340246075181,46.25711507507477],[-119.2531835503355,46.25697706674158],[-119.25308837221066,46.2569294771584],[-119.25300271179412,46.25685333445014],[-119.25296939929416,46.25684381674182],[-119.25289325658593,46.256867610491774],[-119.2527600065862,46.2569294771584],[-119.25266958679464,46.256934235491705],[-119.25262675762804,46.257005619866504],[-119.25257440866976,46.25707700319982],[-119.25239832846171,46.25731495007441],[-119.25231742742018,46.25741488653265],[-119.25223652533697,46.257514825074125],[-119.25217762221206,46.25763001778228],[-119.25216514096213,46.257752770907125],[-119.25216038262874,46.257790841740324],[-119.25210327533716,46.25781463653198],[-119.25187960554587,46.2576766271572],[-119.25160358783796,46.25750054799078],[-119.2514988920048,46.25744820007426],[-119.2514370263799,46.257381575074334],[-119.251365642005,46.257353020907686],[-119.251161008672,46.25733398549107],[-119.25110866075539,46.25727687924114],[-119.25112293783873,46.257191217783],[-119.2510583753388,46.25714841361633],[-119.2504672909647,46.25689083861673],[-119.24959242846609,46.25625337611777],[-119.24917134409174,46.255545876118816],[-119.24895882221706,46.255071732369586],[-119.2487519847174,46.25421554903749],[-119.2482932003431,46.253761624038354],[-119.24767057013571,46.25331646883064],[-119.24675208159549,46.25242273445703],[-119.2460276722216,46.25197422404106],[-119.24537120555594,46.2517261334164],[-119.24493581805666,46.2515277802917],[-119.24453527430728,46.251118224042386],[-119.24402714097471,46.250790066751186],[-119.24324845555925,46.25024065841879],[-119.24321873264267,46.25022691571043],[-119.24245722951883,46.249874863627696],[-119.24148084202034,46.24953128133644],[-119.24080213368808,46.24931074592019],[-119.24025531806394,46.24925027196198],[-119.23984618993956,46.249265109461895],[-119.23952822744002,46.24943867091997],[-119.2392374461905,46.24981131571112],[-119.23894569619097,46.25019808654387],[-119.23849884931663,46.25076378029289],[-119.23831565869193,46.25105502925085],[-119.23811403994223,46.251317358417076],[-119.23110814516144,46.25141189383366],[-119.2308560555785,46.25121953654224],[-119.23037707953756,46.25046758654342],[-119.22939202537243,46.24935916571177],[-119.22792420558307,46.24844713446327],[-119.22734543683397,46.247663560506076],[-119.22736580141724,46.24736694696482],[-119.22744433162545,46.2471147271736],[-119.22755679308365,46.246962721965495],[-119.22780400349988,46.246928418840504],[-119.22805218787455,46.246879993840636],[-119.22818694204098,46.246700412590904],[-119.2283691982907,46.24642330321635],[-119.22881611287335,46.24615493759178],[-119.22900224308135,46.245821330300586],[-119.22894697849813,46.245437280301175],[-119.2286891045402,46.24503238238517],[-119.22832557016572,46.24468061676073],[-119.2271661535009,46.24403357822007],[-119.22635768162718,46.24362463447069],[-119.22602228579433,46.24316053967971],[-119.2258245462113,46.2427717771804],[-119.2257092055865,46.24237158238927],[-119.22569371183654,46.24200300218158],[-119.22565107016993,46.2417326188487],[-119.22573347954479,46.24142390218243],[-119.22572573266979,46.24123961051608],[-119.22561524412829,46.24076879489179],[-119.2255144451701,46.24045401989222],[-119.22538069412867,46.240024903226214],[-119.2252750920455,46.23888889281137],[-119.22520338162896,46.23844767093703],[-119.22536720871203,46.238141643854135],[-119.22535559517034,46.23771656572985],[-119.22497953267093,46.237251125105566],[-119.22458989204655,46.23698342302264],[-119.22395212017257,46.23676413760631],[-119.22342097746504,46.23647759594012],[-119.22326689725698,46.236047804274065],[-119.22329413684025,46.2347604646928],[-119.22330977329854,46.23304804698708],[-119.22359217850646,46.23096152511533],[-119.22351969413154,46.23082676678224],[-119.2233586295485,46.23057376574093],[-119.22310324517389,46.2303950428246],[-119.22289873684088,46.23012512303333],[-119.2227567493411,46.22991919074191],[-119.22238691288335,46.22978311678384],[-119.22213578059207,46.22954261470083],[-119.22195883788397,46.229196208451405],[-119.22189847538408,46.228776262618695],[-119.22181585767589,46.228355580327715],[-119.22183071392585,46.22813935845309],[-119.22189856705076,46.227801054286886],[-119.22187103892577,46.227552468870584],[-119.22158602225956,46.22715604803789],[-119.22111343371864,46.226892731371706],[-119.22090257851063,46.2267154761636],[-119.22040251392805,46.22587850637326],[-119.22005606601194,46.22540264908231],[-119.21951360247112,46.2248583803332],[-119.21881007538889,46.22438617408389],[-119.21835026705622,46.22393751470957],[-119.21788621914033,46.22355063346014],[-119.21725053893293,46.22306518346087],[-119.21671975247547,46.22267608450316],[-119.21632779205936,46.22221418762892],[-119.21484667956167,46.22137563033854],[-119.2138349951883,46.22052166575658],[-119.21229368060733,46.21926312825852],[-119.21187110977462,46.218598964717806],[-119.21149091915021,46.21796716471882],[-119.21119334727571,46.217430982427985],[-119.21091697019278,46.21691098555382],[-119.21070627644308,46.216408642846304],[-119.21060470248496,46.21594088451362],[-119.21062616394325,46.21498186472352],[-119.21045900665183,46.21417137722474],[-119.21056626706832,46.21326164285114],[-119.21074017123472,46.21267918972702],[-119.21072236290144,46.21196653660314],[-119.21082642123457,46.211103133479455],[-119.2110247774843,46.21016546264765],[-119.21125689727559,46.209708779314944],[-119.21162035873334,46.209287413690596],[-119.2120123576911,46.20909918556591],[-119.21271154310665,46.20898306889944],[-119.21304841289783,46.20894780535791],[-119.2139509910214,46.208791987649754],[-119.21489911914495,46.20862219389998],[-119.21510995143626,46.20847438765029],[-119.2153652753942,46.20832805640051],[-119.21563228060212,46.208011836609266],[-119.21614398060132,46.20770372723479],[-119.21638979414263,46.20737132411028],[-119.21629768372611,46.20708963973573],[-119.215720436852,46.20672995327794],[-119.21482115039504,46.206514382444944],[-119.2142735347709,46.206372388695215],[-119.21363169831358,46.20597959077913],[-119.21330554623076,46.205535343904806],[-119.21298372331455,46.20470425015613],[-119.21296474102292,46.20433211057336],[-119.21291509102304,46.2037577178659],[-119.2128622514398,46.20322965745006],[-119.21274807331498,46.202297094951575],[-119.21281920143986,46.20158739182761],[-119.21275687435661,46.200873262661965],[-119.21306635977277,46.199939274121874],[-119.21326774206415,46.199280330372886],[-119.21362481081361,46.19862655120722],[-119.21401891497966,46.198082357458006],[-119.21434834935411,46.197830128291706],[-119.21451043477053,46.197742625166875],[-119.21491499935327,46.19769412204194],[-119.21555786914395,46.1977463949586],[-119.21599738268492,46.1978383637084],[-119.2166603722672,46.19792225745827],[-119.21696856810007,46.19797890954152],[-119.21739752018273,46.19790024599994],[-119.21764380872399,46.197718969958615],[-119.21768775976564,46.197551467875584],[-119.21784423476538,46.19714584495948],[-119.21802514726512,46.196758894960105],[-119.21844191497279,46.196308313710794],[-119.21895642538864,46.19593241371137],[-119.21906395038849,46.19578390850323],[-119.21971723580413,46.19528363558741],[-119.22024045455335,46.19480561371314],[-119.22068740455262,46.194464379338655],[-119.22083992642742,46.19419079808909],[-119.22100305142713,46.193762767881395],[-119.22109415142698,46.19340975329864],[-119.22123821288511,46.192934652257684],[-119.2213314305933,46.19255075017496],[-119.22139816913482,46.19222788663386],[-119.22137594934321,46.1919020803843],[-119.22142362746814,46.191532146009855],[-119.22141940871815,46.19126885330197],[-119.221301875385,46.19103276892735],[-119.22113562538526,46.190856990802565],[-119.22092278267722,46.19071062726111],[-119.22067712226095,46.190392901219994],[-119.22041480559473,46.19022104288691],[-119.22041322226136,46.19021375642859],[-119.22006500872028,46.18994770642897],[-119.21969021288749,46.18978794080422],[-119.21929525559642,46.18964090330451],[-119.21868769622239,46.189500217887975],[-119.21815711601488,46.18936207830491],[-119.21771541393223,46.18933404705492],[-119.21757223476578,46.189439452263144],[-119.21747162955764,46.18951351163796],[-119.21722417122466,46.1897464366376],[-119.21703903372499,46.189914447054065],[-119.21687405768353,46.190069730387165],[-119.21653771705907,46.19019254080362],[-119.21624537539289,46.19023643559525],[-119.21598146289325,46.190147311637034],[-119.2158399389351,46.19007065642885],[-119.21566532956042,46.18997608247061],[-119.21502480039476,46.189753909554284],[-119.21461061185373,46.189606216846215],[-119.21417534518774,46.189484615804716],[-119.21379873164665,46.18935156372155],[-119.21343585039723,46.1892993387217],[-119.21304820977281,46.18932666788826],[-119.2128431420648,46.18933080434665],[-119.21279711602318,46.189331733513285],[-119.21248645144033,46.189361614763236],[-119.21219778998243,46.18935203455491],[-119.2116827941499,46.18926796580509],[-119.21151143685853,46.1892354887218],[-119.21111098998416,46.18916861476356],[-119.21107690040088,46.18915903663856],[-119.2107325472764,46.18906228351372],[-119.21052730040175,46.188961699138865],[-119.21029184727706,46.18873954913918],[-119.21004083165248,46.188463298097965],[-119.20984754831943,46.188188963723405],[-119.20956901394486,46.18803236164032],[-119.20907880144564,46.18786872830727],[-119.20871409415452,46.18784322101562],[-119.2084465243633,46.18780754289068],[-119.20819727853035,46.18778586893233],[-119.20802776915559,46.1877266533074],[-119.20790226915581,46.18758852726595],[-119.20774012228107,46.187422390807946],[-119.20740847123989,46.187197038724925],[-119.20708962124043,46.18706588039184],[-119.20673320561593,46.18692008143372],[-119.20639235144984,46.18682837935054],[-119.2062017639501,46.18679525435054],[-119.20582610874237,46.18664880955916],[-119.20525358374323,46.18641886268449],[-119.20517010561838,46.18637261476785],[-119.20511602957681,46.186238943934754],[-119.20510656603513,46.18605287310173],[-119.20527392436821,46.18588815956036],[-119.20558640561774,46.18555799601914],[-119.20581313165906,46.185178541853034],[-119.20660755561615,46.18432260435445],[-119.20692640144897,46.18389977102173],[-119.20719226290691,46.18359901164719],[-119.20727316290682,46.1834862481057],[-119.2073902972816,46.18336672310586],[-119.20776102436433,46.18299297310649],[-119.20795141498905,46.18273304498184],[-119.20820100040532,46.18244845748232],[-119.20854436394647,46.18219361060773],[-119.20878754311273,46.18200199602465],[-119.20914911082053,46.181761064775046],[-119.20997423998591,46.181189394984244],[-119.21023653061054,46.18099841373456],[-119.21074747123468,46.18053611998524],[-119.21115731290077,46.18015034394414],[-119.21142872956699,46.179826538736364],[-119.21164369519164,46.17948754290364],[-119.21180403581637,46.1791067970708],[-119.21195797748284,46.178819029362955],[-119.21216745456587,46.17855972727999],[-119.21230958060727,46.178165064780586],[-119.21254097331523,46.177586984573175],[-119.2126721910234,46.1770721460323],[-119.21274421706494,46.17658196894979],[-119.21282172539816,46.176012096033986],[-119.2129055649814,46.17562881061794],[-119.21291926081464,46.17542957624318],[-119.21275094831492,46.17481161061918],[-119.21256260560689,46.174206291870135],[-119.21243339206542,46.173855876245575],[-119.21217217435748,46.17347445437121],[-119.21174289102481,46.17332549916306],[-119.21173270977489,46.17331650228814],[-119.21105947540087,46.17306196478855],[-119.21014445665232,46.17266147103911],[-119.20956697123654,46.17240870853952],[-119.20805971498892,46.17164658354077],[-119.20796344415574,46.17142667208277],[-119.2080661837389,46.1712288481247],[-119.20832878478014,46.17097441791681],[-119.20868357957126,46.17035153666771],[-119.20900542644574,46.17020742937634],[-119.20929441394532,46.170217025209666],[-119.20982474415281,46.17028107416785],[-119.21033709623539,46.170282605417874],[-119.21042038477691,46.170207006459634],[-119.21062882748491,46.169686220002134],[-119.21079261602631,46.169173683544564],[-119.21092094831779,46.16880285854516],[-119.210999203526,46.16841251167072],[-119.21103833373428,46.1682173377128],[-119.21108726185918,46.16787959917157],[-119.21121191394235,46.167562236672126],[-119.21129988894216,46.16740440542232],[-119.21141841081703,46.167176145006],[-119.21174701810814,46.166883411673176],[-119.21199377956613,46.16665940646519],[-119.21221091810742,46.16645495542373],[-119.21232360769064,46.166348849173964],[-119.21252274102363,46.16606967834106],[-119.21263758060678,46.16589487834127],[-119.21268037644008,46.16564624084175],[-119.2127292941483,46.165308502300554],[-119.21268174206506,46.16487825750965],[-119.2126744670651,46.164610100218304],[-119.21254710664856,46.16426465959388],[-119.21253623269028,46.164190241885656],[-119.21251800664862,46.16370738459469],[-119.21251195456529,46.163421406470185],[-119.2125172264403,46.16271535647128],[-119.21257686081522,46.162476918971635],[-119.2126099243568,46.16199576376398],[-119.21248788894036,46.16152732522312],[-119.21248551081531,46.16118788459863],[-119.21251367539868,46.16077801376595],[-119.21271768581498,46.1604275585581],[-119.21286917643978,46.160093221058666],[-119.21288999102306,46.15979027522582],[-119.21291203268969,46.15946950335134],[-119.21288522852308,46.15911139085185],[-119.21275462331494,46.15876769814406],[-119.21277666289825,46.15844692731118],[-119.21287563477307,46.158128709603346],[-119.21299902539789,46.157829162728866],[-119.21303434831452,46.15775208668738],[-119.21312132123103,46.1576507231458],[-119.21333407643903,46.157472025229424],[-119.21347697435552,46.157337449187885],[-119.21360401081365,46.157109468979975],[-119.21368341706346,46.15692634398031],[-119.21369508477183,46.15675645648057],[-119.21381314310496,46.15639701273108],[-119.2138455243549,46.15635690752284],[-119.21396645872971,46.156093000231536],[-119.21411058685449,46.155865586690254],[-119.21423885977096,46.15549475648243],[-119.21407042956287,46.15495333356667],[-119.21396302018803,46.15464613148369],[-119.21383241706326,46.15430243981769],[-119.21380927956329,46.15389086377659],[-119.21383987747993,46.15344534919402],[-119.21402320456299,46.15290085752813],[-119.21420754518766,46.15258234815368],[-119.21438586914574,46.15223103877923],[-119.2145860493538,46.15186207627979],[-119.21464845560364,46.15177535544658],[-119.21521271393613,46.15066881169833],[-119.21532637956096,46.149761660658044],[-119.21533191706096,46.14940015545027],[-119.21528982122766,46.149171031492266],[-119.21522151289446,46.14866865336815],[-119.21503963164474,46.148323259618614],[-119.21477716810345,46.148028777327355],[-119.21445853268727,46.147803877327746],[-119.21382616081326,46.14728279191186],[-119.21343673581391,46.14696623357907],[-119.21278119414825,46.146408650246634],[-119.2127567285233,46.14636782628833],[-119.21266034206509,46.14629747316336],[-119.21224896185737,46.14592659920568],[-119.21201950456606,46.14552603774802],[-119.21202569206606,46.14506185337367],[-119.21233470560726,46.14430407733318],[-119.21270450143999,46.14373490650074],[-119.21282317331479,46.143552252334366],[-119.2131014295644,46.14323716379321],[-119.21324119102252,46.14301540233514],[-119.21360348685528,46.142229621086464],[-119.21397878581303,46.14150380650423],[-119.21444931393728,46.140638261713924],[-119.21524865143607,46.13947402213235],[-119.21592017435171,46.13842461380057],[-119.21603437122651,46.138168167967684],[-119.21632388997607,46.13778308671828],[-119.21661285455895,46.1370663096361],[-119.2167531212254,46.136789857553204],[-119.216791106642,46.136714994011655],[-119.21701410768331,46.136460421095386],[-119.21751135351587,46.13620302734572],[-119.21755728059912,46.1361895867208],[-119.21791337226529,46.13608536588764],[-119.2185961660142,46.13561978255499],[-119.21881102018051,46.135233954430625],[-119.2189591451803,46.13482209922289],[-119.21901043163854,46.13432368568199],[-119.21910648059674,46.133671955474675],[-119.21916492642997,46.13324136172537],[-119.21919357017993,46.133150911725494],[-119.21929286184644,46.132701716934484],[-119.21925708267987,46.13197417631067],[-119.21903413684686,46.131478586728065],[-119.21883398476383,46.13090039714566],[-119.21878599726394,46.130351063813144],[-119.21871033893069,46.12995561173044],[-119.2186859430974,46.1295618575644],[-119.21873071184736,46.129158486731654],[-119.21891950455534,46.12865271902411],[-119.21916199830498,46.12811300652499],[-119.2194232003879,46.127550100275855],[-119.21954851184604,46.12722084194302],[-119.21971206497079,46.12683331173531],[-119.21979100038732,46.126181014861274],[-119.21977434309571,46.12601792215321],[-119.21987687226222,46.12575653465364],[-119.22004263476198,46.12551056173741],[-119.22037718476145,46.125284971112706],[-119.22056012538616,46.1250987325713],[-119.22067837955264,46.12492514507161],[-119.22080977017742,46.12455969923884],[-119.22086434621899,46.12407337215626],[-119.22089365455231,46.12364537736524],[-119.22104323059374,46.12301427944953],[-119.2212221139268,46.12257644507528],[-119.22133429100997,46.12218077736755],[-119.2214232233015,46.12181392424304],[-119.22139188475985,46.12133954611885],[-119.22132416080166,46.12077521278641],[-119.22122511288514,46.12035775862036],[-119.22101994726044,46.11993679299599],[-119.22084712746903,46.11966481695475],[-119.22064297955268,46.11922909195545],[-119.2206470201777,46.11885942841434],[-119.22066823892766,46.118549500289774],[-119.22068323788596,46.11841913258171],[-119.22083240351071,46.11822558154036],[-119.22109923267698,46.11782956279089],[-119.22140348163487,46.11738715029165],[-119.22162881705118,46.117096922167065],[-119.22200301496726,46.116633008626145],[-119.22237607225833,46.11618037633515],[-119.22270503267447,46.115882256543976],[-119.22317927329874,46.115457374252934],[-119.22330046809026,46.11518750967002],[-119.22367057538135,46.11478299404562],[-119.22389670038099,46.11448088050442],[-119.2241691962139,46.114251745088154],[-119.22456858267162,46.11391963883871],[-119.22488661079608,46.11352530446436],[-119.22541449933694,46.11306646383999],[-119.22571380975313,46.11269532113226],[-119.22624980454403,46.11211767009149],[-119.22669063266831,46.111679757592164],[-119.22713876079261,46.111134919051345],[-119.22730873475071,46.110902388843385],[-119.2275584003753,46.110505784677265],[-119.22762669100018,46.110257985719386],[-119.22798533162461,46.10976972322013],[-119.22852289516543,46.10916829822104],[-119.22896854933147,46.1086590930135],[-119.22926618891432,46.108311700305684],[-119.22954755453884,46.10795186384787],[-119.23001676078815,46.10734817322391],[-119.23046968474576,46.106732034683176],[-119.23085838370349,46.10630429301716],[-119.23130317953616,46.10580695760126],[-119.23162435557731,46.10536507843526],[-119.23184796391028,46.105098587810694],[-119.23234155036789,46.10463858156143],[-119.2326733055757,46.10429230656193],[-119.23305791807509,46.10392396072913],[-119.23344576494948,46.10350809197987],[-119.23366206703247,46.103348524271716],[-119.23404909515688,46.10294453156401],[-119.23460360244769,46.1023436367733],[-119.23488165973889,46.10203130656539],[-119.23529546911328,46.10148530344138],[-119.23554098057123,46.10114808469183],[-119.23584258369578,46.10074126802579],[-119.23601734411217,46.10043743573462],[-119.23629700557007,46.10010134198508],[-119.23651158473639,46.09971546906912],[-119.23687250348581,46.099191532611535],[-119.23714810452708,46.09891483886195],[-119.23753588473483,46.09849895240428],[-119.23792203890088,46.098106825321594],[-119.23825048265036,46.09780805448871],[-119.23857811494149,46.09752116490579],[-119.2388333847328,46.09729142740616],[-119.23918455869058,46.096910051365015],[-119.23968286077313,46.09637872428253],[-119.24006575139754,46.09603411282476],[-119.24037952014703,46.09569913053359],[-119.2406729701466,46.09541110970076],[-119.24098915452112,46.095040482617996],[-119.24119236285414,46.09482093053502],[-119.24139292847885,46.09459277116034],[-119.24116041285419,46.09409423470279],[-119.24112859306258,46.09387266178648],[-119.24108719097927,46.09378943470327],[-119.24065672952163,46.0935465794953],[-119.24029408368887,46.093089080537624],[-119.24019257743902,46.09286970970469],[-119.23995779410603,46.09273145866333],[-119.23964997743984,46.092478287830275],[-119.23946107327352,46.09235504720554],[-119.23913332223232,46.09220473053905],[-119.23850508994161,46.091990500331],[-119.23804108369232,46.09185818887288],[-119.23625063369514,46.09186215658128],[-119.23582735973748,46.091844740956304],[-119.2351308670302,46.09230019616386],[-119.2340693024485,46.09260811178846],[-119.23313865453332,46.09264157220501],[-119.23212746911821,46.09261268991347],[-119.23176483266043,46.092713228454876],[-119.2308050805786,46.093388112828926],[-119.23022207953784,46.09371989720336],[-119.22924708787268,46.094025222202916],[-119.22892379203985,46.094097481577755],[-119.22832123579077,46.09434907845242],[-119.22807084412449,46.09444678157722],[-119.22772925662503,46.094541469077065],[-119.22745568475045,46.0945324274105],[-119.22734231495895,46.09450462011885],[-119.22715605037592,46.094458936785564],[-119.22692009620958,46.094345160744055],[-119.22670476079327,46.09423466491088],[-119.22661246704341,46.094122653452715],[-119.22656039308517,46.09340534616214],[-119.22641268579372,46.09315293157926],[-119.22629400662724,46.092487429496906],[-119.22638682850207,46.09136536595701],[-119.2264918680853,46.09054974199992],[-119.22677312745986,46.08956892533478],[-119.22677808579317,46.089281275335246],[-119.22677415766816,46.089153470127194],[-119.22676875662654,46.08897772950242],[-119.22656748579352,46.08835641075337],[-119.22646953162702,46.088265144086854],[-119.22616653162741,46.08798283262898],[-119.22593060871117,46.08786905450412],[-119.22584443683628,46.087889793045704],[-119.22562089933659,46.08794359408732],[-119.22533724829536,46.08808258262874],[-119.22501598058754,46.08832630033673],[-119.22470773892137,46.08850163158645],[-119.224084339964,46.08883107012765],[-119.22348110142327,46.08926710241857],[-119.22269014621617,46.089621968043055],[-119.22216365142532,46.089627935751366],[-119.22186182017579,46.08953693470985],[-119.22137152538488,46.08934067637685],[-119.22111341184365,46.089201614918686],[-119.22046750767792,46.089117214918815],[-119.22011174622021,46.08882189616933],[-119.21926532434651,46.08831229929503],[-119.21880020976387,46.08816187221196],[-119.218278702473,46.08831560867009],[-119.21776337122384,46.088627067002975],[-119.21705743059994,46.088770187836],[-119.21522836706113,46.08926399929361],[-119.2141583910211,46.08985370137598],[-119.21356923477204,46.08990564095925],[-119.2126712201901,46.089830833667726],[-119.21226151602406,46.08989824408426],[-119.21203815144105,46.09006635033409],[-119.2110774535259,46.090705034707995],[-119.21069510977645,46.09090386283276],[-119.21049356394344,46.09103668574926],[-119.21027275561045,46.0912498784572],[-119.20988895561106,46.09139915137366],[-119.2091544806122,46.09141525762361],[-119.2089194035292,46.09125893158222],[-119.20848590457153,46.09075397012465],[-119.20821765040527,46.09036250866691],[-119.2080733608222,46.09019119616717],[-119.20783936186422,46.09006640450068],[-119.20753862332305,46.090006903459134],[-119.20712604311534,46.09003369616744],[-119.20658002540785,46.09015506283393],[-119.20532291499313,46.09084685033278],[-119.2049909254103,46.09115984720736],[-119.20386539416205,46.09168947741486],[-119.20337880249618,46.092145844080726],[-119.20315502020486,46.09229591803898],[-119.20272665874718,46.09249318887192],[-119.2023680504144,46.09271078053826],[-119.20175605249871,46.09289743678795],[-119.20143747854081,46.09296784095455],[-119.20089473583334,46.09317029928752],[-119.20044164000068,46.09330372949572],[-119.19975818896012,46.09344749095377],[-119.19891324833641,46.09354086178694],[-119.1980286327128,46.09379942428653],[-119.19754973063021,46.093297407620646],[-119.19755242542186,46.09221287012235],[-119.1973764358388,46.09125739095721],[-119.19720032958907,46.090965201374324],[-119.19697097125614,46.09082893991623],[-119.19670033792316,46.090777530541324],[-119.19627919209053,46.09069991074976],[-119.19585950875783,46.09060114199989],[-119.19538049000859,46.0904791982501],[-119.19496954625919,46.090253544083765],[-119.19449927438494,46.09000471491753],[-119.1941201848022,46.089758926376234],[-119.19403595667733,46.089678014917986],[-119.19377731917774,46.089429561793395],[-119.19361244313633,46.08916971908545],[-119.19314364313703,46.08889973783586],[-119.19260240667957,46.08879690346098],[-119.19202786501377,46.08873534512775],[-119.19158468376448,46.08876899200272],[-119.1914460379313,46.088779518044376],[-119.1910451056403,46.08885092012754],[-119.19060649001597,46.08902703887729],[-119.19023594834988,46.089099453460534],[-119.1897525837673,46.08904092637728],[-119.18939370876787,46.08894416387743],[-119.18918342126817,46.088913305544146],[-119.18845883689431,46.088806971169326],[-119.18769610981218,46.088823887835915],[-119.18700146606324,46.088737097211116],[-119.18643277127245,46.08859092429461],[-119.18602479835641,46.08832294617005],[-119.18571008169023,46.0880116628372],[-119.18490958898315,46.08702479200546],[-119.18451412544209,46.08630048367321],[-119.18378189419326,46.08634350554814],[-119.18291768377793,46.08655312742279],[-119.18242123169534,46.08675254408913],[-119.18170344211313,46.08718308158848],[-119.18126845148879,46.08738228992156],[-119.18101482961418,46.087646729504435],[-119.18072815253127,46.08782789617084],[-119.18028951607369,46.08800397533724],[-119.17994205044921,46.08818310554526],[-119.1796842962829,46.08838643262828],[-119.17942654107499,46.08858975866968],[-119.17917463378369,46.08870849825282],[-119.17884032232593,46.088697305544514],[-119.17878890045097,46.08868153158614],[-119.17845254003488,46.08857834616975],[-119.17829402336844,46.0885536492948],[-119.17775937857762,46.08847035241989],[-119.17748733066134,46.0884034888783],[-119.17746460566138,46.0883921284616],[-119.1771923306618,46.08825601596187],[-119.17711265878694,46.08819497325365],[-119.17701250462041,46.08807053471214],[-119.17691235045392,46.08794609512899],[-119.17683221920402,46.087859518045796],[-119.17681115253737,46.087836756587514],[-119.17651776920451,46.08767557429606],[-119.17616346087175,46.08745180762976],[-119.17615395358008,46.08744561075478],[-119.17574718587235,46.08718055554684],[-119.17568201920581,46.08713062429693],[-119.17535450253966,46.08675892533919],[-119.17506849212344,46.086510809714525],[-119.17498737962354,46.086517534714524],[-119.1748631275404,46.086439560756325],[-119.17452112962428,46.08635242013143],[-119.17422044212475,46.08629693367325],[-119.17400447025004,46.0862745597149],[-119.17376470775048,46.0862816565899],[-119.17344022858431,46.0862556430483],[-119.17328831920952,46.08625055033997],[-119.17307025775153,46.08625837325664],[-119.17294654004337,46.08621001700672],[-119.17282238796025,46.086068435756886],[-119.17272538483542,46.085898693048854],[-119.17270000046045,46.08580087429896],[-119.17267387754379,46.085700203465805],[-119.17269584004379,46.085383094091284],[-119.1726764900438,46.08503432638349],[-119.17269113275209,46.08482292013382],[-119.17278473275195,46.08409955450997],[-119.1729141504601,46.083801182635405],[-119.1730631754599,46.083533740969244],[-119.17314709837643,46.083264114927935],[-119.17327755879289,46.08295064305344],[-119.1733005598345,46.08261843367891],[-119.17330997025118,46.0824825274291],[-119.17327641504289,46.082316915971035],[-119.1732451265013,46.08216250763798],[-119.1731949223347,46.08163108055542],[-119.17307648379317,46.08114277326458],[-119.17299744837665,46.08104293159809],[-119.1729164796268,46.08094064618156],[-119.17267386191884,46.08067520659865],[-119.17218941816958,46.08044706180729],[-119.1715457619206,46.0803195232658],[-119.17072746921349,46.08020125764102],[-119.17009714733949,46.08019524409933],[-119.16954525150696,46.08031294201579],[-119.1690997556744,46.080464481598895],[-119.16880929213312,46.08057581597378],[-119.16847438171698,46.08070079201523],[-119.16840501817546,46.08073065868183],[-119.1674197577603,46.08103802534805],[-119.16637662026194,46.081345024305875],[-119.16543779318005,46.08196605867996],[-119.16431492130683,46.08259439722063],[-119.16284420360073,46.08252694722075],[-119.16114951297834,46.082622962845555],[-119.15896274839845,46.08301742638663],[-119.15793412756669,46.08370738367721],[-119.15720368902618,46.08381780346875],[-119.15669859527695,46.083791789927076],[-119.1561422494445,46.08364253367734],[-119.15593011090313,46.083275343052925],[-119.15595814527808,46.08290724409516],[-119.15590515881986,46.08245315659582],[-119.1557667452784,46.08234704201266],[-119.15561903590363,46.08226188367951],[-119.15525265569585,46.08213638263798],[-119.15415212861423,46.081919272221725],[-119.15326303590729,46.08161476909716],[-119.15278627549134,46.08155368888897],[-119.15198379528427,46.081607638888876],[-119.15061714320301,46.08234463576268],[-119.1505263609115,46.082390413887595],[-119.15017590987044,46.08267319826216],[-119.14973731820442,46.083036790969956],[-119.14953255257973,46.083166103469736],[-119.14935349424668,46.0832504451363],[-119.14918577133028,46.083396882636094],[-119.14913735153868,46.08353115763584],[-119.14902043487217,46.08364829721895],[-119.14881987445585,46.08371720763559],[-119.14853040883128,46.08381338888544],[-119.14797633070714,46.08396118055192],[-119.14795654008218,46.083966425343455],[-119.14729795779152,46.08423085450976],[-119.14493376925357,46.08555517221604],[-119.14318028592294,46.086561429506155],[-119.14306404008977,46.08671644096419],[-119.1429551036316,46.08703060554703],[-119.1429599390483,46.087272937838335],[-119.14291821196502,46.08755910137963],[-119.14281243384018,46.08782796700419],[-119.14266430571541,46.088080265962056],[-119.14251722967396,46.08831746283682],[-119.14245141821573,46.088484735753134],[-119.14236112134085,46.08890214096083],[-119.14200850571643,46.08947078991827],[-119.14018146821923,46.090543136791624],[-119.1395197765536,46.0912993472071],[-119.13766784009819,46.09323491595412],[-119.137350095307,46.09393974720309],[-119.13699936301582,46.09452644616047],[-119.13669386822465,46.09481313886833],[-119.13557581926807,46.095652884700385],[-119.13503820260225,46.09588220449171],[-119.134326559895,46.09605612115803],[-119.13254562760609,46.09686887740677],[-119.13213080364841,46.09729587011448],[-119.13171004114906,46.09756513990572],[-119.13123172135812,46.09775203365547],[-119.13112904114998,46.097800361780344],[-119.13076695260884,46.09799998365503],[-119.13055468177583,46.09823495657132],[-119.13034240885952,46.09846992740432],[-119.12956742552738,46.099593949277576],[-119.12936732552772,46.09996555344363],[-119.12927575156952,46.10034083469313],[-119.12933188698611,46.100781669067395],[-119.12941925365261,46.10108734406688],[-119.12946744011089,46.10133114614985],[-119.12945939011088,46.10144601281642],[-119.12943992761093,46.1017237367743],[-119.12942155261096,46.10198592844054],[-119.1293965390693,46.10234282323164],[-119.12935789844438,46.10258368156462],[-119.12918071198636,46.102835009689194],[-119.12956355469407,46.10344206802161],[-119.13077269323385,46.10385662010432],[-119.13179595156562,46.104084837812294],[-119.13403035260383,46.10435202114519],[-119.13499486822731,46.10448567322836],[-119.13592772551749,46.104445359686764],[-119.13678498384951,46.10454322322823],[-119.13801568176427,46.10442603885347],[-119.13893773801281,46.10436723156183],[-119.13941857342877,46.10444200864501],[-119.14028464009408,46.10446680656166],[-119.14088359425982,46.10454107218655],[-119.14193062446651,46.104603481561476],[-119.14213973488292,46.1045970503115],[-119.14301773904815,46.10493726906095],[-119.14398221821337,46.105185893018884],[-119.1440526452966,46.105223214893854],[-119.14448372446259,46.105335707601974],[-119.14499945362843,46.10542880656021],[-119.14542413696108,46.105579370101644],[-119.14578264216891,46.10574283155974],[-119.14604377341846,46.10605436072588],[-119.14626887029311,46.10625872322553],[-119.14651883695939,46.10641851801696],[-119.14695604841707,46.10646099197527],[-119.14737109424976,46.10638949614201],[-119.14832622341493,46.106390236767005],[-119.14868533799773,46.106424859683585],[-119.14901954424721,46.10658465760003],[-119.1493864859133,46.10680856697478],[-119.14990374216251,46.1070690503076],[-119.15053817236986,46.10726147634892],[-119.15164471611816,46.108095395097735],[-119.15297222653271,46.10922928988759],[-119.15418051298917,46.10962556176202],[-119.15637210361082,46.109955937803086],[-119.15767559735879,46.110472393010674],[-119.15871559839881,46.111137484676256],[-119.15935716193951,46.111519122175714],[-119.16021081402148,46.11197990238335],[-119.16093608902037,46.11219332842467],[-119.1617578765191,46.1126125200907],[-119.16228108276829,46.1130216659234],[-119.1626612077677,46.11359251592249],[-119.16283472235074,46.11421492217148],[-119.16300443172548,46.11472918987904],[-119.163116145267,46.11528651175319],[-119.16277760776752,46.115792688835754],[-119.16257700255949,46.11600196800207],[-119.16126685568652,46.11685800654244],[-119.16078150985396,46.117404244041644],[-119.16035507235462,46.11795246174913],[-119.16019136610488,46.11835200029015],[-119.16012289527163,46.118894261747656],[-119.15992616818858,46.11995426695433],[-119.15953178902254,46.12133165757717],[-119.15753494215062,46.12445980757232],[-119.15719218485953,46.124862314863364],[-119.15628599944425,46.12610544402803],[-119.15541849215396,46.12682780548531],[-119.15440830048885,46.12771637527558],[-119.15388324423964,46.12878330548223],[-119.153856005698,46.129614983605926],[-119.15353283486519,46.13051319610461],[-119.15350148590692,46.13124122631181],[-119.15338927444873,46.13220055547697],[-119.15362404840668,46.13362613464142],[-119.15431626507227,46.13529215651389],[-119.15523622132086,46.13668681588664],[-119.15644059527733,46.139261183591074],[-119.15628503069428,46.140610601297205],[-119.15619379215275,46.14091286379674],[-119.15609011194454,46.142400471086205],[-119.1558970004865,46.142984250251914],[-119.15553851819539,46.14344137420959],[-119.15521228069592,46.143748230459025],[-119.15450409944702,46.14422384399999],[-119.15432106090567,46.1443596137915],[-119.15402494111443,46.14467942837428],[-119.15392323903126,46.145139553373575],[-119.15400466298945,46.14567785962274],[-119.15323790674064,46.147456723161596],[-119.1529934702827,46.14808305441065],[-119.15286597236623,46.14864582315981],[-119.15285658486623,46.14916306482567],[-119.15292141194948,46.149212713783875],[-119.15300471090767,46.149485862741805],[-119.15307265153255,46.149760589824716],[-119.15312309736584,46.14989050753281],[-119.15312448069915,46.14990568044944],[-119.1533727796571,46.15091766690627],[-119.15332467444887,46.15197816794622],[-119.15323150674067,46.1526636064869],[-119.15285709424126,46.15377161169342],[-119.15202018174256,46.15453548460895],[-119.15108995257732,46.155174688774665],[-119.15096443903582,46.15577802523206],[-119.1509632629942,46.156525071064216],[-119.15101074007744,46.156981223146815],[-119.15104232549406,46.157792381478885],[-119.15109596716064,46.15841526272796],[-119.1513491588269,46.159530927309554],[-119.15142001507678,46.159716186684264],[-119.15143641195175,46.1597856387675],[-119.15153199945162,46.16028832939171],[-119.1515936140349,46.16065365751612],[-119.15168539736806,46.16089891897409],[-119.15184342445116,46.16113127834874],[-119.15213710986734,46.16129253355684],[-119.15254155674171,46.161427251264904],[-119.15292533069947,46.16154613459805],[-119.15322323486566,46.161646987722904],[-119.1534865588236,46.16176365022271],[-119.15368111923993,46.16189131480584],[-119.15605156611127,46.16292529709594],[-119.15708306610969,46.163342583553586],[-119.15842093277428,46.16394119292781],[-119.16028924631304,46.1643641137604],[-119.16137886193631,46.16473830959318],[-119.16230662130988,46.165530101258604],[-119.16232358068488,46.16556216375849],[-119.16233793797653,46.16557116375845],[-119.16271650360096,46.16576551584156],[-119.16287354214234,46.166012962716124],[-119.16286197443408,46.166179061674185],[-119.16277679735084,46.166463773132094],[-119.16271650776758,46.16670391271512],[-119.16258155568447,46.1670777606312],[-119.16252126297621,46.167317900214165],[-119.16245676401805,46.167618439796954],[-119.16240067755975,46.167798179380064],[-119.16241084214305,46.16796501062975],[-119.16235370360153,46.168159851254444],[-119.16223662339338,46.168276997087574],[-119.16190220360222,46.168386836670784],[-119.16170029110253,46.16847085854565],[-119.16162457131092,46.1686196679204],[-119.16159442235266,46.16873973771197],[-119.16160247964433,46.16893676791993],[-119.16159091089435,46.16910286896138],[-119.16160002131102,46.169284799169425],[-119.1615635598527,46.16949547000242],[-119.16155610256106,46.16960248979395],[-119.16157040672772,46.16962591896058],[-119.16149859110281,46.170021598126546],[-119.16156121714437,46.170505733542484],[-119.16136326818639,46.171025128333355],[-119.16121487860327,46.171695248123946],[-119.16075218277064,46.17311517416344],[-119.16069045985408,46.17425622728666],[-119.16040932547952,46.17654652624146],[-119.16010406193834,46.17688279394926],[-119.15965300048072,46.177556191864895],[-119.15929796506457,46.17796729082263],[-119.158828684857,46.17815851894727],[-119.15832395777443,46.17883460540455],[-119.15828534527445,46.179202347070714],[-119.15788554006679,46.179836959569684],[-119.15674012340192,46.180374454360525],[-119.15607360569459,46.18097757519291],[-119.15449117444706,46.18255344185717],[-119.1541090442393,46.183629685605425],[-119.15368824840664,46.18507366581158],[-119.1512395275771,46.18622424185146],[-119.15007641299552,46.18768367518253],[-119.14983403487093,46.19030379080348],[-119.1478200213324,46.19376871267309],[-119.14752990570783,46.19662619287698],[-119.14752849945786,46.1966750262103],[-119.1475094775829,46.19694681995983],[-119.14742522133298,46.1972164137094],[-119.14718346612507,46.19755636787556],[-119.14665540050089,46.19824990537448],[-119.14655603070933,46.198297547041],[-119.14565562966908,46.19882169808191],[-119.14494353175355,46.199607733497324],[-119.14436804633777,46.200501893912616],[-119.14397024321335,46.201172526203315],[-119.14318758175625,46.20151961891107],[-119.14298826613157,46.20185492099388],[-119.14287156613176,46.202283024118145],[-119.1419912942581,46.203513405366216],[-119.139066293221,46.206827197027756],[-119.1374167536402,46.20710070536075],[-119.13351017031296,46.20662769077811],[-119.12850871094572,46.20409641161539],[-119.12700933386468,46.20305542411697],[-119.126368889074,46.20295717828378],[-119.12589696615811,46.203112177241934],[-119.11933885262658,46.20712431681901],[-119.11679731304719,46.2072808866104],[-119.11437423284265,46.20706789286078],[-119.11167970993017,46.20597250119581],[-119.11065158180674,46.20547841473819],[-119.10960980889172,46.20418391474016],[-119.1093308807671,46.203970253282264],[-119.10895876722607,46.20381432515743],[-119.10858088180998,46.20374005432427],[-119.10831771618535,46.203710618907614],[-119.10808539326905,46.20366177099109],[-119.10771473076966,46.20348542515796],[-119.1071763276455,46.20318057932518],[-119.10605569743888,46.20277401370076],[-119.1055115328564,46.20255081682611],[-119.10487772660736,46.202345019951444],[-119.10442177348305,46.20212482620175],[-119.10357301098442,46.2016251991192],[-119.10296235161034,46.20109276995338],[-119.10246496619446,46.20062559182908],[-119.10219555161153,46.200268515787975],[-119.10186252348707,46.19956138870568],[-119.10155600994587,46.19889609287341],[-119.1011878151548,46.198269615791155],[-119.10064468911396,46.19761669912543],[-119.10013432244806,46.19698228037639],[-119.09948410474072,46.196492283502124],[-119.0969062255781,46.19428890121393],[-119.09347426308342,46.191921209550934],[-119.0927878276678,46.19072757621939],[-119.09276205995951,46.19045166371987],[-119.09277202350121,46.19031128455344],[-119.09274625891788,46.19007348767877],[-119.0927598860012,46.189881460595714],[-119.09274595579285,46.18977733247096],[-119.09262253704306,46.18971387934607],[-119.09251971516824,46.18969057101271],[-119.09239172558512,46.189661556429414],[-119.09211732975217,46.18962254705456],[-119.09195137350247,46.18955763767958],[-119.09165121725289,46.18928082934666],[-119.09147028808651,46.18912656163861],[-119.091358405795,46.18890062309728],[-119.09102725579557,46.18845987205623],[-119.09078479329595,46.18737064184967],[-119.09066918600446,46.186596705392475],[-119.09071952662936,46.185887684560306],[-119.09084129850417,46.185373602269436],[-119.09091843600409,46.18488760435346],[-119.09096277246232,46.184563363729005],[-119.09105488392049,46.18416672310463],[-119.09104305475385,46.18403305227145],[-119.09096398496227,46.18364535748048],[-119.09077439017096,46.18331310435599],[-119.09062394433785,46.18308622102294],[-119.09043593496311,46.182975753314786],[-119.09007202454707,46.18269675852353],[-119.0897475016309,46.18246353352395],[-119.08953140683951,46.182204406441045],[-119.08931741413151,46.18191573664979],[-119.08906194017362,46.18161084081692],[-119.08882039225729,46.18141006998392],[-119.08857464746603,46.181268382484134],[-119.08828112975813,46.18119909498427],[-119.08785477246715,46.18119928873424],[-119.08736252142627,46.18122683977588],[-119.08697869642685,46.18122848769251],[-119.0865683568441,46.18130326373412],[-119.08625250059464,46.181399751233975],[-119.08604539121997,46.18146301894213],[-119.08558726830398,46.1816101887336],[-119.08515460892966,46.18169899915014],[-119.08476237872198,46.181818812691674],[-119.08443709643073,46.18189649810821],[-119.08402779851473,46.18195649185802],[-119.08372798184855,46.18197581998308],[-119.0835759505988,46.18195419289975],[-119.08345363080731,46.181936791858085],[-119.08325908809928,46.1819745366497],[-119.08314858393277,46.18207342102451],[-119.08309972455783,46.18211714081612],[-119.08285739643321,46.18222728456595],[-119.08272349955843,46.18231153248254],[-119.08252790580873,46.18236404810749],[-119.082352780809,46.182401594982366],[-119.08203297247616,46.18250262519057],[-119.08167970164338,46.18264310019026],[-119.08112015685259,46.18285092102336],[-119.08050077039519,46.18298100643984],[-119.08027489956224,46.183034940814714],[-119.08005742664591,46.183086867898034],[-119.07647167873478,46.18417450122959],[-119.07587830894408,46.18424491477116],[-119.0754142870698,46.18433491060439],[-119.07503075686203,46.18451848352079],[-119.0747417099875,46.18459935643729],[-119.07463841102931,46.1846135647706],[-119.07346140894782,46.18443404810421],[-119.07319415894825,46.1844563553958],[-119.07241782665778,46.18460965852065],[-119.06884074957999,46.185454091852634],[-119.06756479437364,46.18565165956062],[-119.06405815062908,46.186363308517905],[-119.06371577042127,46.18638111789287],[-119.0632733943803,46.18630663247628],[-119.06266827875625,46.186122878309966],[-119.0620673933405,46.18588004185199],[-119.06144735896646,46.18560692414404],[-119.05791704126358,46.18463632935392],[-119.05688958189018,46.184353824145994],[-119.05587083605845,46.183992865813266],[-119.0553104204343,46.183781004355225],[-119.05472662772691,46.18359794602215],[-119.05392489126979,46.18348138664734],[-119.05297324543795,46.1833744470642],[-119.05207143293934,46.183241979356076],[-119.04604679128205,46.18180454081669],[-119.04593966836552,46.18178895644169],[-119.04533214857479,46.18175277623335],[-119.04485396107555,46.18173620644174],[-119.04417798295162,46.18174305123341],[-119.04360959857746,46.18176875540004],[-119.04308685482827,46.18176576998337],[-119.04267604441225,46.181721256441804],[-119.04235109441277,46.18169485331681],[-119.0421598121214,46.18162767935861],[-119.04208155170483,46.181503880400435],[-119.04204784441322,46.18136649290065],[-119.0419521881634,46.18118155123426],[-119.04185653295521,46.180996607484566],[-119.04143373295587,46.18051274394374],[-119.04103378712313,46.18031724706894],[-119.0405609860822,46.18026382415235],[-119.03975247150015,46.18040373144382],[-119.03918219337602,46.18049274290198],[-119.03863691525186,46.180669660610114],[-119.03801976629451,46.180974644984545],[-119.03746042358705,46.1813469116507],[-119.03695263712952,46.18187328769154],[-119.03671202254652,46.18216957623275],[-119.03643859129693,46.18248648456562],[-119.03595891004768,46.18305735227303],[-119.03554015379837,46.183652094980445],[-119.03551567463171,46.18370201893867],[-119.03546984129844,46.18375845331361],[-119.03505420067411,46.184309783521094],[-119.03487606525772,46.18460823872896],[-119.03472292567461,46.18499460227005],[-119.0345744725498,46.185315848102896],[-119.03458227775815,46.18564252310233],[-119.03469790275796,46.18577710331045],[-119.03493540900763,46.18595943560181],[-119.035113541299,46.186096185601585],[-119.03519897463218,46.18615284705985],[-119.03553795379834,46.18637766580951],[-119.03577138296463,46.18653248039262],[-119.03607140067255,46.186716980392326],[-119.03609484025583,46.186826597058804],[-119.03603719129757,46.18694415851697],[-119.03602139650593,46.18697636685029],[-119.03563386733987,46.18713698976673],[-119.0324115808865,46.189679773096046],[-119.03234756109498,46.18970548455438],[-119.03240387984486,46.189755243929305],[-119.0327106600527,46.1900008626789],[-119.03297874651065,46.19035055642835],[-119.03329261005183,46.19078805017773],[-119.03355852880138,46.19107870121885],[-119.0340407860923,46.19146888871832],[-119.03463476109143,46.19200477517579],[-119.03503147879913,46.19238171059183],[-119.03525545171544,46.19268787621634],[-119.03520259442388,46.19298420017426],[-119.03506308713241,46.19323776267397],[-119.03503257150749,46.19356322934005],[-119.03521676838216,46.193943949131125],[-119.03544347463186,46.194323909547194],[-119.03593177463108,46.19487644079639],[-119.0364211715053,46.19545849183714],[-119.03693347046283,46.19608443766947],[-119.03728991004562,46.19652115850211],[-119.03772427462826,46.19676449287673],[-119.03818699441922,46.19719931370943],[-119.03836958816898,46.1975357512089],[-119.03859851629356,46.19797474287484],[-119.03895061004306,46.1982933834994],[-119.03905029337625,46.19838520954095],[-119.03933270275081,46.198847795998546],[-119.0393944840007,46.198975456415],[-119.03951694962554,46.1992285074563],[-119.03974479962517,46.199637978288976],[-119.04001079649976,46.19992861474687],[-119.04044410691574,46.20014241682987],[-119.04067901316535,46.200167759538154],[-119.04106759649807,46.20019751162137],[-119.04124221941449,46.200197753288116],[-119.04189328295513,46.200337353287864],[-119.04302281524508,46.200876084537],[-119.04570176628253,46.20232360536809],[-119.04798452565406,46.203829351199104],[-119.04846762044497,46.2044131449482],[-119.04919615690216,46.20608105848731],[-119.04926162565202,46.206303045986935],[-119.04930960169361,46.206545595986505],[-119.04938962461017,46.20703709390244],[-119.04938901211018,46.20739227619356],[-119.04938894336014,46.207433597026856],[-119.04932705273528,46.20766285952651],[-119.04930755065199,46.20773510431805],[-119.04920874336045,46.20798334077598],[-119.04900156627747,46.208222807442276],[-119.04861168190304,46.20852984390013],[-119.04829732252853,46.2087926616081],[-119.04806445169557,46.20894696160793],[-119.04781527982097,46.209112062649204],[-119.04727312357181,46.20947540327364],[-119.04677604336422,46.20980578556489],[-119.04644186523973,46.20995107827294],[-119.04614726419855,46.21008953556443],[-119.046062606907,46.210129324105964],[-119.04569837253258,46.210296583480705],[-119.04534995690813,46.210474276188826],[-119.04488608920047,46.21086835014657],[-119.04477143399237,46.21110615222952],[-119.04472086940912,46.21128138452091],[-119.04470305482579,46.21134312722907],[-119.04443414232624,46.211583688687035],[-119.0441475652433,46.21177224389512],[-119.04400827461852,46.21189150118661],[-119.0439812923269,46.21195085639477],[-119.0439694673269,46.21195634389479],[-119.0438199787855,46.212087608477965],[-119.04365903816074,46.2123262376443],[-119.04354636107759,46.21261758139386],[-119.04345069961937,46.21295148660171],[-119.04339570899448,46.213238974101095],[-119.04333150170295,46.21338020743431],[-119.04328644024463,46.213927706391715],[-119.04328224232796,46.21395543555842],[-119.04338881003618,46.214195643891365],[-119.04349169857768,46.2144724157659],[-119.04347594441101,46.21487990326528],[-119.04337431836952,46.21505317722331],[-119.0430894694116,46.21522892930639],[-119.04301460795342,46.215275118889735],[-119.04289139753695,46.21535114180628],[-119.04216363087141,46.215707057430635],[-119.04174365795537,46.21582089909722],[-119.04143834024751,46.21590365743035],[-119.04106323399809,46.21600533243017],[-119.0397424819168,46.21618965222161],[-119.03949563920884,46.21623199388824],[-119.03897550483471,46.21632121472136],[-119.03848858296044,46.2165120720128],[-119.03818553087757,46.2167625647207],[-119.03817432671093,46.21677182409567],[-119.03766000796173,46.21772892721921],[-119.03766397671173,46.21777512826081],[-119.03752370483693,46.2180228115938],[-119.0375568600452,46.218397277218145],[-119.03759546317013,46.218918991800734],[-119.03780086629486,46.219368020966634],[-119.03782641837813,46.21942387825827],[-119.03808028191939,46.21973700429939],[-119.03819038816921,46.21987281471587],[-119.03842475066887,46.22016693763207],[-119.03845348191881,46.220202994923675],[-119.03867602358514,46.22048031888156],[-119.03880263816824,46.22077274596448],[-119.03878817670996,46.220804588672806],[-119.03872777671006,46.22093757200583],[-119.03860636212693,46.221204885547145],[-119.0381811371276,46.221708081379624],[-119.03798887462789,46.22186200117114],[-119.03778753712815,46.2220231824209],[-119.03739987879544,46.222498917836816],[-119.03705192358768,46.222877644919535],[-119.03686188712966,46.22308448866913],[-119.03639805796365,46.22358836575172],[-119.03615187463073,46.223792337626456],[-119.03611718296412,46.2238210824181],[-119.03602764129762,46.22389885116794],[-119.03581800796456,46.224080915751045],[-119.03551286942336,46.22418283241747],[-119.03546665900677,46.22419826575083],[-119.03543673817347,46.22420826158414],[-119.03499364650753,46.22422954700079],[-119.03470533817467,46.22426147095906],[-119.03462411004978,46.22427141262568],[-119.03432109546691,46.224308495959036],[-119.03409015380059,46.22432600220896],[-119.03369651317622,46.2246410897085],[-119.03341957463499,46.224980889707936],[-119.03327279651019,46.225124233457734],[-119.03319604651028,46.22519918658259],[-119.03272178505271,46.225421940748916],[-119.03244761109484,46.22551751991548],[-119.0323978642199,46.22553486158212],[-119.03210905484531,46.225553392832055],[-119.03174507567921,46.225626838665264],[-119.03173270380427,46.225814587623304],[-119.03174011526255,46.22601537720643],[-119.0317545735959,46.226035231372975],[-119.03203747776213,46.227439167829075],[-119.03192725692895,46.22810141157815],[-119.03130961942993,46.22847147616088],[-119.03007426630684,46.228595023035695],[-119.03002514443189,46.22928639282625],[-119.03027105797322,46.229596480325796],[-119.03066899443093,46.22988935532526],[-119.03181563297079,46.23056830636594],[-119.03261977046952,46.231275842823166],[-119.03356128921807,46.232843243862426],[-119.03378622567607,46.233062585528764],[-119.03384243609264,46.23365410531947],[-119.0341273788005,46.233884533444154],[-119.03488056109103,46.23381619698595],[-119.03605567671423,46.233978535527335],[-119.03645657358857,46.23443351052659],[-119.03700190692109,46.23485299490103],[-119.03776032046159,46.235289006358656],[-119.0379928256695,46.235387616775135],[-119.03842712671054,46.23564777094139],[-119.0386071871269,46.235818692816146],[-119.0385928537936,46.23595289594086],[-119.03852907150201,46.23604741260744],[-119.03850136108542,46.236088476149035],[-119.03833518504399,46.23629236364869],[-119.03807156108611,46.2364712001068],[-119.03784552775313,46.23662257302319],[-119.03773672254493,46.23681204177291],[-119.03772486733664,46.23701317510589],[-119.0378683319197,46.23723833031393],[-119.03790296733632,46.23727245010556],[-119.03808944650272,46.237591057396685],[-119.03915059545938,46.23896454176956],[-119.03964550795865,46.240421879267345],[-119.0395670381671,46.24143176884914],[-119.04094169441498,46.24326360738797],[-119.04111704545637,46.24363667613729],[-119.04121511420618,46.244185111553115],[-119.04104250587312,46.24474978030224],[-119.04081056212353,46.245262928218175],[-119.04060876004047,46.24554782300938],[-119.04023281212439,46.24582243238396],[-119.04003759233301,46.245919976133806],[-119.03965221837531,46.24603820009202],[-119.03878890900165,46.2460821803002],[-119.03809552775272,46.24626600113323],[-119.03756784233686,46.246475440716246],[-119.03733357046224,46.246822524049016],[-119.03727663087899,46.24750935738137],[-119.03737799233717,46.24802191154718],[-119.03748221629529,46.24822724175528],[-119.03786674650308,46.248984769879065],[-119.03776653296156,46.249615221961406],[-119.03741193192043,46.25005017925236],[-119.03581718296459,46.25147880529179],[-119.03521450796553,46.25188959904123],[-119.03484719442442,46.25198186674936],[-119.03439649130013,46.252047042790956],[-119.03406400171731,46.25196723445776],[-119.03378800484273,46.25194827195779],[-119.0337026413012,46.25196650424943],[-119.03328522776019,46.25213529695742],[-119.03320975901029,46.25232238237388],[-119.03303296109391,46.2525541334152],[-119.03272694859437,46.2527339729982],[-119.03215844547026,46.25302537508112],[-119.03097787984711,46.25347499695534],[-119.029969978807,46.25389474799645],[-119.02957116734927,46.25407596466281],[-119.02922777568314,46.25418922091264],[-119.02905805380841,46.25429939278745],[-119.02910356318336,46.25448611153718],[-119.02924703922478,46.254711277161725],[-119.02950333609937,46.25485406778662],[-119.02966166422415,46.25495841674473],[-119.02991549443207,46.25503427716127],[-119.03028906109812,46.255215167786005],[-119.03062354026429,46.25538335841078],[-119.03102036318035,46.2556709917437],[-119.03124351422169,46.25596171361821],[-119.03140629963808,46.25618653132617],[-119.03157007463784,46.25643812299248],[-119.0315007975546,46.25665367195047],[-119.03140811005477,46.25677461674194],[-119.03096694130544,46.257083839658115],[-119.0305772621394,46.2573168011161],[-119.02989810797374,46.257554905282404],[-119.02938131526622,46.25777756361538],[-119.02904265901674,46.25792171153188],[-119.02868081735068,46.25792813444849],[-119.02833567880954,46.2578965865319],[-119.02786435901857,46.257879835490264],[-119.02755679131076,46.257885293823605],[-119.02728448610281,46.25786500736523],[-119.02668975797872,46.257938344865174],[-119.02618463714617,46.25806807298994],[-119.02579578506345,46.25824301986462],[-119.02521168193937,46.258604987572426],[-119.02476676527341,46.25881379278045],[-119.02425271006588,46.259111721946624],[-119.02391634235808,46.25931860215467],[-119.02348627673372,46.25943923652949],[-119.02318147152585,46.25951998027935],[-119.02293902985957,46.259524269862624],[-119.0228024475681,46.259551802154306],[-119.02245868506868,46.25955788757102],[-119.02207920069425,46.2595771604876],[-119.02188156527785,46.2596183302792],[-119.02177762361134,46.259745745904034],[-119.02169362048647,46.25992303861204],[-119.02162955277826,46.26015020840337],[-119.02170838506981,46.260324620903006],[-119.02195005590278,46.260496154236144],[-119.02236850381877,46.2605515375694],[-119.02267608610998,46.26054609277775],[-119.02281055381809,46.26053821569443],[-119.02298320381782,46.260528100069436],[-119.0233478371506,46.26059699173603],[-119.02375050173333,46.26071543965242],[-119.02432247777409,46.26100669173536],[-119.02461936319031,46.26120235527674],[-119.02482102777333,46.2613601011098],[-119.02516754131443,46.26150893340132],[-119.02530267985588,46.261566975067836],[-119.02558824964711,46.26161491256779],[-119.02577634339684,46.2616464844427],[-119.02623006422948,46.261676115692644],[-119.02686888297848,46.26181547819242],[-119.02711520485308,46.262112493817035],[-119.0271439402697,46.262400809441544],[-119.02697364547826,46.26269265631607],[-119.02661366110385,46.26310001464877],[-119.02660741214555,46.26338902089834],[-119.0265179590207,46.26359232818969],[-119.02643859131246,46.263895119855825],[-119.02645015693749,46.2642088542304],[-119.02647657672908,46.26443442298003],[-119.0267192048537,46.264631043813075],[-119.02692055485339,46.26469026047963],[-119.0270880308948,46.264812867771134],[-119.02736638818601,46.2649962938125],[-119.02747912256088,46.2651073125624],[-119.02761411422733,46.26533095527032],[-119.02767904651888,46.26561862922824],[-119.02761129443564,46.26574540631132],[-119.02734496631105,46.265888265686094],[-119.0272039100613,46.26599122922759],[-119.02697469235329,46.266158544852374],[-119.02712916943642,46.26641951464367],[-119.02747713922753,46.26652635943515],[-119.02780794131036,46.26665862401823],[-119.02808399651826,46.26677930318476],[-119.02843243193439,46.26689869693455],[-119.0287242694339,46.26695630422615],[-119.0290170329751,46.26703900943431],[-119.02921978505816,46.26713587089253],[-119.02942485693283,46.26729547714233],[-119.02952564443267,46.267333082350504],[-119.02957570276595,46.26741464380877],[-119.02963044130752,46.26766589068333],[-119.02963919339082,46.267706072974995],[-119.0295923215159,46.26790782922468],[-119.02938583297458,46.26820032089083],[-119.02910556943336,46.26845644901541],[-119.02898399651684,46.26859674172362],[-119.02876218505884,46.26896485109802],[-119.02871438297558,46.269141506306084],[-119.02888928818368,46.26946489797229],[-119.02913287464162,46.2696866125553],[-119.02933795380794,46.2698462208883],[-119.02948967359941,46.27003188963798],[-119.02956808089097,46.27019374797115],[-119.02966690172413,46.270418029220735],[-119.02982094234886,46.270666443803705],[-119.03002973609858,46.27092644692828],[-119.03020280172332,46.2711996406779],[-119.03037447776465,46.271435185469215],[-119.03098325797208,46.27173831046874],[-119.03122614443005,46.27184446880186],[-119.03136978088816,46.271907244843426],[-119.03147556005467,46.271907200051736],[-119.0319201048456,46.27209838650983],[-119.03227229338678,46.272318161509446],[-119.03255163609464,46.27252667192578],[-119.032738174636,46.27267404796725],[-119.03294466734404,46.27287129588362],[-119.03309594442713,46.273044410466746],[-119.0332634590102,46.27316700838316],[-119.03364860796796,46.27329828754959],[-119.03403282671735,46.27340446879951],[-119.03428804442531,46.27345015838277],[-119.03454233296657,46.27347074796604],[-119.03482956629942,46.273402844841144],[-119.03502770275747,46.273374201091144],[-119.03520416004886,46.27337978963288],[-119.03534093088199,46.27351931463261],[-119.03549547046511,46.273780272965524],[-119.0355031912984,46.273787871923844],[-119.03572100588138,46.27400229275684],[-119.03608852983916,46.27414643754831],[-119.03663424129667,46.27421205838148],[-119.03723424858738,46.274276712548165],[-119.03727501629568,46.274282644839786],[-119.03792613504464,46.27437739588129],[-119.03834796316897,46.2745205625477],[-119.0388064506683,46.274675633380824],[-119.03925888920924,46.27466756254751],[-119.03940482983398,46.274630911505895],[-119.03992349024986,46.27442927192288],[-119.04015118608281,46.274312583381445],[-119.04048944233233,46.2741558531733],[-119.04053609754062,46.274135290673314],[-119.04084194754013,46.27400049484023],[-119.0409348839983,46.27395953338193],[-119.04134925795597,46.273901903173694],[-119.04182398295524,46.27400644067353],[-119.04190257149679,46.274027753173485],[-119.04217156003808,46.2741006927567],[-119.04250803712085,46.27438350525627],[-119.04259840899574,46.27447728338119],[-119.04273406941216,46.27461806046428],[-119.04290581107858,46.274853584422175],[-119.04307988399496,46.27515185525516],[-119.04305255587002,46.27539093962964],[-119.04291663816188,46.27563196358769],[-119.04272514337053,46.275807007337384],[-119.04261737253735,46.275863349004034],[-119.04224198087127,46.27599563442042],[-119.04166750899714,46.27613147504525],[-119.04145406316417,46.276235747961685],[-119.0414007027476,46.27626181567005],[-119.04131720587272,46.27645167087803],[-119.04141608816424,46.27667594275268],[-119.04144304441417,46.27691405629405],[-119.04163428399723,46.27718690525196],[-119.04186545274683,46.277559505251325],[-119.04189847358013,46.277960760459074],[-119.04179641003861,46.27813838962543],[-119.04165581941383,46.278253919833624],[-119.04148415587247,46.278508137541564],[-119.0413291933727,46.27872438441621],[-119.04126099441449,46.2788386229577],[-119.0411046287897,46.27901722087415],[-119.04091533087332,46.27928431254031],[-119.0408889214984,46.279548493789925],[-119.04076968608189,46.27975154274795],[-119.04076435170693,46.27996045628927],[-119.04090087983167,46.28013291149732],[-119.04106966524807,46.28099836357931],[-119.04097881316488,46.28117557191242],[-119.04097974024825,46.28150585837019],[-119.04099326212321,46.28186978753636],[-119.04122864233118,46.282355330243874],[-119.04157169649733,46.28281383336822],[-119.04191289233012,46.283222138575844],[-119.04221276003796,46.2834930489921],[-119.04238359441275,46.28370347607513],[-119.04246859441258,46.284041011491304],[-119.04220641524631,46.28429684690756],[-119.04194423503839,46.284552685448844],[-119.04171871941374,46.2848204239901],[-119.04134466420602,46.2849903531564],[-119.041129318373,46.28504442919807],[-119.04079099545687,46.28520116357286],[-119.04077895691525,46.285364625030894],[-119.04096462774824,46.28548688753072],[-119.04109749545636,46.28551065732234],[-119.04147518920581,46.285578230238904],[-119.04210919337146,46.285579459405554],[-119.04238117462103,46.28558715732219],[-119.04280074128707,46.28559177503055],[-119.04314277461988,46.285623775030516],[-119.04317948920318,46.28562311982215],[-119.04374330586892,46.285625252113796],[-119.04403537461847,46.2857459500303],[-119.0444902360761,46.285800602113525],[-119.04461091315927,46.28580486878019],[-119.04468888399249,46.28578448961353],[-119.04505043607526,46.28576546253027],[-119.04546722878291,46.2857705625303],[-119.04563835378269,46.28582610107188],[-119.04603444024036,46.28592365732168],[-119.04665969648944,46.286176172946284],[-119.04728496003007,46.286428683362566],[-119.04738509648833,46.28648725419583],[-119.04802434857059,46.28674802294541],[-119.04850112461156,46.28698955627833],[-119.04922108502711,46.287460030236],[-119.0507457360664,46.28863342606748],[-119.05180357773145,46.29002467710698],[-119.05248268606367,46.29078174898084],[-119.0528056548132,46.29130166356332],[-119.05294195377132,46.29142559272984],[-119.05332774231238,46.29156935314626],[-119.05371259647848,46.291688013562776],[-119.05388550793651,46.29167890106279],[-119.05407418606126,46.29166895835444],[-119.05431026210256,46.29160270210457],[-119.05450443189393,46.29154820835468],[-119.05484369126839,46.29141653231321],[-119.05525629960107,46.29130865210497],[-119.05575754126698,46.29114894481357],[-119.05609585689143,46.29099216981382],[-119.05671275689049,46.291018742730465],[-119.0572619485563,46.29117210731362],[-119.05783065584706,46.29136278960493],[-119.0584017183462,46.29161621564619],[-119.05939903813629,46.292125669812044],[-119.05998047042709,46.2926551677279],[-119.06032233500986,46.293075961477236],[-119.06043074230138,46.2935511968932],[-119.06045850375966,46.29430397501699],[-119.06062694230103,46.29470498230803],[-119.06106332980039,46.29488850314114],[-119.0617999152159,46.294896484391074],[-119.06240588813165,46.29469416043305],[-119.0633984297968,46.29416587293394],[-119.06381405687942,46.2937968573095],[-119.06417076104555,46.2934926989766],[-119.06508087875251,46.29322107085207],[-119.066680900625,46.29253291981144],[-119.06813159958108,46.29195377502065],[-119.06916349749618,46.291658646896096],[-119.07059631103562,46.2914200437715],[-119.07127394124286,46.291492825021415],[-119.07247592874104,46.2916411604378],[-119.07330363603138,46.2916261468962],[-119.07428381727988,46.29158709481294],[-119.07498221832043,46.291798181270934],[-119.07553952873627,46.292522763561486],[-119.07589652873573,46.2932050635604],[-119.07598267456886,46.29373156564295],[-119.07568550581937,46.29463238022482],[-119.07497292144545,46.295058590640835],[-119.07416275894673,46.295532485431735],[-119.07350206519779,46.29593019272285],[-119.07220532561645,46.296325653138865],[-119.07060589020222,46.29695158542948],[-119.06959186416213,46.297291384387385],[-119.06792529958142,46.297895535428154],[-119.06776929958164,46.298150911469314],[-119.06781708812326,46.298540358343715],[-119.06765849124851,46.298726901051786],[-119.06654251520855,46.29899963855141],[-119.06563118812666,46.29942938230072],[-119.065183282919,46.29985074688342],[-119.06481480583625,46.30001488125814],[-119.0646206829199,46.300058591674805],[-119.06440408500356,46.3001073614663],[-119.06415472875392,46.30020756042447],[-119.06375119437956,46.30049129688243],[-119.06336401417182,46.30080198021526],[-119.06230865792345,46.301808282296996],[-119.06110238292536,46.303207607294866],[-119.05987538396892,46.304056265626855],[-119.05864060584584,46.30469841666749],[-119.05685502459856,46.305671897916056],[-119.05565757460043,46.306428141664846],[-119.05498895376815,46.30715190728873],[-119.05476586626851,46.3077824312461],[-119.0549044381433,46.30820524791211],[-119.05566474230875,46.30869197603635],[-119.05648284751585,46.30936792603536],[-119.05675300584875,46.30992815415945],[-119.05670802043215,46.310541144783464],[-119.05630202355782,46.31119202394917],[-119.05609269959979,46.31165099999006],[-119.05542181730912,46.31188282498969],[-119.05488381730999,46.312033771864456],[-119.05437314647743,46.312309798947396],[-119.0537719204367,46.31258745207198],[-119.05330358085409,46.312784230196655],[-119.05281201106317,46.312965728113056],[-119.05216549648088,46.31324418540433],[-119.05165245481498,46.31345745519559],[-119.05136610377377,46.31350869061222],[-119.05044714127519,46.313848353111666],[-119.0498242444012,46.31401858019473],[-119.04931301627698,46.31423108019445],[-119.04916036627719,46.314374586444245],[-119.04898399231917,46.314487235402375],[-119.0489143746109,46.31452289686058],[-119.04868056211126,46.314625791652105],[-119.04830129544519,46.31471052706863],[-119.04760536107132,46.31487996665173],[-119.04731398919671,46.3149636697766],[-119.04660126315616,46.31529037185942],[-119.04604407149037,46.31553580415076],[-119.04566564961596,46.31571524373382],[-119.04502140274197,46.31605640727491],[-119.04498664649203,46.316339573941136],[-119.04547785169957,46.31675460102376],[-119.04593882253222,46.31696610831517],[-119.04653797253128,46.317237923939736],[-119.04686838190577,46.31759303748091],[-119.04731491940504,46.31802455518849],[-119.04734459440499,46.31825690831314],[-119.04753799127974,46.31853855727104],[-119.04763455482123,46.31901455831203],[-119.04767168086285,46.319085553103534],[-119.04789729752916,46.320274477060046],[-119.04784635377924,46.32073059997599],[-119.04764511940454,46.321409172891634],[-119.04743744232157,46.321915193724216],[-119.04708689023873,46.3222354124737],[-119.04702894753052,46.32227066143202],[-119.0466657746144,46.323416607263546],[-119.0473170839884,46.32429077809546],[-119.04829320482021,46.32613068538426],[-119.0483294569035,46.327101598924465],[-119.04876977565283,46.328951103088244],[-119.04927336731868,46.33028511662782],[-119.04887789648599,46.33294970829032],[-119.04873966211119,46.33366656766423],[-119.04851470898656,46.334270683288295],[-119.04798942982067,46.33456584995451],[-119.04738169127995,46.33486249057906],[-119.04681730794749,46.33521550099514],[-119.04613136315692,46.33562783641125],[-119.04585449024069,46.33594711974405],[-119.04550793919952,46.33661055515966],[-119.04502385274196,46.33690497078421],[-119.0439995267019,46.33709474370063],[-119.04234931732941,46.33709566661729],[-119.0413630194143,46.33719901140872],[-119.04046342670739,46.33741510099184],[-119.03907438295956,46.33778279369957],[-119.03801516004451,46.338144588490685],[-119.03720330067074,46.33850196349007],[-119.0357338683814,46.33892819786432],[-119.03446102984168,46.33909373640581],[-119.03121652255503,46.33949434369685],[-119.0294932881827,46.33975355619642],[-119.02796248297675,46.33998934473779],[-119.02769562776882,46.340083086404285],[-119.02599053089648,46.340552834320256],[-119.02542835589736,46.34067267702833],[-119.02520599339773,46.34080539994488],[-119.02509383298123,46.34081987390315],[-119.02478253402336,46.340982358277856],[-119.02467855589852,46.34123534890247],[-119.02455753089873,46.341424667652305],[-119.02393599339968,46.34171297911007],[-119.0212652996538,46.34271803119186],[-119.0189476600741,46.3431911478578],[-119.01863767153293,46.34336708848255],[-119.01830888820008,46.34367113327375],[-119.01809277570044,46.343957492648244],[-119.01787781632578,46.34427522493948],[-119.01791490382567,46.344666992647156],[-119.01832249340839,46.34527197077127],[-119.01868710278286,46.34594049681188],[-119.01902560278228,46.34651530097758],[-119.01914868299048,46.346779973893874],[-119.01913826840712,46.34695549264369],[-119.01913469757382,46.34701567285185],[-119.01902894861566,46.34722159993491],[-119.01880762882433,46.34736677910131],[-119.0183127465334,46.347469702017776],[-119.01755180903463,46.3477342832674],[-119.01640692882803,46.34803703014195],[-119.01544498403787,46.348383627016425],[-119.01472702049735,46.348584647849364],[-119.01414381528984,46.34875189264085],[-119.01403648508172,46.34881902493247],[-119.01434836528955,46.34932563743159],[-119.01480528091383,46.34996213534731],[-119.01523769757983,46.35062555409627],[-119.0155884725793,46.351149135345416],[-119.01645075695296,46.35240537076016],[-119.01707395695202,46.35340093430028],[-119.0176566746594,46.35433540304885],[-119.01814305903365,46.355077318672635],[-119.0184844017415,46.35568935408841],[-119.01851963924143,46.35595361658801],[-119.01840065174162,46.356185283254405],[-119.01824245590853,46.356391154087305],[-119.01798620590894,46.35670470929517],[-119.01759529236784,46.35717074158613],[-119.0172288840351,46.357609850960436],[-119.01709807570194,46.35784383429339],[-119.01708362570201,46.35786968429328],[-119.01704941424373,46.357930880126574],[-119.01694348403556,46.358171142626226],[-119.01694373195222,46.358524316583996],[-119.01701517361874,46.35907931241651],[-119.0170660736187,46.359422763457594],[-119.01713459549359,46.35989834366525],[-119.01725344653505,46.36035537908121],[-119.01725766945174,46.360470087414306],[-119.01717170278516,46.360559896789226],[-119.01692167778556,46.36069675303898],[-119.01645628507794,46.36087272283041],[-119.0159526538287,46.36104936658003],[-119.01546144028782,46.36121695824648],[-119.01500058091358,46.361516455121],[-119.0147102736223,46.36194538637033],[-119.01430914549798,46.362482221786195],[-119.01383575174867,46.3631351134518],[-119.01332443508285,46.36379749886754],[-119.01303766841659,46.36432348740833],[-119.01288332154184,46.36463523636616],[-119.01296228820836,46.36504882907396],[-119.01305724654156,46.3655504353231],[-119.01308198924988,46.36587668740595],[-119.01302701424994,46.36611605198887],[-119.01294362675009,46.36627644990524],[-119.01261838300059,46.36644993636333],[-119.01234250279272,46.366578405113145],[-119.01176200383526,46.36674755407125],[-119.01094061425317,46.36695625615429],[-119.01004403404626,46.367201590528865],[-119.0094396465472,46.367415293653615],[-119.00930493613072,46.3675677624033],[-119.00933192467234,46.367955781152745],[-119.00925908404749,46.36875171135979],[-119.00921250279754,46.36922049156738],[-119.00920008613086,46.369520788441946],[-119.00826953821566,46.36987023427474],[-119.00820658717406,46.36989954781633],[-119.00805883404932,46.370128122815956],[-119.00775652154984,46.3705415498987],[-119.00736527988374,46.371003626981306],[-119.00694389967607,46.371262173855925],[-119.0067236007181,46.37143870614731],[-119.0064324382185,46.371537997813796],[-119.00586817780272,46.37161068739702],[-119.00519462467878,46.371795169688404],[-119.00460999447137,46.37193099781318],[-119.00378009238932,46.37218099989622],[-119.00282510280744,46.37273142593693],[-119.00249712259959,46.372930556144986],[-119.00226552572498,46.373125474894664],[-119.00191316739222,46.373531678018985],[-119.00138721426801,46.37442235093435],[-119.00134196322642,46.37455461864242],[-119.0013364621848,46.37481377593371],[-119.001402429893,46.37537770509943],[-119.00148704551789,46.375831428015516],[-119.00129854864316,46.37625854259812],[-119.00098583406032,46.37638959051458],[-119.00067483614413,46.37656769884765],[-119.00044268093615,46.37680246030561],[-119.00027830801976,46.37710471030517],[-118.99995802156188,46.37769363217923],[-118.99979447364545,46.37850698946966],[-118.99983565281207,46.37939952696831],[-119.00004231114508,46.38020785092531],[-119.00076554656066,46.38092176550761],[-119.00325018822342,46.38204839988087],[-119.00463410384629,46.3828214238379],[-119.00486461426262,46.383126522795784],[-119.00476574342946,46.383456097795296],[-119.00474468197116,46.383473343628594],[-119.00474090280449,46.38355999987845],[-119.0044594382216,46.38392595925292],[-119.00399490593067,46.38424803841906],[-119.00336825072327,46.38447877696041],[-119.00285722259906,46.38477027383492],[-119.00252409239125,46.38496447175126],[-119.00230774030827,46.38525080300086],[-119.00227215801665,46.385518269667095],[-119.00237029030814,46.38572060820848],[-119.00269281114099,46.38585622904157],[-119.00310026634868,46.385833393624914],[-119.00335019030668,46.38584471133328],[-119.00351690593139,46.386061543624585],[-119.0034784580148,46.38625057695765],[-119.00330687051502,46.3865204300822],[-119.00313298405695,46.38672753424857],[-119.0025986934328,46.38700373945643],[-119.00217601947516,46.38723089883106],[-119.00199677780876,46.387327226955996],[-119.00175334135075,46.38745805403908],[-119.00144687468456,46.38776165924696],[-119.0011438444767,46.388159383204616],[-119.00111169551842,46.388520970704114],[-119.00134813926809,46.38878367382874],[-119.00171486843418,46.388887131120235],[-119.00214444030848,46.38884821341191],[-119.00245664968304,46.38870147591214],[-119.0029042996823,46.38853666549573],[-119.00299719343217,46.388507168620755],[-119.00321822572351,46.38843698424587],[-119.00339556218161,46.38832399987112],[-119.00350661113977,46.388259265496195],[-119.00386587259749,46.38815878841304],[-119.00420648718028,46.388168513413056],[-119.00458125697139,46.388491573829135],[-119.00486707988763,46.38886328424523],[-119.00510469238725,46.38915735299479],[-119.00533886009521,46.389357304036174],[-119.00559684967818,46.38958822695251],[-119.00582699446949,46.38967836966064],[-119.0061874121772,46.38960925820241],[-119.00654495488499,46.389461712369304],[-119.00717337780071,46.389278016536245],[-119.00726619655057,46.38925478007798],[-119.00760169446669,46.38917079361973],[-119.00764541321668,46.389159849869834],[-119.00818832884079,46.389118920703154],[-119.00845977050705,46.389114149869854],[-119.00952670696371,46.389504752994235],[-119.01010558925445,46.38989402695204],[-119.01026651737926,46.39006166653504],[-119.01036408717073,46.390218889451496],[-119.01056912883713,46.39054929257591],[-119.00994978092136,46.391337730074746],[-119.0089058569647,46.39182778944907],[-119.00787319550794,46.39240824361469],[-119.00770482884157,46.39255736132281],[-119.0076577007166,46.39258192590609],[-119.00760146217506,46.39264891028102],[-119.00747483717521,46.39279972694749],[-119.00739390592538,46.39289612278065],[-119.00736824030042,46.393134697780255],[-119.00754719030012,46.39332205611336],[-119.00779754654974,46.3935795967379],[-119.00808579029928,46.3939317217374],[-119.00833789759054,46.39423685507024],[-119.00869581217337,46.394611566528],[-119.00895141946461,46.395011886319026],[-119.00903768196447,46.39548662069334],[-119.00902879550614,46.395680620693],[-119.00899947050618,46.3963207279836],[-119.00896213196462,46.39717863631573],[-119.00899882779788,46.39817811548079],[-119.00896236217297,46.39905981860442],[-119.00889062675641,46.399918329019755],[-119.00884454863144,46.40053826339378],[-119.00876756529824,46.40125398839268],[-119.00861476113181,46.401765396725224],[-119.00866928821505,46.402327277974294],[-119.00869899550669,46.40313638005644],[-119.00891412883965,46.40337072484774],[-119.00960824029694,46.40352521234747],[-119.01050962467053,46.40369986130554],[-119.01105952050301,46.40387880922185],[-119.01142913091911,46.404251761304685],[-119.01206434237645,46.406600692550995],[-119.01245710800085,46.40863962067293],[-119.01256448716731,46.40959170192134],[-119.012773574667,46.41144545921021],[-119.01292225904179,46.41226073733388],[-119.01300627466662,46.41253159670852],[-119.0131599809164,46.41269897483325],[-119.013405355916,46.413051839416006],[-119.01357332362409,46.41340606858214],[-119.01358186737411,46.41363808837345],[-119.01343492570766,46.41385498941483],[-119.01343069341601,46.41389982170637],[-119.01339777362438,46.414248547747476],[-119.01336127883275,46.41465995608019],[-119.01348486841592,46.415211418579375],[-119.01364890070734,46.41545855920394],[-119.01386651529032,46.4157583352452],[-119.01411519758159,46.41620043628616],[-119.01438837674785,46.416606388368876],[-119.01455110070593,46.416817832118525],[-119.01476083508061,46.41690343211839],[-119.01509492049671,46.41719013940962],[-119.01510749341338,46.41720093211793],[-119.01593774862046,46.41800782065835],[-119.01634129861979,46.41844718732432],[-119.0164782288279,46.418659083157294],[-119.01656618091113,46.418943282115194],[-119.01660251945277,46.41922838940647],[-119.01643569341132,46.4196063779475],[-119.01614641007843,46.42016511752998],[-119.01601722987034,46.42086390919559],[-119.01568355695419,46.421619884194406],[-119.0156476454959,46.42214542377692],[-119.01543519757956,46.42258866648459],[-119.01539608091292,46.422928681067425],[-119.01553696737109,46.42324766648355],[-119.01580756112064,46.42358221960805],[-119.01590184862052,46.42376862273272],[-119.01605827153692,46.42407786023225],[-119.01627856841158,46.42444902064833],[-119.01634730382811,46.424912150855974],[-119.0162810642449,46.42521692793883],[-119.01596067570375,46.42563334043812],[-119.01593374445379,46.42576582897966],[-119.01598019445368,46.42615239252067],[-119.01604925070359,46.4262763123122],[-119.0167133913276,46.42697455710278],[-119.0168028204941,46.427161680019154],[-119.01693448716054,46.42752710918523],[-119.01692651007721,46.4276285685601],[-119.01689932986892,46.42797421022618],[-119.01666787361931,46.42842120501715],[-119.01661066632771,46.42855079980862],[-119.01633200903649,46.42869858939173],[-119.0160262204953,46.428811138349836],[-119.01567012570418,46.42896029147459],[-119.01561916007928,46.428979049807964],[-119.01536959966296,46.42921562064094],[-119.01522068091323,46.42928103001587],[-119.01511542987168,46.42932725709909],[-119.01478185278887,46.4293867143907],[-119.0143695204979,46.429411839390646],[-119.0143485361229,46.42942296855726],[-119.01429555903962,46.42941983939065],[-119.01406522466499,46.42947747480714],[-119.01401405383177,46.4296658987652],[-119.01396731945681,46.429974795639744],[-119.01400098299843,46.430362641472485],[-119.0139929684151,46.43067085501369],[-119.01394228924852,46.43087266543006],[-119.01393992049856,46.4309739820965],[-119.0139347684152,46.431194264387806],[-119.01380369029039,46.43131712376265],[-119.01349738924922,46.4314162800125],[-119.01328644133287,46.43150462688738],[-119.01323030070796,46.431528139387375],[-119.01298503508337,46.43170658626209],[-119.01264691112557,46.431993822719974],[-119.01226858716781,46.43224158313623],[-119.01188878091843,46.43244918626093],[-119.0113347319609,46.43265985084398],[-119.01130053196096,46.43266640605222],[-119.01094999341986,46.43273359146885],[-119.01056476112876,46.43279394459372],[-119.0105133163372,46.43279795084375],[-119.01040938821234,46.432783285218726],[-119.01008124967119,46.43281584355207],[-119.00956344967199,46.432958889385134],[-119.00924072363084,46.433138690426524],[-119.0089934684229,46.43326358625968],[-119.00875113508994,46.43352233730094],[-119.00868002467337,46.43358448105086],[-119.00856343404854,46.43368636959235],[-119.00830124238229,46.433932076883565],[-119.00776701529982,46.43415577167491],[-119.00726511425889,46.43420476959149],[-119.00674581634303,46.434307645633055],[-119.006343174677,46.43442186854952],[-119.00600691842749,46.434557528965975],[-119.0059613653026,46.434575907090924],[-119.00575822155294,46.43484736021553],[-119.00553522571995,46.435105766465156],[-119.00523871113707,46.43547261854791],[-119.00517502051211,46.43584878000561],[-119.00523948822037,46.43602177688038],[-119.00540420592847,46.43628677687998],[-119.00556449967821,46.436431302921385],[-119.00587008613604,46.436568121671236],[-119.00593875696926,46.43659886646278],[-119.0062742903021,46.43676710500413],[-119.00659194030163,46.43697584042056],[-119.00667970905147,46.43725558312845],[-119.00666348196819,46.43732611958663],[-119.00658830800995,46.43740452791991],[-119.00642142363523,46.43760837166953],[-119.0062550319688,46.437825602919254],[-119.00624795592715,46.43816058833546],[-119.0063033923854,46.43861502791795],[-119.00633995592699,46.439083190417286],[-119.00650105592673,46.4397768747912],[-119.00641093196856,46.44048836229009],[-119.00640778926021,46.44093043312272],[-119.00646814655182,46.44151872895525],[-119.00661810592658,46.4419489122878],[-119.00662752988488,46.44235576853721],[-119.00664174134317,46.442377608120545],[-119.00663662884317,46.4424131997871],[-119.00674524655136,46.44273275811998],[-119.0068702809262,46.44297166332792],[-119.00704701217593,46.44303553311949],[-119.00706820488422,46.443032953952816],[-119.0074328121753,46.442988577911244],[-119.00766320904994,46.44293095291129],[-119.00799140800774,46.44289840186965],[-119.00814926946585,46.44297599353624],[-119.0082926892573,46.443187786244266],[-119.00843610904873,46.44339957582721],[-119.00850256842365,46.4436261143685],[-119.00859183613183,46.44394601332641],[-119.00865977050671,46.44421270811766],[-119.00880368717317,46.444437883117274],[-119.00924151529749,46.44475165707512],[-119.0092900934224,46.4450186914497],[-119.00916094133932,46.445195089366074],[-119.0089518705063,46.44530591853268],[-119.00878054238156,46.44538929665749],[-119.00866927675673,46.44552519561562],[-119.00859821529849,46.445700570615365],[-119.00854996529858,46.44596930707326],[-119.00845953925706,46.44614502373972],[-119.00821925279904,46.44640152894764],[-119.00820486946577,46.446407671655955],[-119.00806994654931,46.446465298739135],[-119.00796781113279,46.4464828820725],[-119.00778559342473,46.446514248739106],[-119.0075925267584,46.44649392686409],[-119.00741479655034,46.44680646957199],[-119.00732754342545,46.44702777790495],[-119.0072244028006,46.44724936540463],[-119.00705569550924,46.447417158112636],[-119.0067956965513,46.44769644352889],[-119.0067679559263,46.44780681852875],[-119.00680780175959,46.44802589665345],[-119.00697595800933,46.448275687277985],[-119.00716897467572,46.448485767486034],[-119.00721190071732,46.44857793102753],[-119.0073518882171,46.44869602269399],[-119.00747546113361,46.44889477061038],[-119.00748628509187,46.44918925706828],[-119.00726963509221,46.449621683109235],[-119.0070088392593,46.44990754248381],[-119.00655634446832,46.45025034769161],[-119.00632769238537,46.45088389664892],[-119.00632897676036,46.45144643935648],[-119.00634363613533,46.45184550393913],[-119.00638379342695,46.45194944352229],[-119.00669015696815,46.452376035188315],[-119.0068878413428,46.45261366643796],[-119.00721773092563,46.45288915497918],[-119.00735325696705,46.45301737268735],[-119.00746272780026,46.453128745603784],[-119.00748915175853,46.4531556268538],[-119.00766440071664,46.453392358103414],[-119.00767268613329,46.453403550811714],[-119.00774900384148,46.45350266747823],[-119.00786890071629,46.453601020603024],[-119.00795937675782,46.453689843519605],[-119.00799319238276,46.45371758310285],[-119.00801932363272,46.453739020602896],[-119.00810770800757,46.4537709539362],[-119.00815190175753,46.453786920602816],[-119.00821332571576,46.45387625289432],[-119.00815854550751,46.453967628935835],[-119.0079726642578,46.45405125914405],[-119.00780056946638,46.45411455810225],[-119.0076895309249,46.45425714664373],[-119.00765487884162,46.454302962268684],[-119.00755091738348,46.45444040706012],[-119.00751176634186,46.454561644559924],[-119.00745735488357,46.45466305705977],[-119.00730052155052,46.45474617685132],[-119.00718837363398,46.45485865080948],[-119.00722369863394,46.45502880914262],[-119.00730296946716,46.45520824143392],[-119.00741129550869,46.45538716330866],[-119.0075166684252,46.4554857716418],[-119.00754555071677,46.455497067475164],[-119.00766414550827,46.45554345601675],[-119.00782651738302,46.45561092684992],[-119.00790210071627,46.455689964349844],[-119.00796426425781,46.455799375808034],[-119.00792696321622,46.45597081018277],[-119.00787402675797,46.45611238309924],[-119.00785014029964,46.456253442473965],[-119.00784078404969,46.45639424768211],[-119.0078168975914,46.4565353091402],[-119.00789248300792,46.45661434872344],[-119.00800228404945,46.45668462997329],[-119.00817328509083,46.456740012264916],[-119.00842614238208,46.45689630288962],[-119.0085322590486,46.45701498830609],[-119.00857017467354,46.457255420597406],[-119.00857829967349,46.45747628622204],[-119.00847205696533,46.45774938830503],[-119.00844964863204,46.457930607054706],[-119.00848608925702,46.45813088309604],[-119.00831016529897,46.45848557476216],[-119.00814802571585,46.45881993622003],[-119.0079426725912,46.459165099761144],[-119.00780810696637,46.45945879246898],[-119.00780433925803,46.459603041427165],[-119.0076706902999,46.45972346434357],[-119.00762725800831,46.45974391121857],[-119.0074749569669,46.45988656538498],[-119.00731737155047,46.45994960705154],[-119.00710389134245,46.4600739049681],[-119.00686356738453,46.460258947676074],[-119.00672235280136,46.460371929967586],[-119.0065669788433,46.46049520496741],[-119.0061951663439,46.46066246330047],[-119.00596752155258,46.46079705392525],[-119.00563522988641,46.460853112258505],[-119.00537557676182,46.4609078966334],[-119.00527425488694,46.46091972059178],[-119.0050879767623,46.46099330600831],[-119.00477352884612,46.461139462258046],[-119.00457456426307,46.461263501841216],[-119.00430001322182,46.46130849767444],[-119.00408541322219,46.4614026726743],[-119.00391918718076,46.461626592465656],[-119.00382449238924,46.46181912267365],[-119.00377301426431,46.46200085079837],[-119.0035293548897,46.462095532048224],[-119.00325701009842,46.46220076225643],[-119.00298244968222,46.46224575600634],[-119.00267846843269,46.46228121954793],[-119.00255139864122,46.46238390183946],[-119.00245632884968,46.46256639246414],[-119.00237579030812,46.46274862788055],[-119.00220697468342,46.46290226954694],[-119.00208321739196,46.463095309130054],[-119.0021788548918,46.463324684129674],[-119.0023002361416,46.463463201837776],[-119.00251173405793,46.463680504962475],[-119.0028092986408,46.46386616225381],[-119.0030446996821,46.46394240496205],[-119.0032492028068,46.46396895808694],[-119.0033913080149,46.4640366362119],[-119.00341196113989,46.464046472670205],[-119.00356498509795,46.4642547528782],[-119.00366210488949,46.46452428725282],[-119.0036681611395,46.46454492891943],[-119.00376970072267,46.46468313412756],[-119.00392493718074,46.46495164871051],[-119.00406380280555,46.46517022266849],[-119.00424773197194,46.465428188293046],[-119.00438623301335,46.46563672266769],[-119.00451020488818,46.46584551016745],[-119.00451079134648,46.466257376833425],[-119.00430354447185,46.46655233933299],[-119.00413767363875,46.466786300790986],[-119.00381787468092,46.46718369037365],[-119.00371264030606,46.46736942058168],[-119.00359941009793,46.46756926016477],[-119.00348907259807,46.46773192474778],[-119.00334030176498,46.46803590599734],[-119.00320569030686,46.46832959349683],[-119.00298242780718,46.468584648704855],[-119.00287282051575,46.46876739349624],[-119.00273488926594,46.468970724745866],[-119.00260964759947,46.46912360495401],[-119.00249893405795,46.469276232037075],[-119.00247576739133,46.469437369536834],[-119.00257215384948,46.46968682682814],[-119.00266780697439,46.46991620391108],[-119.00280668197415,46.47013477786909],[-119.00282778926578,46.47018336432735],[-119.002913919474,46.470283586202214],[-119.00305749239045,46.470544572660145],[-119.00311644134867,46.47065173203497],[-119.0031309236403,46.47067860495154],[-119.0032880673901,46.47097019036781],[-119.00344295176482,46.47122866640908],[-119.00367491322282,46.47160634140847],[-119.00380516218092,46.47198579765792],[-119.00407245697222,46.47253362994871],[-119.00417070280537,46.47283328098988],[-119.00414975176376,46.47305465598963],[-119.0040270830139,46.473277812239154],[-119.00405377988888,46.47360885494707],[-119.00412038509711,46.473838740363355],[-119.0041619809304,46.47417956744614],[-119.00417562363869,46.474551023695554],[-119.00418336634704,46.474761847653554],[-119.00408644030551,46.474894143486694],[-119.003988014264,46.47499351327815],[-119.00393478509739,46.47509969140299],[-119.00392054343075,46.475128102861404],[-119.00386472155584,46.475222717444524],[-119.00377138822267,46.47531999452767],[-119.00371567884775,46.47549241952742],[-119.00380201634762,46.4755909164023],[-119.00392425801407,46.47565253619392],[-119.00407593301384,46.475728988277105],[-119.00424860905527,46.4759259851518],[-119.00437942988839,46.47610942577645],[-119.0046193590547,46.476448116400945],[-119.0045641767631,46.476634818484],[-119.00454674447143,46.47665298515065],[-119.00442474863831,46.47678013723382],[-119.00434574759674,46.47688153202528],[-119.0044585278049,46.477136726816546],[-119.0045061569715,46.477307340357996],[-119.00452946426317,46.47745513931613],[-119.00451617259648,46.477488463274405],[-119.00427724238854,46.47771365910736],[-119.00387486009748,46.47797091327356],[-119.0038276809309,46.478081676815044],[-119.00370090801442,46.47823311535658],[-119.00344994655649,46.478435862231265],[-119.00315557884865,46.4786294528559],[-119.00283106322411,46.478783899730594],[-119.00243262676639,46.47888013306385],[-119.00214605593351,46.478895071605514],[-119.00184186322565,46.47882105806393],[-119.00156963718439,46.4788357403556],[-119.00138676530969,46.47893811743873],[-119.0014065663513,46.4790865330635],[-119.00154950280943,46.4794608913963],[-119.00162996322598,46.4796975028543],[-119.00183773197561,46.479882297645666],[-119.00200172989209,46.48004802264539],[-119.00208110280865,46.48025489972838],[-119.00211743614189,46.480462529936446],[-119.00205406322534,46.480691741394374],[-119.00194765072547,46.48092170597728],[-119.00195710489216,46.48117939347697],[-119.0021427309335,46.48154308826804],[-119.00214038510018,46.481870404934206],[-119.00241392051642,46.48228214660024],[-119.00265330801606,46.48254572576649],[-119.00278898509919,46.482721863266214],[-119.00271163093265,46.48296123722415],[-119.00245809864134,46.4830946049323],[-119.0023333309332,46.48321579972378],[-119.00226777572499,46.483385545556914],[-119.00233062468324,46.48353320493164],[-119.00259580072448,46.48371699243141],[-119.00316774968188,46.48404416430583],[-119.00350503613974,46.48423660493046],[-119.00370066426444,46.4844811132635],[-119.0039801965557,46.4846646445132],[-119.00430205072185,46.48482759867961],[-119.00451421530481,46.48513131951251],[-119.00450569342985,46.48529014867894],[-119.0045427673881,46.48551760076188],[-119.00452026113818,46.485686590344926],[-119.00431231530513,46.48588858513632],[-119.00408601738883,46.485981810136124],[-119.00397685280569,46.486028776802705],[-119.00394677155573,46.4862895757607],[-119.00387195488916,46.48650519555197],[-119.00367468405615,46.486765823676656],[-119.00337195488994,46.48697115075963],[-119.00298496634889,46.48713509138435],[-119.00271780905763,46.48718263409264],[-119.00255558405786,46.48727119867589],[-119.00239493093312,46.48740259763393],[-119.00191138822555,46.4877539611751],[-119.00175125489243,46.48789963825816],[-119.00160655280932,46.48790217159148],[-119.00145713614292,46.487776200758354],[-119.001408983018,46.48759130909203],[-119.0013210559348,46.48744997575886],[-119.00110596010177,46.48722514346758],[-119.00101410906025,46.48705155700949],[-119.00074564239401,46.48698856430128],[-119.00052420176934,46.48707709242613],[-119.00045616114448,46.48716439659266],[-119.00028736635308,46.48725991117587],[-119.00011420906166,46.48723649242588],[-118.99995679343692,46.48712023930109],[-118.9998170538538,46.486964003884644],[-118.99950610072926,46.48683721013479],[-118.9990650986466,46.48681847575982],[-118.99846862260587,46.48673634034332],[-118.99822329656462,46.4868331903432],[-118.9979210580234,46.48694425805131],[-118.99755754969063,46.48695060909302],[-118.99731925802435,46.4867167549267],[-118.99710058406633,46.4864957778437],[-118.99682354865011,46.48624937576076],[-118.99658913094214,46.48612123721926],[-118.99632854135922,46.48632413721899],[-118.99616409448448,46.48653857992691],[-118.9957552809434,46.48687629763472],[-118.99550625281883,46.48722081221757],[-118.99598583302641,46.48845071846572],[-118.99599476531809,46.48869476429857],[-118.996041852818,46.488921645548245],[-118.99605214031794,46.489202746589534],[-118.99613749969285,46.48941556742251],[-118.99624370906766,46.48966820283871],[-118.99640512260908,46.489839512213486],[-118.99664209760874,46.48995592262996],[-118.99677521844181,46.49001020492158],[-118.99679959135847,46.4900201445049],[-118.99680408615012,46.49003853408821],[-118.99680799760849,46.49005454033814],[-118.99684521531675,46.49020686950458],[-118.99677749344183,46.49047593721257],[-118.99662881844206,46.49065266117063],[-118.99643843927574,46.490749744503766],[-118.9960925257346,46.49083615075363],[-118.99593038615149,46.49088065075357],[-118.99572771740179,46.490936278878415],[-118.9955751184437,46.491005914294995],[-118.99550249240212,46.49114112575313],[-118.99545463302724,46.49142324137773],[-118.99553852469376,46.4915959028358],[-118.99569994136016,46.491767212210505],[-118.99582301010996,46.49185810179376],[-118.99600736219303,46.492130190334905],[-118.99601846740137,46.49243360179281],[-118.99590036010989,46.49273926741733],[-118.99562458823527,46.49297624970864],[-118.99543516427724,46.49303974970856],[-118.99536031219407,46.493085784083455],[-118.99523002573589,46.49323539449987],[-118.99517824865268,46.493410424707974],[-118.99510708823614,46.49358579345763],[-118.9949971621946,46.493761837207416],[-118.9948479830282,46.49392517262386],[-118.99481007365324,46.493936419498795],[-118.99478186011163,46.493973206998746],[-118.99424503719577,46.494143301790125],[-118.99344586948865,46.49421081637334],[-118.9928494163646,46.49407625179027],[-118.9926375684483,46.49402845595699],[-118.99219302782392,46.493893328873824],[-118.99177172157458,46.4936863611659],[-118.99133044240864,46.49364046949925],[-118.99091956949259,46.4937190611658],[-118.99030260282689,46.493819098665625],[-118.98994886220243,46.49380087054064],[-118.98960409449468,46.49372186845748],[-118.98956781532804,46.49371663408249],[-118.98933726845337,46.49368338095751],[-118.98927264657853,46.493674058040895],[-118.98888500699577,46.49368080283257],[-118.98853808407962,46.49374041324912],[-118.98838614970488,46.49380822470731],[-118.98819457678849,46.49389372366552],[-118.98796736012217,46.49404501324865],[-118.9875676538728,46.49425287678997],[-118.98712674345683,46.494394485123095],[-118.98666254345754,46.49442933824806],[-118.98643152574954,46.49442369241472],[-118.98602195387518,46.49441367887309],[-118.98564635908413,46.49442669553981],[-118.98524715179308,46.49444052887304],[-118.98497969658513,46.49455232678954],[-118.9847860570021,46.49464065908096],[-118.98426982679457,46.49503121845543],[-118.98405480179491,46.49525149137176],[-118.98365604450386,46.49548611220469],[-118.98343212471259,46.495562252829664],[-118.98330959242107,46.495559094496315],[-118.98284440596348,46.49556716324629],[-118.98243931638075,46.495627764287846],[-118.98190292471492,46.49581119032921],[-118.98156326221543,46.49593592782905],[-118.98146828929896,46.49597473824562],[-118.98136001013245,46.4960189830372],[-118.98056692992532,46.49643818303665],[-118.97987598305139,46.49675485699441],[-118.9796029174268,46.49686238720261],[-118.97932819555227,46.49692249657752],[-118.97905549867768,46.496910122619134],[-118.97860065597008,46.49680712574431],[-118.97813621638744,46.49665441324458],[-118.97798081638769,46.4965936330364],[-118.97723271326385,46.496301031995145],[-118.97672353097295,46.49615807782866],[-118.97668399034804,46.496146976787074],[-118.97619492680714,46.496123056995415],[-118.9757487111828,46.49618223616199],[-118.97537078305841,46.49631141324514],[-118.97476752576767,46.496580287203024],[-118.97434152056003,46.49686601011926],[-118.97385457056077,46.49730673824362],[-118.97365014764439,46.497621562201395],[-118.97336587264482,46.49803698615912],[-118.97329899660326,46.49812862261727],[-118.97251353722947,46.49887789032452],[-118.97195138514707,46.499339928865375],[-118.97171074868908,46.49959472365669],[-118.97132638931471,46.49983539761468],[-118.97107797785674,46.49999094136438],[-118.97091072369035,46.50014450698913],[-118.97058882160746,46.5004400611554],[-118.97013939452482,46.50070925803003],[-118.9686493549438,46.50149008198706],[-118.96820958515288,46.50178596323661],[-118.96797083411155,46.50190738198641],[-118.96770792265364,46.50200516323628],[-118.96734055077917,46.502109859069385],[-118.96710655390456,46.50215860281937],[-118.9665794351554,46.50226840490254],[-118.96589086744814,46.50245192781895],[-118.9649254768246,46.502698493443546],[-118.9641157476592,46.50290529448491],[-118.96376659140975,46.50303259135964],[-118.96311808724408,46.50335196427587],[-118.96269398828639,46.50353087677563],[-118.96225170703708,46.50368537156702],[-118.96187187682938,46.50377342260855],[-118.9615783799548,46.50379312573354],[-118.96128195287196,46.50377601948356],[-118.96058450912301,46.503690698650374],[-118.95893167787557,46.503488484067276],[-118.95853600183453,46.50346960281731],[-118.95813650600184,46.503480408025666],[-118.95784459350227,46.50351435073396],[-118.9574668268362,46.50359933094218],[-118.95691804767038,46.50376196740021],[-118.95649364350436,46.50391501323328],[-118.95596756225518,46.5040733778164],[-118.95511969663154,46.50423075073286],[-118.95407745392481,46.50401639864984],[-118.95326209559272,46.503637433025425],[-118.9523976101774,46.50333073302594],[-118.95151111955374,46.503131559067874],[-118.9508946080964,46.503249233026025],[-118.95020501955584,46.50349316531731],[-118.9495154226819,46.50373709344194],[-118.94879997476632,46.50398145594155],[-118.94795846539263,46.50431725906605],[-118.94681250289436,46.50481897052353],[-118.94652407581152,46.50496423823166],[-118.94625530289527,46.505149917398],[-118.94561736643794,46.505392942397684],[-118.94556014143802,46.50540346218933],[-118.94497496748056,46.50551102677255],[-118.94431180602326,46.50577233198047],[-118.94393807373218,46.50617158614656],[-118.94389934977393,46.50620154968814],[-118.94356051748275,46.50646374760434],[-118.94310795290016,46.50682862052053],[-118.94255452685934,46.50726664031141],[-118.94212897581832,46.50752669031106],[-118.9420735549851,46.50756055489431],[-118.94159321436081,46.507872316352156],[-118.94108320498664,46.5080774257268],[-118.9403121466545,46.50821552572671],[-118.939540661239,46.508169551768425],[-118.93937899873924,46.508159920518416],[-118.93878317165682,46.508134304893424],[-118.93802463207471,46.5078971382271],[-118.93732033415914,46.50773048406074],[-118.93651010395205,46.50749418301944],[-118.93586066124469,46.507366987186295],[-118.93576081020319,46.50734742676971],[-118.93574725186988,46.50734589968639],[-118.93398452166429,46.507147006978244],[-118.93309750187403,46.50705432677009],[-118.93284689979107,46.50703825177015],[-118.932249824792,46.50697691010358],[-118.9321703789588,46.50694908197866],[-118.93190934875088,46.506857648645386],[-118.93128136854352,46.50665394968738],[-118.93075742166934,46.50646634760439],[-118.93013639875363,46.50645897364606],[-118.93009011437869,46.50646393927103],[-118.92954375396289,46.506522552812605],[-118.92887797896391,46.506712378853976],[-118.9283433435481,46.506953561145274],[-118.92731944563297,46.50725656947819],[-118.92650044667592,46.507502539269346],[-118.92506103313652,46.507758948644046],[-118.92405413209639,46.507811615310644],[-118.92345877480562,46.50772724447739],[-118.92320035188936,46.507690621560855],[-118.92304030397298,46.50766794031085],[-118.92270557897348,46.50755515697766],[-118.92233353418237,46.507429798644495],[-118.92186067897477,46.50722343822827],[-118.92125606335071,46.506947853853596],[-118.92060415606005,46.506798075728895],[-118.92040206960206,46.50679449760385],[-118.92008652897755,46.506788909062195],[-118.91964959460324,46.506867681978754],[-118.9190896946041,46.507127108020015],[-118.91880748210451,46.50730504239474],[-118.91867963731306,46.50735722676962],[-118.91820631127212,46.507627099685976],[-118.91613309773368,46.508495281976195],[-118.91436418106976,46.50919164864178],[-118.91126262378295,46.51024363718182],[-118.90926063524434,46.51118193926376],[-118.90760578003857,46.51218585072048],[-118.90519998941734,46.51341656217695],[-118.90282357796269,46.51450386113356],[-118.90080007067415,46.515114108007566],[-118.90040014984146,46.51523471009075],[-118.90025371859167,46.51526429134075],[-118.89834507901129,46.51564983821506],[-118.89714185297152,46.51576505592329],[-118.89625218630619,46.515970308006224],[-118.89553570922396,46.51619649654763],[-118.89516230089123,46.516369370505686],[-118.89469126130865,46.51671054342186],[-118.8935726633937,46.517276748629214],[-118.89289972276976,46.51776413092018],[-118.89208804777098,46.51822999133615],[-118.89138045818879,46.51858442466886],[-118.8910457727726,46.519009215293224],[-118.8902194008989,46.520046792374885],[-118.88934944360858,46.52082315279042],[-118.88861572173471,46.52154963299761],[-118.88764228631959,46.522327687163106],[-118.88734076132006,46.52267068820419],[-118.88711126236205,46.522931752787116],[-118.88665330194611,46.523653667369324],[-118.88636772277988,46.52437273611824],[-118.88628907798837,46.524779375700916],[-118.8861921644468,46.525280486116806],[-118.88612662903029,46.526376916323436],[-118.88618830194685,46.52716169132221],[-118.88619983840518,46.527494868405036],[-118.88628610298832,46.527993496529255],[-118.88633241444658,46.52842549444528],[-118.88627000090503,46.52844833402851],[-118.88600297069712,46.52878395798639],[-118.88524861757327,46.529915560068005],[-118.88452130715774,46.53083240069154],[-118.88437863944968,46.53095374027471],[-118.88375043215893,46.531488023607245],[-118.8833842884095,46.531875045481556],[-118.88298612382681,46.53233402985583],[-118.88275625716051,46.532671180897],[-118.8825473852858,46.53297753402156],[-118.88246071236925,46.53310466214632],[-118.88202311236996,46.53342141735416],[-118.88200925612001,46.53346788089582],[-118.88193035091177,46.53373249964542],[-118.88211510820315,46.5340866371448],[-118.88240825924436,46.53458186214406],[-118.88269812382725,46.53498189131011],[-118.88274495091053,46.53533829964284],[-118.88269901757724,46.536005789225136],[-118.88288985091026,46.53660872776588],[-118.88293144049356,46.53674013193234],[-118.88304888945169,46.53714299964012],[-118.88326815403468,46.537496566306174],[-118.88345386028442,46.53778784859744],[-118.88351545090934,46.53783062672232],[-118.88367022903408,46.537922724638854],[-118.88415256965835,46.53810051109687],[-118.8850330123653,46.53841460484644],[-118.8852710102816,46.5387107090127],[-118.88521536028168,46.538897360054044],[-118.88499515611532,46.539115296512044],[-118.88456753007432,46.539322365261704],[-118.88407337799181,46.539401944428214],[-118.88360139674252,46.53952401630307],[-118.88311168320162,46.53973210171935],[-118.88284909466036,46.539922156927446],[-118.88244362903596,46.54017171421872],[-118.88211695820314,46.54033523921843],[-118.88127602903779,46.54089144442595],[-118.88030466028933,46.541429795466726],[-118.87878589987496,46.541856582966076],[-118.8774223227938,46.54228080275708],[-118.8765201873785,46.54257688817333],[-118.87568270196311,46.54305942567251],[-118.87471584675633,46.54373159442153],[-118.87411166654893,46.54428992983727],[-118.87396330300749,46.544427031920485],[-118.87319180092533,46.54513616837771],[-118.87242488321819,46.54597916629304],[-118.87166905717771,46.54658088400043],[-118.87137428842817,46.54684334441669],[-118.87132856342824,46.546840945458364],[-118.87047616342956,46.54745762774903],[-118.8697387790557,46.54803224128986],[-118.86854250301586,46.54937781732939],[-118.86800507801672,46.55012327461995],[-118.86756098426741,46.55076005482723],[-118.86685348947687,46.55164222565926],[-118.86610349364467,46.55241793399134],[-118.86513727072952,46.553116798573626],[-118.8644894415638,46.553475611073075],[-118.86404715198121,46.553780268364335],[-118.86369278219007,46.55402436315552],[-118.86334316344062,46.55438250273836],[-118.86305501448273,46.554677672529536],[-118.8624227842754,46.55548745794493],[-118.86182672281798,46.55601867461074],[-118.86170627073483,46.55614287773557],[-118.86164360198495,46.5562075006522],[-118.86138129365202,46.556477978776755],[-118.86054659365328,46.556910127734334],[-118.85997757073751,46.55730446627549],[-118.85859349157302,46.55799667564945],[-118.85785178011582,46.55831009544058],[-118.85668768636758,46.55904893606444],[-118.85521104886995,46.55987654960473],[-118.8545252228293,46.56040669543729],[-118.85371409887222,46.56082167043661],[-118.85309437178982,46.56125570481103],[-118.8529554676234,46.56135298814416],[-118.85250764262413,46.561745323560196],[-118.85246068949918,46.561792127726854],[-118.85195047179167,46.56249102564238],[-118.85157108012557,46.563468242307586],[-118.85109349470964,46.564413562097805],[-118.85071009158526,46.56527364230478],[-118.85039347908572,46.5660007579286],[-118.85037235304407,46.566049268345175],[-118.84945511971215,46.56674550271916],[-118.84942578221221,46.56676777042741],[-118.8491650072126,46.56684465167722],[-118.84858529367187,46.567015557927036],[-118.84798370825615,46.56719290688512],[-118.84648115721677,46.56726740688498],[-118.84467780721957,46.56706211105199],[-118.84355664576297,46.566929507927135],[-118.84220419993176,46.56713547146853],[-118.84153222180782,46.56736394959316],[-118.84045287389283,46.56774966000917],[-118.83953316035257,46.56783143084244],[-118.83865122389562,46.56759447250943],[-118.83834310931273,46.56709714751028],[-118.83817135827138,46.56678837667738],[-118.8380846561882,46.56663250896932],[-118.83798567181333,46.56655517042772],[-118.8378851895218,46.56647666001128],[-118.83765995827214,46.566309891261504],[-118.83758641348062,46.56625543501156],[-118.83742129889752,46.5662087423033],[-118.8372190343145,46.56615154022005],[-118.83719426868953,46.56614453709503],[-118.83717064264789,46.566148478761725],[-118.83714807910629,46.5661396266784],[-118.8370470988981,46.5661577360534],[-118.83680396244016,46.56631880063648],[-118.8364370811907,46.56649613709455],[-118.83608945931626,46.56663030167771],[-118.83557572285874,46.5667528454275],[-118.83516415515102,46.566829021469],[-118.83505094369286,46.56684997459394],[-118.83414041765262,46.56726681625996],[-118.83338091661217,46.56742665688475],[-118.83278290619639,46.56744262563472],[-118.8324893728635,46.567418115218054],[-118.83213843744738,46.56728777250995],[-118.83200734994762,46.56718566209341],[-118.83171284161473,46.56687682876064],[-118.83168852598978,46.56685133084399],[-118.83146517286508,46.5663863714696],[-118.83143122286515,46.56617703813666],[-118.83136568328193,46.56577293397073],[-118.83160361557321,46.56444488293096],[-118.83161370932321,46.563520949599145],[-118.83145330411516,46.5630137641833],[-118.83130642286534,46.56284353918353],[-118.83047923953329,46.56245724335081],[-118.83001576870068,46.56233459126763],[-118.82962134057631,46.56229445897601],[-118.82944664474326,46.56231019647596],[-118.82932826036843,46.56232086210097],[-118.82913103120207,46.56236997460096],[-118.82728078849658,46.56278530272528],[-118.82725693537162,46.56281368397519],[-118.82684559162226,46.56302876522488],[-118.82632028433143,46.56328829543286],[-118.82564828433249,46.563516679807506],[-118.82460506766739,46.563533328765836],[-118.82355231766905,46.563265496474436],[-118.82246690517077,46.56274703501703],[-118.82169802183859,46.56225700689272],[-118.8208360291316,46.56188565480998],[-118.82043331038221,46.561456756893996],[-118.8201761572576,46.56102554126964],[-118.81987440517476,46.56071223293677],[-118.81923638017577,46.56050473085385],[-118.81850691455192,46.56046610689558],[-118.81813846246912,46.56059610481199],[-118.817811214553,46.56071156210352],[-118.81702461559588,46.56114263085275],[-118.8165838728882,46.5614609735606],[-118.81636098122185,46.56162196522709],[-118.81581360726437,46.561948768351556],[-118.81519568226535,46.56234365897594],[-118.81440848018326,46.562757974600345],[-118.81374089685097,46.56312015793308],[-118.81326293122667,46.56334539334943],[-118.81282902289405,46.56343598501594],[-118.81231842810314,46.56341059334933],[-118.81190264685381,46.56331672459946],[-118.81184582706221,46.56330533084949],[-118.81113040206334,46.56337323814112],[-118.81059558435584,46.56356838501578],[-118.8099790301901,46.56386620897361],[-118.80931474373284,46.56432876938952],[-118.80842541456754,46.56459397668079],[-118.80753385415227,46.56479224126389],[-118.80656616665374,46.56489124543033],[-118.80581849790491,46.56503699334677],[-118.8048728437397,46.56506866626341],[-118.80441575415712,46.56519307772155],[-118.80413127290751,46.56539847667957],[-118.8034922864502,46.56589409126213],[-118.80346006874193,46.56591247355371],[-118.80303962499255,46.56615236730343],[-118.8028986562428,46.56618853292833],[-118.80241379478518,46.566312916261474],[-118.80164127707808,46.566442288136315],[-118.80139571145345,46.566536199594466],[-118.8005167927048,46.5669721454271],[-118.80009854478881,46.56725395792664],[-118.7966872760441,46.569552294381424],[-118.79650513541935,46.56967447875629],[-118.79641940208616,46.56973199125615],[-118.79588515937867,46.56981444750603],[-118.79575676042055,46.56983426417271],[-118.79569801562894,46.56984332979763],[-118.79504551250496,46.569891166255886],[-118.79495403854678,46.569897871464285],[-118.7947840239637,46.56995587250583],[-118.79464859479725,46.57000207354746],[-118.79403218750656,46.57021236208868],[-118.79394938542333,46.57024892771366],[-118.79351780834065,46.570387290213475],[-118.79299061250818,46.570596467296475],[-118.792244482301,46.57079233187954],[-118.79140128646895,46.57098971104584],[-118.79072712501168,46.5710247829208],[-118.79048033126207,46.57103762042076],[-118.79036984376222,46.57101640687911],[-118.78967409167994,46.57088281417104],[-118.7889378989728,46.57064319437974],[-118.78858389063997,46.57021342354711],[-118.78842289689027,46.56974714750613],[-118.78846344689022,46.56947307458989],[-118.78850234793178,46.56921014125696],[-118.7886799489732,46.568705087091104],[-118.78866509272319,46.56825326730016],[-118.78841840626525,46.56810232250869],[-118.7883182531404,46.56804103917544],[-118.78736923335022,46.56797216209227],[-118.78663812918467,46.56788592042573],[-118.78638438231008,46.56782621105083],[-118.78594877501912,46.56759253084281],[-118.78540674689492,46.567349856884796],[-118.78475888752094,46.56684094646899],[-118.7843045916883,46.56631227355315],[-118.78397490939714,46.565882108970484],[-118.78359286981443,46.565335562096294],[-118.78323729273166,46.56485557147201],[-118.78282826148228,46.564225729806395],[-118.78247324689949,46.5637624693905],[-118.7822465833582,46.56369961001552],[-118.7821302969,46.56366735897395],[-118.78167637710908,46.5637645100154],[-118.78162409273416,46.56377570168202],[-118.78156432398424,46.56382191939034],[-118.78129265002633,46.56403200480666],[-118.78117743440151,46.564087614181524],[-118.78086251356866,46.56423961522303],[-118.78043639065265,46.56433977772286],[-118.78035630211109,46.56434795272285],[-118.78006873961154,46.564337570431185],[-118.77984735315357,46.564372617306205],[-118.77893032815496,46.56453756938927],[-118.77799559898976,46.56490370063863],[-118.77720533649097,46.56523409334652],[-118.77639080107559,46.565564857929246],[-118.77614578128428,46.56572398292905],[-118.7757453167016,46.56598405480363],[-118.77572565420161,46.566010493345296],[-118.77567537816003,46.566029394386874],[-118.77546409274368,46.5661088100118],[-118.77498225211946,46.56628991626148],[-118.77433479899544,46.566534361052845],[-118.77370996462145,46.56672822146912],[-118.77291201566432,46.566824307927334],[-118.77245538024835,46.56696532667712],[-118.77185806879095,46.567259206885],[-118.77109199900048,46.567589181884514],[-118.77021222296021,46.56815531105024],[-118.76990002087734,46.56831941730001],[-118.76968713441933,46.568431317299805],[-118.76915659692015,46.568539982924705],[-118.76843357712958,46.56870184854945],[-118.76816615004668,46.56880559021595],[-118.76807397192182,46.56884134959084],[-118.76744908963117,46.569035177715605],[-118.76680374275715,46.569346515215095],[-118.76635359171617,46.569688320422856],[-118.7656376094256,46.570067713130655],[-118.76515829275968,46.57025928083869],[-118.76450314901071,46.57026939125534],[-118.76376923859517,46.57009654438059],[-118.76322348547103,46.569736622506134],[-118.76274727609676,46.569275170423566],[-118.76239510734727,46.56889551834075],[-118.76178037713993,46.568653851674526],[-118.76083137401638,46.5685847547996],[-118.76005871672595,46.56871384542436],[-118.75924077506056,46.56894408500743],[-118.75852313235335,46.56927323188187],[-118.7579758698542,46.56961649854798],[-118.75745070318834,46.56989244958925],[-118.75689856256419,46.57008510271391],[-118.75638846464828,46.57007619542229],[-118.75610912714876,46.569695405839525],[-118.75583033339917,46.56933134959012],[-118.75559791256622,46.568899611049176],[-118.7554522636081,46.56835689334159],[-118.75516090319189,46.56806326105045],[-118.75493465319221,46.56790523605066],[-118.75420997819333,46.56801680792554],[-118.75305502402847,46.56833588500836],[-118.75252660840431,46.56851141000802],[-118.75173128548887,46.56869102042446],[-118.75089550528185,46.569122382923744],[-118.74950862820064,46.56977982667268],[-118.74893204278487,46.570077393338956],[-118.74850565111889,46.57029744229699],[-118.74786286674488,46.57069234750474],[-118.74777845945334,46.57075828292124],[-118.74729448237076,46.57113633812901],[-118.74677246882987,46.57151265062834],[-118.74627364174735,46.571855120419464],[-118.74591502820626,46.57202802041927],[-118.74543454799864,46.57218603812736],[-118.74490070216615,46.57219418291903],[-118.74409295529239,46.571988852711016],[-118.74309323654394,46.57185341000287],[-118.74251032508653,46.571845551669526],[-118.74217543133705,46.572001338127656],[-118.7417968261293,46.572308469377155],[-118.7414090886299,46.57263473916833],[-118.74137129175494,46.57266654229333],[-118.74097001883887,46.573024246459376],[-118.7407839219642,46.573278218334],[-118.74068133654771,46.57338538395883],[-118.74057248758953,46.573499089167],[-118.74018743759012,46.57360540270849],[-118.73958077613275,46.5736146339585],[-118.73896662405038,46.57338957875048],[-118.73862154488421,46.57322739958405],[-118.73808608134341,46.573185310000795],[-118.73762716259411,46.57325925479237],[-118.73724852196966,46.57356637145861],[-118.73662453967899,46.5737935027082],[-118.73580748863857,46.57405704437445],[-118.7352800271811,46.57426595999915],[-118.73460856155715,46.57452728604044],[-118.73400935843301,46.574770767290076],[-118.7339974855164,46.574762628748324],[-118.7336981553085,46.57490942562307],[-118.73259199697691,46.575244298539275],[-118.73151115635359,46.57561226208037],[-118.7308892584379,46.575906298538165],[-118.72988439073112,46.57637355062088],[-118.728690150108,46.57699434124488],[-118.72828556885862,46.577251594369514],[-118.72803447510897,46.57753731103575],[-118.72789277094256,46.577791938118644],[-118.72794653760913,46.57804361520153],[-118.72798250531743,46.57841140999265],[-118.72789819281752,46.57881450270049],[-118.72747092094319,46.57912232353326],[-118.72708793136049,46.57929553499126],[-118.72670281261104,46.579401803741156],[-118.72621583448682,46.579358927699595],[-118.72551043448789,46.57931934436633],[-118.72470583657247,46.57921428394977],[-118.72423888448988,46.57903715790836],[-118.72361624490753,46.57854426624252],[-118.72318776469984,46.5780484454099],[-118.72273078449223,46.577419113119205],[-118.72249858553427,46.57698730582824],[-118.72202265324331,46.57652568082888],[-118.72123601574454,46.576219415204434],[-118.72064829178707,46.57606083291302],[-118.71974826470516,46.57600739957971],[-118.71921543345599,46.576048895412995],[-118.71865991783189,46.57614095895457],[-118.71810757304104,46.57633342562092],[-118.71763268554179,46.576422915204105],[-118.71704083970941,46.576382930829226],[-118.71664990950164,46.57630508707931],[-118.71599203450268,46.57623124645441],[-118.71580196783628,46.57622885895447],[-118.71538480846198,46.57622361312109],[-118.7147781115879,46.576232712079374],[-118.71414714388057,46.57624217145435],[-118.71349032721491,46.5762017849961],[-118.71266152825785,46.57609700166297],[-118.71180477617582,46.57587543499664],[-118.71114164701022,46.5756342183303],[-118.71077183867743,46.57545558395561],[-118.71039414180302,46.575025926664615],[-118.71004172930355,46.57482827041493],[-118.70933906784633,46.574673365206806],[-118.70882892930548,46.57466424645681],[-118.70810091055658,46.574675122498526],[-118.70754223555747,46.574666721456786],[-118.70690813347511,46.57457573187368],[-118.70634263451764,46.57434977354066],[-118.70579143556016,46.573805492291456],[-118.70558680326883,46.5734736933337],[-118.7055035074356,46.57314008500093],[-118.70541228660245,46.57279491833477],[-118.70539332514416,46.57272316312651],[-118.70528261681096,46.57228951000215],[-118.70505215326966,46.5719078662528],[-118.70470141368685,46.57156150062829],[-118.70452186160385,46.57136969646198],[-118.70429952306249,46.57113218500394],[-118.70375729077165,46.57087238292105],[-118.70331474077233,46.570694807921356],[-118.70260370639845,46.570470999588316],[-118.70243437098209,46.57049026104662],[-118.70214842202415,46.570661943338045],[-118.701838727233,46.57085072042112],[-118.70153112410844,46.571106436045625],[-118.70107792619251,46.57136431521194],[-118.7007935376513,46.571586198544914],[-118.70036825640194,46.57196085896108],[-118.69994454181928,46.57238572041875],[-118.69989745744432,46.572438355835295],[-118.699686500153,46.572674179793204],[-118.69936611369515,46.57329841520897],[-118.69913065327887,46.573573799583585],[-118.69893374598747,46.57378730895816],[-118.69876296161279,46.5740361120828],[-118.69849587723814,46.57431992458233],[-118.69834131682173,46.57456848604035],[-118.69815535015539,46.574851092289826],[-118.69793693244736,46.5751341818728],[-118.69781274598922,46.575263753747535],[-118.69779545015592,46.57528180270593],[-118.69776640536428,46.57529236208089],[-118.69763494390617,46.5753401558308],[-118.69753759286466,46.575341598539154],[-118.69744015744811,46.575399948538994],[-118.69726630536508,46.575491145413885],[-118.697120628282,46.575504501663886],[-118.69692487724059,46.57547382458053],[-118.69684204703242,46.57541001624739],[-118.6968250845324,46.57539694958077],[-118.69664311682438,46.57528771103929],[-118.69645835744967,46.57508896103951],[-118.69622701890836,46.5749580652063],[-118.6960127470337,46.574866903748216],[-118.69599499495035,46.574859350623214],[-118.69572189911746,46.574775624581655],[-118.69544556682622,46.57447835270708],[-118.69540496057631,46.574435621457205],[-118.69539266578467,46.57442268395719],[-118.69519454703492,46.574214193332544],[-118.69489343141045,46.57390054854136],[-118.69469460016076,46.57375281312496],[-118.69452458557764,46.57367823604171],[-118.69428337620305,46.5735316745836],[-118.69392155745363,46.57338031937547],[-118.69346761578767,46.57339823604206],[-118.69311381057987,46.57350422041701],[-118.69309067099658,46.57351892041702],[-118.69284321683028,46.5736761329167],[-118.6923444282894,46.57381784124979],[-118.69191123454006,46.573980964166275],[-118.69184857099849,46.57400504124956],[-118.69136585433256,46.57419052145759],[-118.69080389808347,46.57438912562397],[-118.69043455016737,46.57451771937372],[-118.68998477100138,46.574669886040134],[-118.68967893037684,46.57475276104006],[-118.68945737621056,46.57478526937326],[-118.68933959600237,46.57480254958164],[-118.68888286058642,46.57473093812341],[-118.68848929287869,46.574602423540284],[-118.68844511996213,46.57458304437366],[-118.68824035954579,46.57442699541557],[-118.68791030642126,46.5742527672908],[-118.68761652204671,46.57420113291591],[-118.68730790225557,46.574194492290935],[-118.68693785329775,46.574300695415715],[-118.68666445954818,46.57438308499895],[-118.68648980121515,46.574508793332065],[-118.68629857100711,46.57462355062359],[-118.6862502980905,46.574671441248476],[-118.68617258663227,46.574748542289996],[-118.6860624782991,46.574862103748245],[-118.68595167725766,46.574953288123154],[-118.68574456788299,46.57507947458117],[-118.68542318350848,46.57518495374769],[-118.68536112934191,46.5751838329143],[-118.68509448038394,46.57517900999778],[-118.68485183767604,46.57508143603947],[-118.68468577100958,46.57496074958137],[-118.68444857100997,46.57463962041519],[-118.68427904392689,46.57440704645725],[-118.68425242309361,46.57407162145774],[-118.68421269913534,46.57383713708311],[-118.68405558871895,46.5734812464587],[-118.68377353559434,46.57328391104233],[-118.68325226892847,46.57322441937573],[-118.6829288147623,46.57326276000066],[-118.68262435434617,46.573390373542196],[-118.6823865199715,46.57357297458355],[-118.68205168351368,46.57376819645822],[-118.68185906163899,46.573838191249735],[-118.68142099184803,46.57384463395813],[-118.68114240330677,46.57375917770827],[-118.68100880226528,46.573638008958405],[-118.68092352830712,46.57350493604198],[-118.68080373039061,46.57330520583397],[-118.68073122622407,46.57306000791762],[-118.68054411268268,46.57278291104311],[-118.6803090189331,46.57252890583511],[-118.6800711647668,46.57218538916902],[-118.67991788768366,46.57195257041944],[-118.67963481997577,46.57172165583641],[-118.67932345018461,46.57162548604488],[-118.6789689356018,46.57170904750304],[-118.67860130331071,46.57189354437783],[-118.6782654272696,46.57205518916928],[-118.67764614289553,46.57197472458599],[-118.67736722414594,46.57187806937779],[-118.67710625643805,46.571837121461236],[-118.67681249498014,46.571785458961315],[-118.6767866043552,46.57176835062799],[-118.67672585435531,46.571607628753256],[-118.67683287102182,46.57139337562859],[-118.6768563626884,46.57117838604557],[-118.67687085018838,46.571045810004094],[-118.67692367310498,46.57065325062971],[-118.67694406893827,46.570357951671845],[-118.6769461178966,46.570328298546826],[-118.67689054706337,46.57010523813059],[-118.67681612935515,46.57000782146406],[-118.67670449914698,46.569861700630916],[-118.67635862831418,46.56969886208946],[-118.67603990331469,46.569654894381294],[-118.67577182206509,46.56961791000632],[-118.67533447310745,46.569646706881294],[-118.67504485956624,46.56972930583944],[-118.67491151894144,46.56978297979776],[-118.6747562783167,46.569845469380944],[-118.67438554498393,46.56992925479748],[-118.67404760123446,46.5700237527141],[-118.67385808248474,46.57019443396379],[-118.67360607415179,46.57044438813005],[-118.67328882519394,46.57068410167138],[-118.67297260331947,46.57095737979591],[-118.67276754186146,46.57115067562904],[-118.67243337207027,46.571368245420246],[-118.67201154394593,46.57137441208687],[-118.67166911686316,46.57132345062874],[-118.67129149394708,46.57118344854556],[-118.67105816790577,46.57098536937928],[-118.67063771686476,46.571036286045725],[-118.67025072936538,46.57121516937887],[-118.6701734022821,46.57124455792046],[-118.6697881439494,46.57138451000356],[-118.66959483249138,46.57147752146173],[-118.66954821582478,46.5714999506284],[-118.66919471790864,46.57161704854494],[-118.66885332103419,46.5715996433366],[-118.66847638665973,46.57148201208673],[-118.66814469603527,46.5712517777121],[-118.66802529499383,46.5710632245875],[-118.66797207936891,46.5708401235461],[-118.66796941791057,46.57082896833782],[-118.66798779811887,46.57036975167182],[-118.66788187728572,46.57009145063061],[-118.66766307936933,46.56983718292262],[-118.66743217311972,46.569717416256246],[-118.66712666791189,46.569811420422674],[-118.66688708145394,46.56993804646418],[-118.66650525437115,46.57018987458876],[-118.66601053666359,46.57046573396339],[-118.66570879291409,46.570682814171356],[-118.66556283874765,46.570850427712735],[-118.66531346791464,46.57102438604582],[-118.66480320020715,46.571322855836996],[-118.66426287520794,46.5717001162531],[-118.66389895541687,46.57200764646099],[-118.66364689500057,46.57225757875222],[-118.66347903458423,46.572607028751705],[-118.6631033283348,46.57306024750101],[-118.66274983354367,46.573427578750355],[-118.66271002312703,46.57346894541699],[-118.66263144708553,46.57355985166696],[-118.66255324604396,46.57365032458339],[-118.66229946062771,46.573844309999785],[-118.66181578979513,46.573952082916286],[-118.66137976271244,46.57402558083284],[-118.66082811271333,46.57403359333284],[-118.6604687689639,46.57396045479132],[-118.66004555438116,46.573921823541255],[-118.65968894500675,46.57393819229129],[-118.65933472417397,46.57403288187453],[-118.65909578563263,46.57418186937422],[-118.65884300959141,46.57440941208227],[-118.6585746877168,46.57465956937351],[-118.65812637730085,46.57500285062299],[-118.6580829606342,46.57503609541458],[-118.65768448875986,46.57527694228924],[-118.65747004813517,46.57543116833062],[-118.65730428459374,46.575584687080465],[-118.6571125939691,46.575788144371764],[-118.6570369720942,46.575868404788274],[-118.65688263563608,46.576054541246314],[-118.65680210959454,46.57615165582948],[-118.65654817105327,46.5763632391625],[-118.65650131792835,46.576402276662435],[-118.6561815752205,46.57656362249558],[-118.65583039501276,46.57675900062022],[-118.65538288355509,46.57698935582822],[-118.65501581376401,46.57719615791125],[-118.65482450751425,46.57731086520275],[-118.65478407730603,46.577335795411045],[-118.65471296688946,46.57737964228597],[-118.65455921688972,46.577661712077216],[-118.65448977938979,46.57780830686861],[-118.6544524398065,46.57788713499346],[-118.65441125022323,46.57813399436806],[-118.65424263043184,46.578461054784285],[-118.65405540230716,46.57871002665889],[-118.65377149084925,46.5789827849918],[-118.65375227418264,46.57899237770013],[-118.65357685751621,46.57907992249164],[-118.65248960855956,46.57899911728348],[-118.65139470335293,46.578917730825246],[-118.65108632522845,46.57893739957522],[-118.65069369710405,46.57897164332515],[-118.65046501481271,46.57894636832524],[-118.6499429221052,46.57881103290877],[-118.64963716898069,46.578787067283805],[-118.64941441689768,46.57914725478318],[-118.64913053564813,46.57935136519959],[-118.64894640752341,46.579443247491064],[-118.64893160856509,46.57944445061614],[-118.64861080544055,46.57957220790755],[-118.64813315752468,46.57988132561542],[-118.64775354294193,46.58021141728162],[-118.64735600440088,46.580485794364435],[-118.64718462419279,46.580723336030765],[-118.64691757315154,46.58101822040538],[-118.64686932523496,46.58108065061355],[-118.64669886273519,46.5813012162382],[-118.64656264398542,46.58162779748763],[-118.64648827836055,46.58180036207075],[-118.64644129502729,46.58190939019559],[-118.6464065689857,46.58195468915384],[-118.64631221481913,46.5820777766536],[-118.64620702627762,46.58221499644518],[-118.64583921169493,46.58239939019483],[-118.6454669919038,46.58243832769475],[-118.6448658877381,46.58242458602815],[-118.64454099815526,46.582418065194844],[-118.64416708565587,46.58240105373647],[-118.64377761898976,46.582406650611446],[-118.64342162628196,46.58244534956974],[-118.64309808565746,46.58248357873634],[-118.64269509607476,46.582578918319584],[-118.6423225356587,46.582606656861195],[-118.64191683982597,46.5826124829029],[-118.64171129920129,46.58257398602787],[-118.64163928045146,46.58256049644453],[-118.64154279503492,46.582521719361274],[-118.64134346378525,46.58244160894474],[-118.6412248044104,46.58227540582008],[-118.64123495336871,46.58207377040363],[-118.64140501378512,46.58179148498748],[-118.64156188357653,46.581610131862746],[-118.6417491814929,46.58136117769646],[-118.64176198774287,46.58134825686305],[-118.64184810336775,46.58126135686324],[-118.64200273670086,46.58115605061343],[-118.64225629086714,46.58095092144706],[-118.64238171586693,46.58080359957231],[-118.64237732315858,46.58065814332252],[-118.64240369295021,46.58045627561455],[-118.64241045753357,46.580142751656666],[-118.64236854086694,46.57982992561549],[-118.6423103981587,46.57951733290762],[-118.6421579377423,46.579306839158036],[-118.6419564585759,46.57908585686662],[-118.64170833045132,46.578932704783604],[-118.64131517420192,46.57881521415876],[-118.64079423357771,46.57876672040879],[-118.6402587544119,46.578774401658826],[-118.64024017837028,46.578776020408746],[-118.63995112524573,46.57880119957544],[-118.63956472212128,46.5789074839503],[-118.63919622941354,46.57906947978336],[-118.6387763575392,46.57914265999153],[-118.63827164399834,46.57909392144996],[-118.63784604087398,46.57897688395017],[-118.6375668169161,46.57886894436698],[-118.63694279400038,46.578631613117345],[-118.63678867108393,46.57836516728441],[-118.63664808254246,46.57800897770162],[-118.63665757420917,46.57778496520204],[-118.63687329295881,46.57740128811925],[-118.6368998856671,46.577304232911054],[-118.63694937212536,46.57723229020284],[-118.63718367108333,46.576926702703325],[-118.63719765024996,46.57690487457837],[-118.63728406899986,46.57679834020354],[-118.63762519920765,46.57626054437107],[-118.63788013045723,46.57589589020491],[-118.63812017004024,46.57558875166379],[-118.63831608878989,46.57519629020595],[-118.63844849087305,46.5749021527064],[-118.63845750962302,46.574649892290225],[-118.63842707003973,46.57446695999883],[-118.63834645128986,46.574273288124154],[-118.63824194920672,46.57411433916601],[-118.63816374608183,46.57400085583291],[-118.63803139399869,46.57396741416621],[-118.63773098149916,46.5739784016662],[-118.63746640129125,46.57402230270777],[-118.63727120024988,46.57416262041593],[-118.63712652108342,46.57432513812397],[-118.63704691170852,46.57444088291551],[-118.6368882065005,46.57468955374846],[-118.63670475337574,46.574944309998074],[-118.63652353775103,46.57527352666418],[-118.63628504295974,46.575632212080286],[-118.6362083846265,46.57572145895519],[-118.63608172837671,46.57585580999665],[-118.63562017941912,46.57615600895456],[-118.63524450441969,46.57633135791256],[-118.63481938775368,46.57635288812093],[-118.6343028158795,46.5763139141626],[-118.63396404608835,46.57622603916273],[-118.63366729088045,46.576044849579745],[-118.63326271692272,46.576004270413065],[-118.63304197317308,46.576115589162896],[-118.63280300546512,46.576366242287584],[-118.63260929609044,46.576631698537085],[-118.63237171379915,46.576928686036624],[-118.63195863984146,46.577351799577684],[-118.6312576096342,46.57788718707683],[-118.630728353385,46.57817287770137],[-118.63067400963514,46.578219292284594],[-118.63045572734377,46.5783293579095],[-118.63024323151073,46.578529405825805],[-118.63011542942762,46.57875142770043],[-118.63007787734438,46.579180767283184],[-118.63013800130261,46.57950441311602],[-118.63014529713593,46.57976008915728],[-118.62998874921948,46.58013236728167],[-118.62967995651167,46.580484447489454],[-118.62918253151241,46.58071173394743],[-118.6287131523465,46.580753187072396],[-118.62822489193059,46.580725371447436],[-118.62811472213906,46.58069465478082],[-118.62788991693111,46.58076490686404],[-118.62769108359807,46.58086045269722],[-118.62754879401497,46.58099014123873],[-118.62744565964009,46.581084141238556],[-118.62733394714029,46.58128275165497],[-118.6271198627656,46.58154069019615],[-118.62709060026567,46.58157594644607],[-118.62686093255769,46.5817646443625],[-118.62646359818332,46.58196731415386],[-118.62616672110045,46.58215696519528],[-118.6256658033929,46.58226839019507],[-118.62519606276861,46.582298245403315],[-118.62494265964399,46.582255488111734],[-118.62450029089469,46.58207634227864],[-118.62420705756182,46.58182554123742],[-118.6241391138119,46.58172984957081],[-118.62398242527046,46.58150916311288],[-118.62388630131234,46.581215859988305],[-118.6238920606873,46.58099350269704],[-118.62389410756232,46.58091442665545],[-118.62388649714563,46.58065956832251],[-118.62401294402042,46.580391217281246],[-118.62422477943677,46.58016801207328],[-118.62428782943671,46.58002804228184],[-118.62431796901994,46.5799117214487],[-118.62397953777048,46.579835401657135],[-118.62364318360437,46.57982858811551],[-118.62318818777175,46.57978868811563],[-118.62282365235562,46.57983591728218],[-118.62278635860571,46.57984074957382],[-118.6224177846479,46.57988074644869],[-118.62199673464858,46.57985194957377],[-118.62152114089929,46.57968485374073],[-118.62124369923305,46.5793990526995],[-118.62103380756675,46.579123882908235],[-118.62072587840055,46.578942816241906],[-118.62050540444255,46.57887640374195],[-118.62019103152636,46.57904311103338],[-118.61986227215186,46.57929114228303],[-118.61951912631908,46.57962050478248],[-118.61910601381972,46.57985814124041],[-118.61849749715401,46.58030714853143],[-118.61799756694643,46.5806757714475],[-118.6167049252818,46.581777147487514],[-118.6166252034069,46.5817940797791],[-118.61614492632431,46.58202087457047],[-118.61572902736663,46.58216582248686],[-118.61544856903375,46.58234362456993],[-118.61508238049265,46.58246468915307],[-118.61456153778511,46.58247204436139],[-118.61424128049396,46.58244179748641],[-118.61393610653609,46.58235338915325],[-118.61387882424452,46.58212240998696],[-118.61385170861955,46.58177510998748],[-118.61386991799452,46.58158593602942],[-118.61377513153633,46.5809294912388],[-118.61378750653633,46.580744564155744],[-118.61377100341134,46.58018850686495],[-118.61377233361968,46.57966696832406],[-118.61376373882804,46.5793773547829],[-118.61349780341173,46.57900875999178],[-118.61346575862011,46.57896434124184],[-118.61334372424534,46.57891713290851],[-118.61317671695393,46.578852526658714],[-118.61272036174631,46.57876624749209],[-118.61250570132995,46.57876927249212],[-118.61226675549698,46.578772641242175],[-118.61137840237335,46.5788546985337],[-118.61096148466574,46.578964875616855],[-118.61045456383317,46.57909419957494],[-118.61014410029196,46.57917340478318],[-118.60968500654268,46.5795623151992],[-118.60906269716867,46.58011577249004],[-118.60847500654457,46.58070350582247],[-118.60823065133661,46.58097466207208],[-118.6071979857132,46.58184779019575],[-118.60695258050526,46.58208086102867],[-118.60688087217204,46.58211590477868],[-118.60672619508892,46.58219149332013],[-118.60648864821432,46.582307578736625],[-118.60585361592364,46.582432389153084],[-118.6052786044662,46.58231297873664],[-118.60524039821627,46.582291312070026],[-118.60491962113343,46.58210940790358],[-118.60458016280063,46.58198872040375],[-118.60451194509238,46.58196446623721],[-118.6039739617599,46.58196042248718],[-118.60357859092717,46.58223252144507],[-118.60315268363615,46.58260935373619],[-118.60247645447055,46.58304763602714],[-118.60196481905467,46.58336771415168],[-118.60157074822196,46.583570247484616],[-118.60150119509706,46.58360599540132],[-118.60098818363952,46.583879731859156],[-118.60064455239007,46.58419745373368],[-118.60025562426563,46.58468964852459],[-118.60006183884927,46.58495891623258],[-118.59987624093294,46.585062678732314],[-118.59976417114143,46.58512533081558],[-118.59920935447559,46.58512149956565],[-118.59856746072661,46.58501457977414],[-118.5979671617692,46.584967168315856],[-118.59785904301935,46.58493176414923],[-118.59728129822862,46.584719637066314],[-118.59682185447934,46.5845290349832],[-118.5965547742714,46.58442227144167],[-118.59634561385506,46.58433866310852],[-118.59607405864716,46.584249737066976],[-118.59577196177264,46.58426554123359],[-118.59549702218969,46.58434760581674],[-118.59544409927311,46.58436340269173],[-118.59540537635648,46.584374959983464],[-118.59493627635726,46.584427859983364],[-118.59442960969137,46.584424008941696],[-118.5943982669831,46.58442377248338],[-118.59411229302522,46.58441616935836],[-118.5937261836508,46.58443313810837],[-118.59334346698472,46.584565953733154],[-118.59332635760974,46.58457918602474],[-118.59312978990171,46.58473118185792],[-118.59243054406949,46.58496111831586],[-118.5917742367788,46.584935483940896],[-118.59173535240387,46.58489337873266],[-118.59153120448752,46.58467231102462],[-118.59132178052955,46.58440867248338],[-118.59107604094658,46.584052819358924],[-118.59086831594686,46.583847101650946],[-118.590375636781,46.58366852456786],[-118.5900019263649,46.58353464644308],[-118.58974143053202,46.58324853498521],[-118.58966508053207,46.58293668394404],[-118.58963845553211,46.58260096206949],[-118.58954970657396,46.58243994540311],[-118.58917465553287,46.58225972769505],[-118.58890921490826,46.58237930894483],[-118.58878191282514,46.58262445165286],[-118.58870636803356,46.58291523706898],[-118.58854816595048,46.58325352456854],[-118.58851405657556,46.583332088110076],[-118.58850385136725,46.583462748526586],[-118.58836007949247,46.58371971206779],[-118.5881659003261,46.58397737352573],[-118.58787023157657,46.58421326415039],[-118.58762225761858,46.58435578081679],[-118.58734236907736,46.584556683941486],[-118.58729177636913,46.58458997873306],[-118.58523120033067,46.58635658914708],[-118.58504409408096,46.586442852688556],[-118.58501459512263,46.58645049435521],[-118.58447685033184,46.58658978289667],[-118.583940846166,46.586655156854896],[-118.58348716699999,46.58666143706325],[-118.58292794825088,46.5865069276885],[-118.58287057533431,46.58648017977185],[-118.58263825345968,46.58637186310537],[-118.58235962950177,46.58603962873089],[-118.58206386908557,46.58569603914809],[-118.5816128482529,46.585215525607154],[-118.58137255971161,46.585045007899],[-118.58115412742028,46.58504802769068],[-118.58106882533713,46.58509400685738],[-118.58090145450404,46.585184225607186],[-118.58088933054569,46.585190759982176],[-118.58059261075454,46.58539188081516],[-118.57973739200584,46.586041109980854],[-118.57931061492314,46.586394682896945],[-118.57885090138224,46.58677188810467],[-118.5785884451326,46.586995709979284],[-118.5782752420081,46.58720864018737],[-118.57771065867566,46.58744821727028],[-118.57737829200948,46.58758028185344],[-118.57696190763517,46.58771350789493],[-118.57666347951061,46.58785669331137],[-118.57633211492777,46.588023512061085],[-118.57601129201164,46.58823182039415],[-118.57575373576202,46.58836757039399],[-118.5751891295129,46.588607136018524],[-118.57495639930494,46.588638767268485],[-118.57461982118042,46.588684509976815],[-118.57406832222297,46.58879640685161],[-118.57351111909884,46.58871135893505],[-118.57296770555803,46.588521816226994],[-118.57287061701652,46.58842850060217],[-118.57274538160004,46.58830812976902],[-118.57258730243358,46.58815618810257],[-118.57256245660028,46.587878384978005],[-118.57242908368387,46.58733551935383],[-118.57243297326717,46.587288377687194],[-118.5724539784755,46.587033854770986],[-118.57246139930878,46.58670925164644],[-118.57227053576742,46.586503267271766],[-118.57198722951786,46.586588288105006],[-118.57180641701814,46.586729843313144],[-118.57127508056061,46.58695734331275],[-118.57100648472772,46.587156483937434],[-118.57078136597806,46.5873233933122],[-118.57018514827064,46.58763290164507],[-118.56982049202122,46.58781174747807],[-118.5693078493137,46.588041887061095],[-118.5692141420222,46.58808407560269],[-118.56898746702251,46.588201382894134],[-118.56897438056423,46.588230555810846],[-118.5689521274392,46.58828986414406],[-118.56894725868926,46.58835837456061],[-118.56897414202257,46.588459493310474],[-118.56907068993907,46.588602140185195],[-118.5692019732722,46.588779837059874],[-118.5692100534805,46.5887936276849],[-118.56935184202193,46.58904664747619],[-118.56963307847985,46.58947159539218],[-118.56979066806294,46.58968962872513],[-118.56990119514609,46.590024202683026],[-118.56982486910455,46.59029180580756],[-118.56979198264628,46.59063692559873],[-118.56978616597964,46.59069796309859],[-118.56955960243829,46.591002395389815],[-118.56938077639688,46.59121345684784],[-118.569103461814,46.59150699330572],[-118.56892329202265,46.591671716222095],[-118.56889503368933,46.591857533930096],[-118.56891986285599,46.59213533601301],[-118.56881627118946,46.59262350892899],[-118.56874461910621,46.593053296428295],[-118.56862087848141,46.59342585267773],[-118.5683505670235,46.59396266726021],[-118.56812632327387,46.59434819017626],[-118.56792422848254,46.594918838092056],[-118.56772237119117,46.59558447246607],[-118.56748541181649,46.59602583704866],[-118.56701707952556,46.59669284538094],[-118.56648618473473,46.59752296100475],[-118.5659526034856,46.598260393295234],[-118.56572832431927,46.59864591100301],[-118.56533118265321,46.599451008918436],[-118.56476728890408,46.600304745375375],[-118.56435564411306,46.60119116308235],[-118.56422082223827,46.60154679745673],[-118.56415248786334,46.60172704953985],[-118.56411772848844,46.60190636828956],[-118.56409392536347,46.602029172456035],[-118.56447637119616,46.60246433703868],[-118.56500275869536,46.60264256203835],[-118.56524091077836,46.60267313912167],[-118.56603076911047,46.602592626621785],[-118.56665031702613,46.602512707871966],[-118.56685587327583,46.602452745372],[-118.56704104931721,46.60260453599684],[-118.56822763473201,46.60357716620368],[-118.56825667119034,46.60360096932858],[-118.56869238160631,46.60512495057628],[-118.56852361077325,46.60522826515939],[-118.56804306181569,46.60552243495063],[-118.56784120660762,46.60571093078363],[-118.56780462014933,46.606037093283184],[-118.56779312014935,46.60835465786288],[-118.567809243066,46.60835665057121],[-118.56783154098264,46.608712659945624],[-118.56790483681586,46.60881468286217],[-118.56851735243993,46.60906125057007],[-118.56927714618872,46.60916672036159],[-118.57007324202084,46.60936440369467],[-118.57085487847797,46.60964340369421],[-118.57148456076862,46.60990130681885],[-118.57178005451816,46.61023333702664],[-118.571914867018,46.61059562660941],[-118.57199887430949,46.610821384942376],[-118.57221434722584,46.61129358181667],[-118.57274419722502,46.61158761931622],[-118.57354483993215,46.61187065785739],[-118.573627752432,46.61189996827401],[-118.57435363993085,46.6119942828572],[-118.5751807274296,46.612098789106994],[-118.57579297430362,46.6123337297317],[-118.57600243680334,46.61259739848128],[-118.5759890274283,46.61274351931441],[-118.57597688055336,46.612875893272516],[-118.57570285659547,46.61328529327186],[-118.57524457326282,46.61372040993786],[-118.57469078784698,46.61434226618688],[-118.57456672638887,46.61460850368651],[-118.57457656076383,46.614947716185924],[-118.57269810035012,46.61760757659849],[-118.57233296180895,46.61812457243103],[-118.57241500035053,46.618283519305734],[-118.57306333159954,46.619539605762135],[-118.57357835243202,46.62053737242727],[-118.57381403368169,46.62083009221852],[-118.57425758368102,46.62110972555144],[-118.57520301180456,46.6214438672176],[-118.57531325972104,46.62150538180077],[-118.57533096805435,46.62150806930079],[-118.57592687847007,46.621499860967454],[-118.57646630763594,46.621331699509405],[-118.57700417638505,46.62110998492643],[-118.57754255867593,46.62090611617678],[-118.57795295242529,46.620757587010274],[-118.57851879617444,46.62060691201053],[-118.57858659409096,46.620620642218874],[-118.57901417534032,46.62070722451035],[-118.5795137107562,46.62095034846834],[-118.58004487429703,46.62138947450934],[-118.58026045867172,46.62167223388386],[-118.5804226690881,46.621902152633496],[-118.58055948887954,46.622150281799755],[-118.58058409617122,46.622308429716185],[-118.58062326075446,46.62256014534086],[-118.58063261492113,46.62288146825702],[-118.58037150867152,46.62370657033904],[-118.58019740971345,46.62395899325533],[-118.58013058888024,46.62433494637975],[-118.58013942325523,46.624638417212644],[-118.58027573054665,46.62486869637897],[-118.58059185658783,46.62504291304531],[-118.58116865242027,46.62526710158661],[-118.58163816700291,46.62536776200314],[-118.5821056055438,46.62539701304472],[-118.5827290295012,46.62544196512801],[-118.58290569720926,46.62546837346132],[-118.58382249929116,46.62560541408613],[-118.58455530033171,46.62584528283574],[-118.58507664928919,46.62594521200227],[-118.58531191699718,46.62610090471029],[-118.58539384095535,46.62615511721025],[-118.58566233782994,46.62647284950139],[-118.58567919824664,46.62651397137635],[-118.58582979928805,46.62688127345913],[-118.58571014824656,46.62722224325024],[-118.58564023366336,46.627491090124884],[-118.58549414616358,46.62781456824934],[-118.58529831908056,46.62821017033204],[-118.58501953574762,46.628890847414326],[-118.58486160345619,46.629234155747135],[-118.58483650241457,46.62926767345544],[-118.58453724408173,46.62966725366312],[-118.58390296179103,46.630140359912346],[-118.58336711595852,46.630433515120274],[-118.58270638158457,46.630889121369584],[-118.58184196491925,46.631472550535285],[-118.58092882429567,46.6321637984509],[-118.5798342576307,46.63285754219989],[-118.57897393471534,46.633583761990415],[-118.578570197216,46.63396436198977],[-118.57813742638332,46.634238209906],[-118.57775596388392,46.6344934921973],[-118.57716354200983,46.63462667136375],[-118.57643738992762,46.634618822405464],[-118.57581593784526,46.63464524428037],[-118.57506439201309,46.63465559428038],[-118.5744408659724,46.63461060261378],[-118.5737608513901,46.63440565990585],[-118.57315548576605,46.634092533864596],[-118.57313364097443,46.63406914323965],[-118.57310000139114,46.634065406781254],[-118.5727149774334,46.63384466199002],[-118.57241744618385,46.63367407969856],[-118.5717815295182,46.63320064011599],[-118.57145918056034,46.63281218282497],[-118.57121096285238,46.632297696367374],[-118.57104462639433,46.631924953659606],[-118.57092196181117,46.63178150157655],[-118.5708657586863,46.63164620261841],[-118.57065230660326,46.63141185053546],[-118.57023329722892,46.6312159130357],[-118.56996814202104,46.63120662032739],[-118.56970098472976,46.63127067657731],[-118.56924747743882,46.63166841511838],[-118.56908731598071,46.632085855742766],[-118.56884937848105,46.632195897409204],[-118.56850574618996,46.63222433595082],[-118.56809290556556,46.63224186199243],[-118.56775029827446,46.63230587865904],[-118.56746002327493,46.63239290574224],[-118.56739524619165,46.63259185261693],[-118.56724785765022,46.632799191158256],[-118.56723680452524,46.63301289844959],[-118.56717478890033,46.633251027615955],[-118.5670415097339,46.63340708803228],[-118.56689101390079,46.63356338282375],[-118.56653870869297,46.633888541156566],[-118.56639199931823,46.6340455432397],[-118.5662893607767,46.63420042032276],[-118.56630863161,46.63427134011432],[-118.56648285035975,46.63434014115581],[-118.56663745765114,46.634326159905996],[-118.56684166077589,46.634240311989295],[-118.567169461817,46.63425955157261],[-118.56734333994171,46.63431648907255],[-118.56741494723332,46.63441042032242],[-118.56748963577483,46.63461108698877],[-118.56756535452475,46.6348473317801],[-118.56764038681627,46.635059857821474],[-118.567821805566,46.635377701570896],[-118.56808896806558,46.63568250469546],[-118.56830825348192,46.6361184713614],[-118.56841875348175,46.636366102611056],[-118.56849276493996,46.63654304844416],[-118.56865217639803,46.63669509636049],[-118.5687802409812,46.63695434844349],[-118.5689355201476,46.63720034948479],[-118.56868675660633,46.63735057240119],[-118.56830316077361,46.637534417192605],[-118.56781692848269,46.63775538490059],[-118.56724933056687,46.63785245469207],[-118.56670661702606,46.63791346510865],[-118.56645363056812,46.638131230733336],[-118.56625556702674,46.638455396357834],[-118.56605543994374,46.63870815573245],[-118.56602773473543,46.63874829323232],[-118.56590611598561,46.63892450156544],[-118.56580811286081,46.63912228489844],[-118.5656831586943,46.63928472031489],[-118.56537420348646,46.63936038281471],[-118.56498492223703,46.63934785156474],[-118.56461846911265,46.63922785573164],[-118.56454182640444,46.639120356773475],[-118.56442932640459,46.638962567190404],[-118.56424275661323,46.63878653385728],[-118.56384936286385,46.6386311859409],[-118.56340619411453,46.63854795156599],[-118.56309261286499,46.63846294427442],[-118.56262198682407,46.63832650469134],[-118.56233175557452,46.63815188802494],[-118.56212133474152,46.63804760990009],[-118.5618580514086,46.637908338025326],[-118.56152283682576,46.637958601566964],[-118.56132470661778,46.637958463025335],[-118.56125087224285,46.63795841510861],[-118.561157419118,46.63781803490052],[-118.56115387640966,46.63769490677565],[-118.56122201599287,46.63757695781758],[-118.56130767640946,46.63744645365104],[-118.56133846807607,46.63727358490134],[-118.56104873578481,46.63714820365154],[-118.56080422432689,46.63704068073502],[-118.56040006911915,46.63697844740179],[-118.55998821599486,46.63695942969348],[-118.55974671703689,46.636956563026885],[-118.55960388787042,46.636964669276786],[-118.5593552191208,46.63702349011],[-118.55903504307963,46.63708328490161],[-118.55878548995501,46.63711132135991],[-118.5586238826636,46.6370957619849],[-118.55856133370537,46.63708973906829],[-118.5583965597473,46.636956489068496],[-118.55834727433069,46.63679703177712],[-118.55830904933077,46.63671132761051],[-118.55818737537261,46.63652205990253],[-118.55805853474784,46.63639447969429],[-118.55806323058114,46.63624660261123],[-118.55813995974769,46.63611622136151],[-118.55831641808076,46.636033754694864],[-118.55850235245549,46.63592937240348],[-118.55851880349711,46.63592013490343],[-118.55872012745512,46.63576958177865],[-118.55872881287178,46.63571258594545],[-118.55874269724676,46.63562145990391],[-118.55870230349683,46.635559927612256],[-118.5586304951636,46.635450542195834],[-118.55854687328872,46.63534082240434],[-118.55844555349721,46.63523750157118],[-118.55813273683106,46.635241764071154],[-118.55783832537317,46.63526424948776],[-118.55747329308207,46.63531849115434],[-118.55729819308232,46.63534358282103],[-118.55723820141577,46.635352179695936],[-118.55718834933249,46.63535932448764],[-118.55694791599956,46.635393392195965],[-118.55683177016643,46.63537139636262],[-118.55675483370818,46.63535270886265],[-118.55659319308343,46.63514060677962],[-118.5564046160004,46.63489315469664],[-118.55639744829205,46.63464323282206],[-118.55622967016735,46.63421691407273],[-118.55619104308403,46.63399515678141],[-118.55603904933429,46.633898053656594],[-118.55556489829337,46.63363662553195],[-118.55522288683558,46.63346269115731],[-118.55498248787755,46.633215941157665],[-118.55484780037779,46.633039188032946],[-118.5546602597531,46.632827434908236],[-118.55442242537846,46.63266994011676],[-118.55419746496217,46.63262484949194],[-118.55400523267078,46.63258631720026],[-118.55348489517161,46.632521949492066],[-118.5531490243388,46.632562229700255],[-118.55296711183905,46.63254684011703],[-118.55246911496484,46.63235715782564],[-118.55199703684058,46.63216711928426],[-118.55197711913225,46.63215130157597],[-118.55173176600766,46.631956415117905],[-118.55143854517475,46.631674658868334],[-118.55137702017487,46.63133618282717],[-118.55131600871664,46.63101555782769],[-118.55112491809189,46.630678835953205],[-118.55101157225874,46.630341061995416],[-118.55094794100887,46.63023743595397],[-118.55084843996735,46.630075398454174],[-118.5505562503845,46.629829341162896],[-118.55021223892668,46.62958398491329],[-118.54991699830215,46.62923081616378],[-118.54983416288557,46.62905335262242],[-118.54976704830231,46.62851850887325],[-118.54986305455219,46.62824933074864],[-118.5500327191353,46.62783628491601],[-118.55012770455181,46.6275314036665],[-118.55030246392653,46.627296874500146],[-118.55045080038462,46.62704484533384],[-118.55057832121776,46.62697168283394],[-118.55081152955073,46.6269685213756],[-118.55104677850869,46.62703676512551],[-118.55112004725856,46.62706077450057],[-118.55136078475824,46.62713965991706],[-118.55161721704951,46.627229457833614],[-118.55195982642397,46.627238682833536],[-118.55239829308994,46.62716129950031],[-118.55254742954806,46.62707082970884],[-118.55272953475611,46.626960359917376],[-118.55287887954749,46.626744031792676],[-118.55287173058925,46.62649410991809],[-118.55278531496435,46.62619168908517],[-118.55269319829777,46.62608553804366],[-118.55255129308973,46.625805247419116],[-118.55229140663175,46.62558065679448],[-118.55228606913175,46.625565833877815],[-118.55214123684033,46.625163616170106],[-118.55199705559056,46.62495603179544],[-118.55168922329938,46.62482686512891],[-118.55162770038282,46.62480255575401],[-118.55137921600817,46.62462152867094],[-118.5511770410085,46.62431948804639],[-118.55094396913385,46.623903568255365],[-118.55068543788428,46.6235641911726],[-118.55015597017679,46.62341897346441],[-118.54973814309409,46.623310342214715],[-118.54943358371952,46.62329541929809],[-118.5494197014279,46.62330239846469],[-118.5493093701781,46.6233814620062],[-118.54905637955346,46.62359919013089],[-118.54887347747042,46.62354809013095],[-118.54868395559573,46.62326492138141],[-118.5485223858043,46.623052807840004],[-118.5482282087214,46.62273533596556],[-118.54796147643016,46.62247107034095],[-118.54763357747231,46.62224108388307],[-118.54751184830587,46.62215569950818],[-118.54738232538938,46.622113248466576],[-118.54688390768183,46.6219498922168],[-118.54628289934942,46.621779432842125],[-118.54563159935043,46.621663225550584],[-118.54514033372618,46.62170558075885],[-118.54465262122699,46.62187289430027],[-118.5443488128941,46.622127015133124],[-118.54399571810296,46.62247109221602],[-118.54349936393707,46.62295858909018],[-118.543348002479,46.62310910575667],[-118.54239088893881,46.62294701096521],[-118.54169157643992,46.62271102346559],[-118.54127263581552,46.622602064090756],[-118.540977551441,46.62252531721594],[-118.5407124243581,46.62245913075768],[-118.54038538477529,46.62235191825781],[-118.53989917435935,46.62234451200784],[-118.53947369311,46.622336289091166],[-118.53906726706897,46.622285950549575],[-118.53880135248602,46.62219186304976],[-118.5384548649866,46.62211281200824],[-118.53806591811218,46.62196457242511],[-118.53789924207076,46.62179939117526],[-118.5376873431128,46.62146739325916],[-118.53755443998796,46.6210645713848],[-118.53744493894646,46.62077305263529],[-118.5371925629052,46.620441598469085],[-118.53681834623909,46.62009782659465],[-118.53644571498972,46.619809841178395],[-118.53591549624053,46.619677443262],[-118.53554800040776,46.61957076201208],[-118.53495430249197,46.61934154638749],[-118.53468367853411,46.619080091179555],[-118.53455435145098,46.61880278805498],[-118.53460876707591,46.61857882555536],[-118.53463173895086,46.61851904743042],[-118.53461395978424,46.618508079722126],[-118.53464530874247,46.618438815138894],[-118.53460088582591,46.61829989222239],[-118.53431239207634,46.61812238805606],[-118.53398499520188,46.61800121097291],[-118.53361711916074,46.617880575556434],[-118.53358491811912,46.61787322763986],[-118.53334000457784,46.61781733284817],[-118.53042457541572,46.61745600055713],[-118.53022396604104,46.61746560576539],[-118.53020038479104,46.61749103493198],[-118.52998697437471,46.61767805576509],[-118.52951416291711,46.618144793264314],[-118.5290171775012,46.618472333888874],[-118.52851939625202,46.61877197763841],[-118.5284889702104,46.61878043180503],[-118.5280974775027,46.618889229721525],[-118.52793885979459,46.618870923471555],[-118.527447410837,46.618814200554986],[-118.52685414729625,46.618598889097],[-118.52653223583845,46.61837535368066],[-118.52635660458866,46.618186971389264],[-118.52598012125594,46.61775948493157],[-118.52566514938144,46.61735907972385],[-118.52543388584014,46.61705522034932],[-118.5251025993823,46.616794550558105],[-118.52481805979944,46.61675648909988],[-118.52451915354986,46.61692789534958],[-118.52419957438372,46.61719735368247],[-118.52418289730043,46.617211416182485],[-118.52384663480093,46.617494934932026],[-118.52365244625958,46.617790514098246],[-118.52331461501008,46.61801824534788],[-118.52323794626021,46.618051816181115],[-118.5231819608436,46.61807633180607],[-118.52285455251081,46.618219697430916],[-118.52230961501165,46.6182827599308],[-118.52182774105403,46.61842869222222],[-118.52142331501301,46.618448022430556],[-118.52132301084653,46.61842296305559],[-118.52062805980593,46.61824931930585],[-118.52011657439004,46.61806079013945],[-118.51978257230724,46.61770247868172],[-118.51953187855766,46.6174267693071],[-118.51924226918305,46.61720738597413],[-118.51921601501648,46.6172005495158],[-118.51883433793371,46.61710118701599],[-118.51787757960187,46.61691855993295],[-118.51718901710292,46.616913743266274],[-118.51658102543719,46.616893900557976],[-118.51593099835486,46.6168188057664],[-118.51550478168889,46.61678259847479],[-118.51516302960607,46.61687083701633],[-118.51478351919002,46.61705723909937],[-118.51459487231529,46.61716889014089],[-118.51421444939922,46.617471644307045],[-118.51373682023332,46.618005877639575],[-118.51324284523406,46.61844492347226],[-118.51249116711023,46.61908270263792],[-118.51125910773715,46.61992215367824],[-118.51085101294609,46.62014817034458],[-118.50809994732539,46.622337123466195],[-118.50761325774278,46.62280250679876],[-118.5075162025346,46.62296228700692],[-118.50732278170159,46.62328070158969],[-118.50737906920149,46.62377023700561],[-118.50740286920144,46.62397724429692],[-118.50747211711804,46.62428327242149],[-118.5074195202431,46.62457695783768],[-118.50730484940993,46.62482312658735],[-118.50731044940994,46.62502485471199],[-118.50745834836802,46.62524613908666],[-118.5077693619092,46.62550712554458],[-118.50820029003353,46.625710723460934],[-118.50867015982446,46.62585799950242],[-118.5086821306578,46.62586365471071],[-118.50904075149055,46.62607634221039],[-118.50959237753135,46.626250438043456],[-118.50993730044752,46.62627378804345],[-118.51027132440531,46.626269379710116],[-118.5105446191966,46.626265771376715],[-118.51121150565388,46.626215107835144],[-118.51155759315333,46.62628029325171],[-118.51160274106991,46.62644712033473],[-118.51136524627863,46.62664558595947],[-118.51104600044579,46.62681722658417],[-118.51056790252989,46.6271025797088],[-118.51025361086369,46.62733883387508],[-118.5101711650305,46.62740080783335],[-118.50993249836421,46.62755743074974],[-118.50967940357293,46.627923520332516],[-118.50964628378131,46.62818904637376],[-118.50959796190637,46.628636144289764],[-118.50948618586489,46.6289864182476],[-118.50919336711537,46.6293809359553],[-118.50871562440773,46.62968022762146],[-118.50825468899178,46.62990469116274],[-118.5081561212836,46.62995269324602],[-118.50751446607627,46.63018438074568],[-118.50703360982705,46.63037209220368],[-118.50679685670241,46.63059844220334],[-118.50638253691137,46.630994552619455],[-118.5059666598287,46.631334874493845],[-118.50577836712061,46.63150352032689],[-118.50550492337106,46.631680059910046],[-118.50521394837155,46.63194471615968],[-118.50475717962222,46.632271619284076],[-118.50439815878947,46.632471667200456],[-118.50380236191535,46.63289806094977],[-118.50334403170774,46.633169170324386],[-118.50292387441675,46.63335606615742],[-118.5029054640001,46.633358218240765],[-118.50284572337516,46.633365195324046],[-118.5022997004594,46.633489831782185],[-118.5017954619185,46.63356621407377],[-118.50120946296109,46.633615761990306],[-118.50072469837846,46.63366397865694],[-118.50025825046254,46.63364219324026],[-118.49974899629667,46.63353725469879],[-118.49938070463054,46.63340256511566],[-118.49905483171445,46.633337076574094],[-118.49879470567318,46.63345210053227],[-118.49855713379851,46.633650539073635],[-118.49836082650717,46.63387634011494],[-118.49802548275768,46.63420162761443],[-118.49770768588316,46.63442902032236],[-118.49724046609221,46.634682949488756],[-118.49711645984242,46.63481384115512],[-118.4966549733848,46.63518224844627],[-118.49648464005175,46.63533818386263],[-118.49629859317702,46.635479900529106],[-118.49584212755273,46.635820718236886],[-118.49546395463665,46.63606284323649],[-118.49544434734503,46.63608635365322],[-118.49524545567864,46.63621917136127],[-118.49472669630445,46.636504989069195],[-118.49410323276373,46.6366666046939],[-118.49379989734757,46.63668451823558],[-118.49348362755637,46.63679865573541],[-118.49126601818483,46.638739364065636],[-118.49124776818485,46.63877959739892],[-118.49102648381017,46.638953007815374],[-118.49053558589429,46.63951748073121],[-118.49024334110312,46.639939844272185],[-118.4899067629786,46.640223266146734],[-118.48972987652053,46.64042089739645],[-118.48904178172994,46.640443808854826],[-118.48834870777267,46.640285405729934],[-118.4879968213149,46.64001094531373],[-118.4876823744404,46.6396243828144],[-118.48730871714928,46.63929439531483],[-118.48701529423313,46.63893546198209],[-118.48654001819216,46.638592843232665],[-118.48606665881789,46.63831995469139],[-118.4856169879853,46.6381723244833],[-118.48527428798582,46.63823258177484],[-118.4848933806947,46.63837704635799],[-118.48467674944504,46.638603086982634],[-118.48418769527915,46.63923726927331],[-118.48373378902983,46.639675667189266],[-118.48290237861448,46.640384042188096],[-118.48284078798956,46.64044075260476],[-118.47974891299435,46.64284881926768],[-118.47916695153697,46.64393962134936],[-118.47903421612045,46.64413137134906],[-118.47871932445429,46.644470286973494],[-118.47836012653818,46.644670255723184],[-118.47779993174737,46.64492862863946],[-118.47718163695669,46.645285410930555],[-118.47666231404084,46.6455572025968],[-118.47628171299976,46.64571558697154],[-118.47574099008393,46.64594579322112],[-118.47525609008466,46.64599390363784],[-118.47494060987685,46.64593147863788],[-118.47446172758589,46.64583672030475],[-118.47382748800358,46.64560771405507],[-118.4729869525882,46.64524184009731],[-118.47253044529727,46.64484311301456],[-118.47245871508903,46.644439430723516],[-118.47256962238049,46.64404735155748],[-118.47280051821349,46.64359791718318],[-118.47307304946304,46.643189804683836],[-118.47314306925462,46.642784297392765],[-118.47329333487939,46.64234985364341],[-118.47352459737903,46.641914367185734],[-118.47377383175365,46.64139493697823],[-118.47392830362838,46.641242077603536],[-118.47393128487839,46.64122548489519],[-118.47410524112814,46.64106698281215],[-118.47414873071142,46.64102735781214],[-118.47416481091973,46.640873679687374],[-118.47413887862808,46.64066473593771],[-118.4740245911283,46.64055877968787],[-118.4739918286283,46.64047130364634],[-118.47369735050377,46.640070492188634],[-118.47356941404566,46.639834958855644],[-118.47348273592075,46.63962679739772],[-118.47327759321276,46.63953177656444],[-118.47297536821321,46.63959147552271],[-118.47273578383857,46.63972012864749],[-118.472498199464,46.63982509635571],[-118.47247557029732,46.63983509114737],[-118.47211448696451,46.6399653067721],[-118.4720775213396,46.63997159531376],[-118.47167089321522,46.64004077552208],[-118.47110304113278,46.64008727656366],[-118.47106454217455,46.640090429688556],[-118.47051742967535,46.640083511980286],[-118.46992868280125,46.64003527135543],[-118.46982845155145,46.64001823593868],[-118.46931817863556,46.63993149948054],[-118.46889735780286,46.639881871355655],[-118.46866415676158,46.639716668230825],[-118.46863635884495,46.63943798802295],[-118.4686426453033,46.63940492968967],[-118.46868775988655,46.63916771719003],[-118.46884513384464,46.638919086982106],[-118.4691138942609,46.638371511982925],[-118.46935680571886,46.6379965411502],[-118.46940554321878,46.63792130573369],[-118.469478607802,46.6376273765674],[-118.4692528536357,46.63751866302595],[-118.46898962238606,46.637522043234334],[-118.4685449088451,46.63755565677583],[-118.46814144634573,46.6376166432341],[-118.46777697342965,46.637621320317464],[-118.4673498671803,46.637557041150934],[-118.466899876556,46.637395389067805],[-118.46648849843162,46.63716348281817],[-118.46595073905745,46.636751817193776],[-118.46523640155857,46.63655169115245],[-118.46479169114257,46.63658529115246],[-118.46438139947658,46.636590544277404],[-118.46410325260199,46.63659410365243],[-118.46363265468608,46.63641875261102],[-118.46359490885276,46.636152543236406],[-118.46360413072779,46.63611217552813],[-118.46361836093611,46.6358887630284],[-118.46369107864427,46.63558089219561],[-118.46366368489436,46.63531615573773],[-118.4635343015612,46.63502482136316],[-118.46328380781159,46.63474898803024],[-118.46299357552039,46.634501565113965],[-118.46274421614578,46.63426757240597],[-118.46231376302143,46.63407774844792],[-118.46196504948028,46.63391478386486],[-118.46174007552229,46.63383394844833],[-118.4614344901061,46.63376809324018],[-118.46129968802302,46.633784145323425],[-118.4611720286482,46.633799349490026],[-118.46103347344007,46.633853046364926],[-118.46084161198206,46.63399019844805],[-118.46069210052394,46.63402870886475],[-118.46035089739951,46.63414468073947],[-118.46003106719166,46.634302233864304],[-118.4597918494837,46.634444806780785],[-118.45957512865067,46.63467080157207],[-118.45931903490106,46.63493915469659],[-118.4591596786513,46.635038850529746],[-118.4590399015682,46.63505516719641],[-118.45859461719385,46.635115817196294],[-118.45806592969467,46.635038847404836],[-118.45763772969535,46.63493268907157],[-118.45716828907108,46.63479915053014],[-118.45682070990495,46.634678011988655],[-118.45670499740515,46.63461082761378],[-118.45649150782215,46.63448687657234],[-118.45630441719743,46.6343078838643],[-118.45605770782282,46.63417150469783],[-118.45579561303155,46.63421669740612],[-118.45559949636521,46.634456375530704],[-118.45542838490711,46.63462800573877],[-118.45535309115725,46.63467644532207],[-118.45504677344938,46.634993579696506],[-118.45452893074184,46.635321057821024],[-118.45401406928431,46.635760111987],[-118.45396220157608,46.635799369278615],[-118.45367657865984,46.63601553594496],[-118.45332219532706,46.636396739069404],[-118.45280880886952,46.63689157761026],[-118.45211914428728,46.637611880734184],[-118.45145307032993,46.63845744739948],[-118.45076299324768,46.63916379531508],[-118.45044571616482,46.63941895260627],[-118.44996942033225,46.63978773906411],[-118.4497762380409,46.640138983855195],[-118.44950056929135,46.64043546822967],[-118.4492256370001,46.64075984427092],[-118.44878795783409,46.64105837760374],[-118.4482925015849,46.64146925676986],[-118.44767628075248,46.64190956614418],[-118.44702029325352,46.64237827656004],[-118.44705689950344,46.64239971197668],[-118.44696214533695,46.64247667447662],[-118.44638863492116,46.6430001463508],[-118.44592950367189,46.64354978697494],[-118.44579969221373,46.64370518593296],[-118.44522652867296,46.64424259947383],[-118.44481350888192,46.64470822759815],[-118.44413869534135,46.64523297030561],[-118.44372009221694,46.64548938488855],[-118.44348338909231,46.64553332863855],[-118.44307500367633,46.64560914009676],[-118.44277893492678,46.64560629947169],[-118.44244682867725,46.64560311301341],[-118.44211686826111,46.64538404113872],[-118.44174121930337,46.64497022134771],[-118.4415589578453,46.64475370780641],[-118.44142744222052,46.64459747447333],[-118.44117664430424,46.644307646348764],[-118.44076347034655,46.644005909890886],[-118.44015593284752,46.644013559890844],[-118.43938003493201,46.64419440364059],[-118.43927005889054,46.64422003593222],[-118.43862460784986,46.644325817182064],[-118.43761610680974,46.64449196718181],[-118.43702881514399,46.64449934426518],[-118.43670516097785,46.644517361973406],[-118.43637670785337,46.644354066140345],[-118.43627627452021,46.64425430051557],[-118.4360438255622,46.64402339947416],[-118.43576444327095,46.643963133849304],[-118.43573821202102,46.643957475516],[-118.43571699431271,46.64397074114097],[-118.43525993181346,46.64425646718217],[-118.4347242088976,46.6446817421815],[-118.43409053702355,46.64523381197228],[-118.43331951098308,46.64595502030455],[-118.43328473598315,46.64600196301281],[-118.43324071410827,46.646039718221076],[-118.43272520994236,46.646464731762045],[-118.43226898285974,46.6468331921782],[-118.4320078307768,46.64722833384422],[-118.43195379536024,46.64731009634414],[-118.4318244745271,46.647474326552185],[-118.43148880473592,46.64768413071852],[-118.43145147973598,46.64770746092676],[-118.43127073806959,46.64787562967659],[-118.4308319995286,46.64796647030143],[-118.43077985057039,46.647981928634714],[-118.43027316515452,46.647974311968035],[-118.43020398390462,46.64795599842647],[-118.43009240057141,46.64795335988477],[-118.42996698911332,46.64789325780154],[-118.4291638661979,46.64727200155249],[-118.42786691932493,46.64764818696858],[-118.42767583286685,46.64769577759346],[-118.42765247870024,46.64770010884353],[-118.42694730370134,46.647848425509856],[-118.42648332245204,46.64792397238481],[-118.42603189745273,46.64770637030182],[-118.42590231516131,46.64740104426062],[-118.42589425161965,46.64709420467776],[-118.4261450682859,46.64661671613674],[-118.42621517766084,46.64633353384559],[-118.42616944120256,46.646002529679436],[-118.42593310474456,46.64548925676362],[-118.42590072036961,46.645277290097205],[-118.42588417141134,46.645168973430785],[-118.42571629432824,46.644947835931035],[-118.4253282141205,46.64482710468132],[-118.42521878912066,46.64482376301454],[-118.4250038214127,46.644817195306366],[-118.42427549537217,46.64485416926457],[-118.42390840162273,46.64476107655642],[-118.42353509016493,46.64443087759856],[-118.42331282870695,46.64423080884889],[-118.42324461829043,46.6441694067656],[-118.42283446933273,46.64397918280753],[-118.42230537558355,46.64388809947442],[-118.42210089641719,46.64385374426609],[-118.42191877245914,46.64382314634958],[-118.42143018391823,46.64373155676633],[-118.42079947246089,46.643627775516464],[-118.42053166621128,46.64367988697475],[-118.42041652350315,46.643702293224685],[-118.42017971621186,46.64394241405763],[-118.42000511933715,46.64423756822385],[-118.4198743068373,46.64465774947321],[-118.41975755996248,46.6448919161395],[-118.41964333183768,46.6451210265558],[-118.41948032767124,46.64532596613889],[-118.41931962246315,46.64557757238845],[-118.41927277558824,46.64566974738826],[-118.41924667037995,46.64569178801326],[-118.41894788704708,46.645944044262855],[-118.41883671308892,46.64603790676274],[-118.41838002975629,46.64639236613717],[-118.41810909121507,46.646564334886904],[-118.41804084434017,46.64659189634514],[-118.41772336725734,46.64684696509484],[-118.41756645059087,46.64704423592782],[-118.41749799850766,46.6471344828027],[-118.41733143496624,46.647354086968996],[-118.4169535547585,46.64762385363524],[-118.4166114443424,46.647711802593484],[-118.41631601413451,46.64780520467664],[-118.41628994850954,46.64781344634332],[-118.4162287776763,46.64785130363491],[-118.41599088809335,46.647998521343006],[-118.41591398496848,46.64807555675961],[-118.41589217142683,46.64809740884281],[-118.4158665318435,46.64814395780114],[-118.41581479851027,46.64823788175935],[-118.41581108705198,46.64825621092591],[-118.41573633496877,46.648336517175835],[-118.41568030684378,46.64851858488385],[-118.41552555996907,46.64879953696674],[-118.41549109121912,46.648863563008256],[-118.41535165059435,46.64912258071629],[-118.41513577767802,46.64939033592422],[-118.41487830372006,46.64961675154887],[-118.41482117872017,46.64975697550697],[-118.41456006517888,46.64984391613182],[-118.4141571755962,46.64993260779834],[-118.41389424017991,46.64994980988162],[-118.41386741830496,46.649946794256714],[-118.41383348080501,46.64995056196498],[-118.4132457599726,46.649943871339985],[-118.41280054330662,46.64996332342331],[-118.41235641414063,46.650024615089926],[-118.4118757703914,46.650239825506176],[-118.41133654018385,46.650539467172386],[-118.41069675685158,46.65086825154693],[-118.41001863289426,46.651281215087934],[-118.40939945060359,46.6516236900874],[-118.40900160997916,46.651907628628656],[-118.4085030714383,46.652188196336525],[-118.40801389956404,46.65231431612792],[-118.40774219331446,46.65233071716954],[-118.40745837456491,46.65238210779456],[-118.40730629539848,46.652370674461224],[-118.40696495477404,46.652281491127994],[-118.40645316519148,46.652078507795],[-118.4060046735255,46.6519724057118],[-118.40584372248408,46.652016239045146],[-118.4057055568593,46.65215745571155],[-118.40559053498447,46.65241000050282],[-118.40527476935995,46.652734773419034],[-118.40497564540209,46.65291982133539],[-118.40467435165256,46.6530211848769],[-118.40460493290267,46.653056219251816],[-118.40433435061139,46.653192780709915],[-118.40377659644567,46.65356237237608],[-118.40325790373812,46.653875678625646],[-118.40290160582197,46.65420093904173],[-118.40252432873922,46.6544985546663],[-118.40221177978141,46.65494884320719],[-118.40208671519827,46.65535908174828],[-118.39994702145158,46.657315597370165],[-118.39992452665996,46.65732882028686],[-118.39950649332724,46.657718386952936],[-118.39897918916142,46.65778034216122],[-118.39847534749556,46.65783953903605],[-118.39845682353722,46.657840980702716],[-118.39803071416289,46.6578182859111],[-118.39762989124682,46.65799060466086],[-118.3976006974969,46.658012922369146],[-118.39735168812228,46.65820328174384],[-118.39695301728955,46.658459281743454],[-118.39640895166544,46.658577541118234],[-118.39614561104082,46.65858075361826],[-118.39587472666625,46.65852922341],[-118.39507995583416,46.65840244528522],[-118.39474794541798,46.658170776535535],[-118.39470967562636,46.658144073410575],[-118.39241806312992,46.65654495778807],[-118.39237712979669,46.65656011403806],[-118.39206576729715,46.65673302445447],[-118.39190800583907,46.65689419216255],[-118.39158406938122,46.6570986400789],[-118.39148906625637,46.657158596328784],[-118.3905438027162,46.65743517549503],[-118.38963975792592,46.65773914736956],[-118.3885587475109,46.65825454007709],[-118.38763977459568,46.65876795570133],[-118.38676165688872,46.6592948213255],[-118.38596561938994,46.65986254111626],[-118.38572119022365,46.660049333824276],[-118.38565964126542,46.66012330361592],[-118.38557214751559,46.66020501924071],[-118.38542539334914,46.66030484840725],[-118.38538257251582,46.66033699528221],[-118.38519648293283,46.66036535569879],[-118.3846963673086,46.66039296194877],[-118.38427679647587,46.660385254657115],[-118.3838304141849,46.66036275049044],[-118.38319672876924,46.660147185907476],[-118.38278588293657,46.65992892340787],[-118.38255771627026,46.65972240465819],[-118.38252883293696,46.65967328799161],[-118.38234589647891,46.65936221715875],[-118.38215398293755,46.658987836950956],[-118.38196242460447,46.658627403618226],[-118.38181564856308,46.658433852576806],[-118.38148727356355,46.65827039632703],[-118.38139195793872,46.65822828695216],[-118.38114338085576,46.65854660049331],[-118.38097550585606,46.65886255153443],[-118.380757647523,46.659060505700815],[-118.38038269856524,46.6594556807002],[-118.3799427121076,46.659684218199835],[-118.37980474752452,46.659736359866514],[-118.37956136731657,46.65982833694966],[-118.37910005169228,46.66001527236605],[-118.37874002252613,46.66020098486578],[-118.37844218398493,46.660441754657015],[-118.37784366211089,46.66081171090649],[-118.37716551315361,46.661238433822525],[-118.37678379648753,46.661368593197274],[-118.37606263919696,46.661698162988415],[-118.37548186836455,46.6619702296547],[-118.37456199961598,46.66245564840388],[-118.37376437357558,46.66296749423646],[-118.37294541316017,46.66343773381904],[-118.37247187461925,46.66378831090191],[-118.37242576107764,46.66384900777669],[-118.3722971121195,46.66402058902642],[-118.37190487670343,46.66428688902609],[-118.37158463712059,46.66439536819253],[-118.37133871837096,46.66443755673423],[-118.37101318920482,46.664336819234336],[-118.37070599233027,46.66420970152618],[-118.37037298087252,46.66398828277648],[-118.37020357983107,46.66387564527668],[-118.36981447045667,46.663514070277266],[-118.36944468712392,46.663165344236106],[-118.36921050066594,46.662919629653196],[-118.36895633399968,46.662634915070264],[-118.36857153191693,46.66244332132066],[-118.36824832670914,46.66243410882065],[-118.3679457662929,46.66249004527878],[-118.36775847983489,46.66259692236206],[-118.36756942254351,46.66278991611167],[-118.3674791892103,46.662847470278294],[-118.36702132254437,46.66317383381938],[-118.36660150900332,46.663402078610716],[-118.36604022879591,46.66364596194372],[-118.3652777548387,46.66394805360991],[-118.3650676631724,46.66399312027649],[-118.36445133400667,46.6641253348597],[-118.36372866109112,46.66439903485921],[-118.3632483954669,46.664641939025515],[-118.36279119025926,46.664996182774985],[-118.36231371630163,46.6653506640244],[-118.36219518713519,46.66542746714928],[-118.36192730901058,46.66567484839891],[-118.36141940276138,46.66587709110696],[-118.36115205692846,46.6660849692316],[-118.36100941734537,46.66619588485644],[-118.36059548713763,46.66635776506449],[-118.36057968297104,46.66636047339786],[-118.36055363609604,46.666364942147844],[-118.36010361318007,46.666442092147726],[-118.36003005901352,46.66643575048107],[-118.35983704130551,46.66641910152278],[-118.35978950380559,46.66642934423105],[-118.35951578297268,46.6664883192309],[-118.3593111100563,46.66666078902239],[-118.35901507047345,46.66697822131352],[-118.35875439547387,46.667190594229915],[-118.35838007776606,46.66741739631286],[-118.35835219443281,46.66743537443785],[-118.35798741943336,46.66767057443746],[-118.35789997880853,46.667972447353655],[-118.35781253922534,46.66827432026981],[-118.35791701110014,46.66865239526934],[-118.35792749235016,46.66907082339353],[-118.35787967776685,46.66943762651802],[-118.35764158401724,46.66979360568412],[-118.35726986318446,46.670125010891994],[-118.35704813922649,46.67037615776661],[-118.35635577985255,46.67080292339098],[-118.35572072152024,46.67124208276529],[-118.35461827048029,46.671987609847534],[-118.35359096423183,46.67270729734636],[-118.35349777360697,46.67277258067955],[-118.35237887777544,46.67362291713657],[-118.3511610465273,46.67431745671878],[-118.35047596736172,46.67472047130151],[-118.35015019965385,46.67493106088456],[-118.34959103194639,46.67536929109212],[-118.34916158298876,46.67567519109173],[-118.34884318403091,46.675862062966395],[-118.34848776319814,46.676088608799446],[-118.34828532361509,46.67628866817408],[-118.34797850903227,46.67777061817181],[-118.34786937257405,46.678297743170965],[-118.34786520799076,46.67831786400433],[-118.34779719653248,46.678378004629124],[-118.34775549965758,46.67841487754582],[-118.34736973299152,46.67850846087893],[-118.34704649861702,46.67854573379557],[-118.3469907402838,46.678552161920656],[-118.34676406007576,46.678607150462135],[-118.34662397674263,46.67866332858707],[-118.34629364757654,46.67879580358691],[-118.34611988716013,46.67889109629505],[-118.34604991632688,46.678929468169954],[-118.34578978299398,46.6791679650447],[-118.3456449361192,46.67945742441919],[-118.34541028924457,46.67995721504343],[-118.34518944341158,46.68024756608463],[-118.3449979517452,46.680423122334375],[-118.34479922674552,46.680605307750724],[-118.34399523820508,46.68113794524996],[-118.34330393403953,46.681616937957465],[-118.34263226424889,46.682121852540035],[-118.34214896008297,46.68255915462271],[-118.34151235591732,46.68294593483049],[-118.3412292996677,46.68302773170526],[-118.34073918404344,46.68319043378845],[-118.34066808612691,46.683219885871644],[-118.34004818716954,46.68362025357937],[-118.34000885383627,46.683630623370995],[-118.33996982779468,46.68367086399598],[-118.33989454862814,46.683748485870865],[-118.33984205383653,46.683802611912434],[-118.33973516529504,46.684091620245376],[-118.3397223080034,46.68434028482825],[-118.33973200904506,46.68473256607765],[-118.33973718092005,46.68494177961901],[-118.33987729862815,46.68522789316024],[-118.33989985696142,46.68537150670162],[-118.33979777675323,46.68554344628471],[-118.33870422675493,46.68638704211671],[-118.33850372779695,46.686682928574584],[-118.3383966444638,46.686840955657765],[-118.33831035904723,46.687195118157106],[-118.33849235696364,46.687637699406444],[-118.3387088038383,46.68793600253107],[-118.33896390592122,46.688260009822166],[-118.33908276529604,46.68845481398848],[-118.33927957362909,46.68872718482147],[-118.33945479342049,46.68889517127955],[-118.33962904550356,46.689023928570926],[-118.33982294654488,46.689178616070755],[-118.3399421340447,46.68938649419547],[-118.33983426633654,46.68963627336167],[-118.33961108717023,46.68983508273643],[-118.33923524342082,46.69000951919447],[-118.33895893300456,46.69036590669389],[-118.33887135279639,46.6906677650268],[-118.33897379862952,46.69096740148464],[-118.33907430696276,46.691188579609346],[-118.33913551842096,46.69135790148405],[-118.3390656486294,46.69160723273366],[-118.3388811111297,46.691831749399945],[-118.33886931112971,46.691845821274974],[-118.33770235488153,46.69262465981539],[-118.3376285715483,46.692683504606975],[-118.3375182580068,46.69276577648186],[-118.33724192363223,46.692931946273234],[-118.33722393821557,46.69300475564812],[-118.33688516738279,46.69437605356266],[-118.33596096634255,46.694859187936885],[-118.3349481455108,46.69538863585279],[-118.33489880801085,46.69568842647734],[-118.33460682676133,46.69746252543297],[-118.33460339967797,46.697528536891134],[-118.3347504111361,46.69776589418243],[-118.33504064446898,46.697971783765446],[-118.33534892155183,46.69813822230685],[-118.33554187675986,46.69825368793165],[-118.33583018196776,46.698381118139835],[-118.33589268196768,46.69860274313944],[-118.33567299967633,46.69894538272225],[-118.33539110801013,46.69931575459667],[-118.33387230592916,46.700797722302724],[-118.33377561426259,46.700892068135836],[-118.33347332363809,46.70092165146912],[-118.33321447884681,46.7010144941774],[-118.33274221634758,46.70113771396885],[-118.33226898718164,46.70122170251042],[-118.33196777676541,46.701342927510176],[-118.33174484655747,46.70155479938494],[-118.33158831530766,46.70176042646792],[-118.33152384134944,46.70184512438439],[-118.33147292989123,46.70209423271741],[-118.33135113509975,46.70255344000833],[-118.3313443444747,46.703050546257536],[-118.3311803528083,46.703340207715414],[-118.33073253822569,46.703685492089875],[-118.33028214447639,46.703926165006145],[-118.3297415267689,46.704364078547215],[-118.32942449864437,46.704616278546766],[-118.32925824343631,46.7048144045882],[-118.32925884135295,46.70483864833816],[-118.3292627903113,46.704999508754575],[-118.32926498822796,46.7050890014627],[-118.3293464767695,46.70531040771238],[-118.32958002781078,46.70553004937873],[-118.32988801114368,46.70568342854514],[-118.33001281739348,46.70571851708668],[-118.33015604968489,46.70575879000334],[-118.33031132676797,46.70588778166987],[-118.33031426739296,46.70600749521132],[-118.33031576530963,46.70606843583618],[-118.33031614551801,46.7060839202112],[-118.33012992155994,46.7062430420859],[-118.32980934968542,46.70635140666916],[-118.32948587468594,46.70641015875239],[-118.32925001739466,46.70680261604337],[-118.32912466322819,46.7071179837512],[-118.32882726635366,46.7073961129175],[-118.32833785385442,46.70759799104217],[-118.32801727260487,46.70770635041697],[-118.32791076114671,46.70773025562528],[-118.32752561010562,46.70781669625016],[-118.32716764968956,46.7079516441666],[-118.32685026739834,46.708190759791265],[-118.32681884239844,46.70822820458283],[-118.32650421739892,46.708446292082535],[-118.32577371844172,46.709427926455966],[-118.32549088823379,46.709807977497086],[-118.32496489656796,46.70994325145513],[-118.32457518094355,46.710043475413414],[-118.3241970580275,46.710104975413266],[-118.32342803198704,46.7101267858299],[-118.32341061011203,46.71012416812161],[-118.32327391636227,46.71010363895491],[-118.32307707157088,46.70999291916347],[-118.32211704032238,46.70945292749761],[-118.32181064657283,46.70928058583121],[-118.32154938198995,46.709133625414815],[-118.32081882157439,46.709369458747716],[-118.32035954136678,46.70946918270594],[-118.31962295490956,46.709673874372285],[-118.31905776636883,46.70988966708033],[-118.31852995803628,46.710078867079986],[-118.31815358720354,46.71024015874637],[-118.31771731845419,46.710284425413015],[-118.3174137997047,46.710314078537934],[-118.31711719970514,46.710365701454535],[-118.31709190699684,46.71037010457947],[-118.31688629866385,46.7105163483293],[-118.31684015699722,46.710593964995844],[-118.31677669345567,46.71070072437069],[-118.31664966637254,46.710950700411956],[-118.3163160705397,46.71130769103642],[-118.31560544762414,46.71179981395232],[-118.31482488512535,46.71225624728492],[-118.31481405179204,46.71226325457663],[-118.31470565700056,46.712333344159816],[-118.31443681429266,46.71244853790969],[-118.3142351590846,46.71253494415955],[-118.31367087262714,46.71278993999246],[-118.31319814554456,46.712900003533974],[-118.31248207992063,46.71316981290852],[-118.31191619346323,46.713359419158195],[-118.31118078929768,46.71361636186623],[-118.31115845492275,46.71362811915778],[-118.31077820804832,46.71386797019909],[-118.31039425909059,46.71445936915656],[-118.31006671117444,46.71503055248895],[-118.30966663617505,46.715487575404886],[-118.30965146430009,46.715504906654886],[-118.3092035111758,46.715803533737784],[-118.30847256534355,46.71616409519558],[-118.30778332055297,46.71679723269459],[-118.30760979867826,46.71695662644433],[-118.30653416222158,46.71791800456781],[-118.30641231534673,46.718026906651026],[-118.30546888201489,46.71901600664943],[-118.30477715493267,46.71982613060649],[-118.303663943476,46.72085628685494],[-118.3032921091016,46.72118309727108],[-118.30322512681006,46.72122807018768],[-118.30281501118566,46.72157281289548],[-118.30245972889459,46.72182537018676],[-118.30204866118686,46.72213088164464],[-118.30163664243754,46.72239716185254],[-118.30120655181317,46.72270288685203],[-118.30081479660545,46.72302125247654],[-118.30061035493912,46.72321977330959],[-118.30023603723136,46.72347253893418],[-118.30018735389808,46.72349852539248],[-118.30016959452315,46.72350800247575],[-118.29993557369018,46.72363290976723],[-118.29963479556562,46.72378020351702],[-118.29925701639951,46.723889129558515],[-118.29865074556716,46.72398757018342],[-118.29809932056799,46.72399382851669],[-118.29752762681888,46.72394799414179],[-118.29715257161115,46.72388090976691],[-118.2959658486963,46.72374177018379],[-118.29465737265667,46.723756583725454],[-118.29423766015731,46.723772030600415],[-118.2938898226579,46.72378483268375],[-118.29341093099191,46.72398591185006],[-118.29293530807598,46.72432392330787],[-118.29242656224346,46.72446663684934],[-118.2919159445359,46.72453110143253],[-118.29157926536976,46.72473057018228],[-118.29181150182775,46.7249236149736],[-118.29236055911855,46.725036444140066],[-118.29247136224342,46.72515096184832],[-118.29285471224279,46.72571406288905],[-118.29298345599263,46.72633874101309],[-118.29293918515937,46.72686754205394],[-118.29289304140941,46.72731809309484],[-118.29282185078449,46.72741270038649],[-118.2924603414101,46.7275421420529],[-118.29193006641088,46.72763428476107],[-118.29119393412037,46.72763182434449],[-118.2904898862048,46.7276613045527],[-118.28984975078913,46.72774390871921],[-118.2894773205814,46.72788810351068],[-118.28926376641503,46.72812743267698],[-118.28905046745707,46.72837752642655],[-118.2889126299573,46.72850831080131],[-118.28872654037423,46.728585791009564],[-118.28854044974952,46.72866327121784],[-118.28825091016661,46.72900037642557],[-118.28799165600039,46.72929406184183],[-118.28789064350053,46.72937542746679],[-118.28779255287566,46.72941054204994],[-118.2877530310007,46.72942815350834],[-118.28734203829306,46.72961127954963],[-118.28635332371124,46.729915898299204],[-118.28530909767119,46.730279832673624],[-118.28461266329727,46.73025347850703],[-118.28371411746531,46.73021947225703],[-118.28342487684081,46.73015239100718],[-118.28323478621606,46.73013365871557],[-118.28268497996692,46.730064441007244],[-118.28212003100947,46.730016926424035],[-118.28146138830213,46.72998122850745],[-118.2808512508031,46.73000959829903],[-118.28022672684575,46.73009197017394],[-118.2797890778881,46.730129176423894],[-118.27925926122225,46.73024279100704],[-118.27898149455599,46.730418203506765],[-118.27868781226476,46.73058302329818],[-118.27839235080694,46.73067247850635],[-118.27815722893229,46.73066433579806],[-118.27793572893262,46.73056988788154],[-118.27771397580796,46.730464672256645],[-118.2775237955999,46.73036987329851],[-118.2774053466418,46.730324119131886],[-118.27733412268356,46.73029660663197],[-118.27720461643376,46.73027922225695],[-118.27681563830936,46.73022700871542],[-118.27655799872646,46.730222506632074],[-118.27643033205999,46.730261825381994],[-118.27625791956025,46.730357158715144],[-118.27592471331077,46.73054139933984],[-118.27559209143624,46.73091687225603],[-118.27537049351992,46.73117370871392],[-118.27461204352112,46.731593057671624],[-118.2738090268557,46.73176441496305],[-118.27368811748092,46.731741239963014],[-118.2733437403981,46.73167522954644],[-118.27318737685665,46.73164525871318],[-118.27292892164871,46.73141613058849],[-118.27252418935768,46.73114669933894],[-118.27189600498366,46.73105585038079],[-118.27129949144292,46.73110161392242],[-118.2711350195682,46.73112613683893],[-118.27087413206858,46.73116503892222],[-118.2704730862359,46.7310520930891],[-118.26981554040354,46.73092242538103],[-118.26915759977959,46.730972213922556],[-118.26890654352998,46.73099121079758],[-118.26828387269762,46.7311350795473],[-118.268220199781,46.73116343475559],[-118.26788787165657,46.731237301422155],[-118.26701235811625,46.731520932671664],[-118.2661726102009,46.73211722642071],[-118.26607215395101,46.73218207850397],[-118.26597807374286,46.73219059933736],[-118.265863323743,46.73227718058719],[-118.26555861332686,46.732632750378265],[-118.26536632582713,46.732928376419466],[-118.26523185395234,46.73326249412733],[-118.265241461244,46.733673287876684],[-118.26536578936877,46.734121945167686],[-118.26554473311853,46.7344721628755],[-118.26569339665997,46.73474445245836],[-118.26584206228472,46.73501673891629],[-118.2657631174932,46.73529154412416],[-118.26545518520199,46.73551018370713],[-118.26534915707714,46.7358439878733],[-118.26541292478538,46.736136781622875],[-118.26541887582705,46.73639108058082],[-118.2655124706186,46.736742245163626],[-118.26581210082647,46.73738462849596],[-118.26558860082679,46.737563200370644],[-118.26522054561899,46.73764553682881],[-118.26470885499481,46.73767076078713],[-118.26425589666218,46.7377735993287],[-118.2638648716628,46.73809098474479],[-118.2636743841631,46.73846485245255],[-118.26365553103813,46.738875958701946],[-118.26357428207989,46.73905295557667],[-118.26323923833041,46.7393305857846],[-118.2627623779145,46.739629349325746],[-118.26251268624821,46.739906035783676],[-118.26214689249876,46.74008617224173],[-118.26192519458249,46.740342980574695],[-118.26158876541633,46.740561923282655],[-118.26136341124999,46.740662240990886],[-118.2608796883341,46.74066757224081],[-118.26048223729303,46.740711083699125],[-118.26034543729328,46.740947389948765],[-118.26029399771,46.74118275557338],[-118.26027238208502,46.741476490989605],[-118.26013557791856,46.74171279723922],[-118.2597133112526,46.741913113905575],[-118.25940486229474,46.742112174321946],[-118.25881368000398,46.74239261286318],[-118.25828304354646,46.74282891286246],[-118.2578621247971,46.743087906612054],[-118.25738156229784,46.74323015348685],[-118.25704236750671,46.74333171390336],[-118.25675826334049,46.74335440036164],[-118.25666823313229,46.74337234723666],[-118.2565684529241,46.743433065986565],[-118.25633642479947,46.74357426598628],[-118.25625878417465,46.743907749319156],[-118.25636882792445,46.74400752223563],[-118.25663744354904,46.74413798994375],[-118.25720828104811,46.74443325452666],[-118.25743405708944,46.74471077119293],[-118.25736175500623,46.74497002535922],[-118.25723996229806,46.74512213056719],[-118.25722617167311,46.74513724098391],[-118.25711766438161,46.74534624098357],[-118.25620085917467,46.74631507119044],[-118.25559478521728,46.747182652439044],[-118.25507633417647,46.748147100354245],[-118.2547295300103,46.74914879722767],[-118.25448429459404,46.74962108264365],[-118.2543230716776,46.750033747226304],[-118.25410537792796,46.750466596183934],[-118.25366635605364,46.751175802432826],[-118.25342473001234,46.75180457951521],[-118.25346407897064,46.75227374409782],[-118.25344529563735,46.75235438680605],[-118.25341562584568,46.75238072847266],[-118.2530448779296,46.75261096805565],[-118.25259539876363,46.75287025451356],[-118.25215089876436,46.75334471492952],[-118.25190199980635,46.75366050347069],[-118.25180944876485,46.75380657430376],[-118.25162735084848,46.754093971178364],[-118.25161767064014,46.754105804511624],[-118.25156406543192,46.75417133576151],[-118.25128983001565,46.75472879930241],[-118.25117746959916,46.755290022218134],[-118.25102060293273,46.75595942117544],[-118.25089901855792,46.75612228784186],[-118.2507155185582,46.75631813679989],[-118.25054998939179,46.75645767534132],[-118.25018268522571,46.75686864409069],[-118.24979731855962,46.75744028054806],[-118.24904824981081,46.758289820130095],[-118.24869223210301,46.758900265962566],[-118.24832141960361,46.75943082950336],[-118.24827837272862,46.75947221179496],[-118.248265043562,46.759511489919944],[-118.24810897064559,46.7599714274192],[-118.24798514147908,46.760336337835376],[-118.2478907060626,46.76117872429236],[-118.24774475606284,46.762256473249],[-118.2478992810626,46.76278308470651],[-118.24788210918763,46.76327243470577],[-118.24797925606248,46.763780102413335],[-118.24793361543755,46.76426976387083],[-118.24774157481284,46.76458492116206],[-118.24749124252158,46.764842014911665],[-118.24726847064686,46.76505967428624],[-118.24698786127232,46.765238830535985],[-118.2467637331477,46.76539780553577],[-118.24654546960636,46.7658110784518],[-118.2464130581482,46.76624298470111],[-118.24646918106481,46.76635868886762],[-118.24636863731496,46.76690377324176],[-118.24634750918999,46.76710462219983],[-118.24630997585673,46.76794639094847],[-118.24614421335697,46.76858369303086],[-118.24610072273202,46.76875089511393],[-118.2460288498155,46.76933867115469],[-118.24615401023198,46.76982647011231],[-118.24627510814842,46.770138214903426],[-118.24656432377299,46.770330729486396],[-118.24682552064758,46.77054311490278],[-118.2469448206474,46.77077661281912],[-118.24675455710604,46.77117001490186],[-118.24659460085626,46.77146645135965],[-118.24637221543999,46.77187857219244],[-118.2460147279405,46.77243032739989],[-118.24546018627471,46.773082057607205],[-118.2452432383584,46.77355401281475],[-118.24511485606689,46.774161970105546],[-118.2450963039836,46.77459263468815],[-118.24479573106744,46.77514376489556],[-118.24444045710959,46.77579332114467],[-118.24430259877647,46.77599048468601],[-118.24420842586001,46.776090941977564],[-118.24380224565228,46.77652422010188],[-118.24366528419415,46.776760505518205],[-118.2434745269028,46.77713433989255],[-118.24340036336123,46.77762430760016],[-118.24349389252774,46.777975486766216],[-118.24350579252776,46.7780231669745],[-118.24352596336105,46.7782254461409],[-118.24346699461114,46.77838762530733],[-118.24339903731959,46.77848985759883],[-118.24328289773645,46.77856192947373],[-118.24314284148663,46.77860652634857],[-118.24301919982013,46.778683252390124],[-118.24292690294527,46.77875963988997],[-118.24288636648703,46.77880387738997],[-118.24235839982117,46.779377037805745],[-118.2417757175304,46.78004862009635],[-118.24135443211442,46.780307555512664],[-118.2409335935734,46.780586049262205],[-118.24068720086545,46.78101918155318],[-118.24016278315793,46.78174882634373],[-118.23916008211779,46.78273800759222],[-118.23868943941022,46.78333009613294],[-118.23827529149418,46.78390200446536],[-118.23760842378685,46.78463317633922],[-118.23748213107876,46.78478611279734],[-118.23733126753734,46.78496880238043],[-118.2370230987878,46.785073183630224],[-118.23679421649648,46.7851507055052],[-118.23625402899734,46.78519567633837],[-118.23571160295648,46.78514283571352],[-118.23531022483212,46.7850297711303],[-118.23477540608297,46.78530947112992],[-118.23452491754166,46.78556653883786],[-118.23401901337583,46.78586549092066],[-118.23345659358502,46.78618461696184],[-118.23230236442016,46.78678404404426],[-118.23131898421333,46.78738162112661],[-118.23083424046405,46.787688408626195],[-118.23053270817286,46.78787923779257],[-118.23000452171533,46.7884523419583],[-118.22958890713267,46.78896553674915],[-118.2293953373413,46.78922197945716],[-118.22919077692497,46.78945850237351],[-118.22917328421664,46.78947872841504],[-118.228948556092,46.78961810445651],[-118.22841098942615,46.789780408622946],[-118.22792314046859,46.789804278414564],[-118.22765802796904,46.78976890653966],[-118.22712213005316,46.78964542424814],[-118.226789279012,46.789487457581764],[-118.22628302484613,46.789288273207085],[-118.2258705831801,46.789077311749],[-118.22563956755546,46.78894453674928],[-118.22539343943083,46.78861920966644],[-118.22490084568159,46.78825272216693],[-118.22449281234891,46.78784619508432],[-118.22417554464108,46.787673491959566],[-118.22389207797482,46.787735222167775],[-118.22330021339242,46.78801548154236],[-118.2227670738099,46.78837337529173],[-118.22231759568562,46.788652105499665],[-118.22181248110309,46.788990127374156],[-118.22110711027085,46.7892911534154],[-118.22045957902185,46.78963069091488],[-118.21944753319008,46.7902284690389],[-118.21891213839922,46.790488537788505],[-118.21840349048335,46.79080855862138],[-118.21778701652596,46.79112664091252],[-118.21753774256803,46.79144235549534],[-118.21746466548483,46.791534213828534],[-118.2170667852771,46.792034356536114],[-118.21662033423617,46.792449998202116],[-118.2161111811119,46.79261193986854],[-118.21554638319613,46.792833170076484],[-118.21481200507225,46.79311489924278],[-118.21433176340634,46.79329609299244],[-118.21370998424067,46.79351791903378],[-118.2134012821578,46.79362805028366],[-118.21320125090811,46.79369941174179],[-118.21317459257482,46.7937165794502],[-118.21309644361662,46.79376690653336],[-118.21271484882556,46.793912783616555],[-118.21243557590931,46.79404497215798],[-118.21221387799295,46.794124646116195],[-118.21164611341051,46.794224612782756],[-118.21096076236991,46.79415360132447],[-118.2102434227877,46.79392639403316],[-118.20929164987251,46.793408162784],[-118.20905414987287,46.792980212784656],[-118.20856162591531,46.79261365341024],[-118.20799110508285,46.792580545076895],[-118.206819394668,46.79241680966049],[-118.20658443008507,46.792303990910675],[-118.20430873738025,46.79212270549431],[-118.20399267279743,46.79213352111932],[-118.20333845613173,46.79217953674418],[-118.20234637592493,46.792405194035574],[-118.20129644884327,46.79259231903522],[-118.20047350613618,46.792737917993286],[-118.20002921134522,46.79288898257644],[-118.1996785946791,46.79294097840971],[-118.19921021759649,46.79303203882615],[-118.19881998218047,46.79311151070109],[-118.19846038009763,46.793158354451045],[-118.19811573843153,46.793172732575975],[-118.19778677072371,46.793186944034254],[-118.1975349915574,46.79314650236777],[-118.19723522905785,46.793063485701175],[-118.19707647905814,46.792957730493015],[-118.19699907905823,46.79279387945163],[-118.1969917030166,46.792461328410475],[-118.19681473635023,46.79218925028582],[-118.19638446968425,46.79205678466107],[-118.19595767072656,46.79208081070275],[-118.19570147281024,46.792154320077614],[-118.1953914936441,46.79224325757751],[-118.19502168010298,46.792339365910614],[-118.194371758229,46.79250826903536],[-118.19380297697991,46.792553335701925],[-118.19323184885575,46.79239223153556],[-118.19320095406415,46.79238351591054],[-118.19277112593983,46.79227059924411],[-118.19205949989926,46.79229758153572],[-118.19115629781732,46.7924535013271],[-118.19109455510907,46.79246415966047],[-118.19051303010997,46.792616283618585],[-118.19047139469336,46.79262717424352],[-118.19002041656911,46.79284709507657],[-118.18906579782056,46.793483141950496],[-118.18870025719616,46.79370216903353],[-118.18822681032186,46.794196244032804],[-118.18778011761424,46.794611776323784],[-118.18776254157257,46.794648006532064],[-118.187734056156,46.794706735698604],[-118.18758934053119,46.79500508361483],[-118.18756636032288,46.79522501278111],[-118.18754227073958,46.79545559715584],[-118.18749563219804,46.795925673196734],[-118.18745546448974,46.79600525652995],[-118.18747274261472,46.796180274238],[-118.18725175199006,46.79649562944585],[-118.18696483219883,46.796636491945605],[-118.18688532594895,46.79667552736227],[-118.18648782907455,46.79673834715385],[-118.18645632699128,46.7967340534038],[-118.18639181032474,46.796725256528816],[-118.18617584574172,46.79669580861221],[-118.1853902530346,46.79681220652866],[-118.18523664990983,46.796849147153694],[-118.18501134782686,46.79696887527841],[-118.18433629782787,46.79736719090281],[-118.18388654366198,46.79764577423574],[-118.18323996137126,46.79804378777671],[-118.182336997831,46.798444448192775],[-118.18188420720675,46.79854913048433],[-118.18177917387357,46.79857341173431],[-118.18162828324876,46.798608297150906],[-118.18125796866606,46.7986121221509],[-118.1808518915833,46.79828368569305],[-118.18030424783417,46.797995839860214],[-118.1798450592932,46.797844042985396],[-118.17938486658562,46.79788603986041],[-118.179361665544,46.79788815756877],[-118.17888211346138,46.79810833048502],[-118.1780064999211,46.79853778673434],[-118.17693196971442,46.79883278881721],[-118.1762683113821,46.79923294714986],[-118.17617265513223,46.799290622149805],[-118.17606894159074,46.79976128048251],[-118.17610424992404,46.80007397944026],[-118.17611277700735,46.80046521902299],[-118.17614068534061,46.800748501314196],[-118.17614936138227,46.800836602355865],[-118.1762187478405,46.801254220063456],[-118.17642450929849,46.80169469297944],[-118.17637563742359,46.80206695547894],[-118.17635567909029,46.80214124922869],[-118.17628390513208,46.80240840652],[-118.17627021554874,46.80245936693657],[-118.17579828221614,46.80303163881068],[-118.17523618846703,46.80338960756009],[-118.17476040513446,46.80378582005954],[-118.17416980721868,46.804144073183956],[-118.17360811659455,46.8045215940167],[-118.17270752388765,46.80503955130762],[-118.17248598534633,46.80533531693219],[-118.17218110409675,46.805729765889865],[-118.17179499368069,46.806320710680616],[-118.17125586868154,46.80674030442997],[-118.17123454055657,46.80675690651331],[-118.17120986972326,46.80693325442961],[-118.17124388013991,46.807187269012566],[-118.17153770305612,46.80759515442857],[-118.17174266138915,46.807847417969924],[-118.17192352180551,46.807979989844725],[-118.17203224263869,46.80805968151122],[-118.1720067280554,46.80813447942779],[-118.17197866034705,46.808216759635954],[-118.17163889368095,46.80831807109416],[-118.17127148430654,46.80845879609393],[-118.17074996659898,46.80890174192658],[-118.17057194055765,46.809052942968],[-118.17021555618318,46.809702275258665],[-118.16896267597679,46.81106515442324],[-118.16846464264421,46.811755061713825],[-118.16831840826946,46.811840279421986],[-118.16807847910314,46.81213874400493],[-118.16808510201982,46.812194469004744],[-118.16785473952018,46.81254393775426],[-118.16769351972876,46.81299560858694],[-118.16753145097897,46.8134081533779],[-118.16754034368732,46.81381895441899],[-118.16774361243698,46.81399297733537],[-118.16803532910318,46.81430306170992],[-118.16858264993569,46.81457140337611],[-118.16904407180999,46.814821051292434],[-118.16956545410086,46.81520704920849],[-118.16966324160067,46.815308136708325],[-118.16969338222566,46.815385967958214],[-118.16983423743376,46.81561122108292],[-118.17003161868342,46.81575588670759],[-118.17032523326635,46.81585956379079],[-118.17075826243234,46.816121833582024],[-118.17076986868233,46.816132983581994],[-118.17084512180719,46.81638750858161],[-118.17107860409851,46.81663948149788],[-118.17117725930666,46.81724502733033],[-118.17118362909832,46.817538455454816],[-118.171192127015,46.81792969503755],[-118.17134098013973,46.81822166378715],[-118.17174502701414,46.81845232524505],[-118.17217714784682,46.81866312941149],[-118.17257950097115,46.81881553670288],[-118.1729801520122,46.818889696077726],[-118.17371935930271,46.81880385232797],[-118.17425696034354,46.818622240869765],[-118.17468142388456,46.81848092212003],[-118.17508037180062,46.818476826286705],[-118.17520268325876,46.81849319503673],[-118.17560936763311,46.81856573253659],[-118.17648941867344,46.81883672316118],[-118.17759038742173,46.81943880441022],[-118.17822147908743,46.819872362742856],[-118.17869196450336,46.82006754190928],[-118.1792001322109,46.820208988784096],[-118.17963032075188,46.82033790649223],[-118.18004284054291,46.82054701065851],[-118.18026144054257,46.82077145024155],[-118.18036409158407,46.82102375544951],[-118.18042678012561,46.82130450232399],[-118.1803950832507,46.82141615128212],[-118.18038961866739,46.82143539607377],[-118.18040546450068,46.82153793774027],[-118.18045603533393,46.82186516794815],[-118.18049095825057,46.82215830128104],[-118.18046318950059,46.82221500753094],[-118.1803272457508,46.82249261794716],[-118.1802222447093,46.82290459294657],[-118.18018429158434,46.822977370029676],[-118.18005810095956,46.82321934398773],[-118.17979908429326,46.82340256169573],[-118.1797212530434,46.82345761377901],[-118.17944268116885,46.82375397732016],[-118.17941196658556,46.823829848153366],[-118.17930745929401,46.82408799815299],[-118.17934494471065,46.82449850231906],[-118.17925862283577,46.82476842836027],[-118.17916994783593,46.82490297419338],[-118.17909957075273,46.825009754401584],[-118.17906650512775,46.82505690127653],[-118.17882312700311,46.82540392731766],[-118.17874660929495,46.82581560544198],[-118.17850720929529,46.82660072106574],[-118.17837796033719,46.82720860648153],[-118.17820017387908,46.82749762002272],[-118.17807513846265,46.827700881480695],[-118.1780176020044,46.82776346273071],[-118.17765744783829,46.82815520335502],[-118.17739127804704,46.828451337729554],[-118.1771071051308,46.82878284397912],[-118.17680056242295,46.82904314606198],[-118.17661981450658,46.82934501376987],[-118.17648006242342,46.8296178898111],[-118.1762797457571,46.82997710231052],[-118.17613781034068,46.83014999501861],[-118.17577536242453,46.830710880434445],[-118.17574059471627,46.831025533558936],[-118.1757489738829,46.83106655439216],[-118.17581050513279,46.83136768460001],[-118.1759826040909,46.831623066891304],[-118.17611152284069,46.83180746272435],[-118.17624137909047,46.83203470751572],[-118.1763727967986,46.832333365848605],[-118.1766076478399,46.83260238980648],[-118.17670149575645,46.83308715438898],[-118.17695934888104,46.83345594293009],[-118.17725664783887,46.83372432417971],[-118.17755269888012,46.833935567929416],[-118.17768069367156,46.8340771148042],[-118.17787018846298,46.83417516792904],[-118.17799352283778,46.83420397313737],[-118.17816312492086,46.83424358251233],[-118.17874181450327,46.834051903345895],[-118.17904931346112,46.833834445012876],[-118.17989198845981,46.833340030430335],[-118.18036099366742,46.833020184597494],[-118.18046628116726,46.83294838147254],[-118.18061194783371,46.832890155431016],[-118.18065171137529,46.832860751264384],[-118.18120737387443,46.832569293973215],[-118.18162072491543,46.83237395126514],[-118.1816400384571,46.83236482209853],[-118.1820550186648,46.83230339189032],[-118.18236844783098,46.83235729918188],[-118.18270456970544,46.83249668772327],[-118.18310218741317,46.83259258043154],[-118.18364580407899,46.83270124918133],[-118.1841027217866,46.83265366376475],[-118.18453506241093,46.832434898139965],[-118.18484942595211,46.83228631897366],[-118.18502951970186,46.83220120126549],[-118.18562520303425,46.83183787834933],[-118.18589041240882,46.831592265849686],[-118.18615593220011,46.831360934600035],[-118.18677083844915,46.830925973142435],[-118.18712210824025,46.83080804189257],[-118.18757775094788,46.83070331064279],[-118.1880122634472,46.83058451376786],[-118.18825979365518,46.8304819387681],[-118.18879426136266,46.830176379393556],[-118.18924579990365,46.82988596376902],[-118.19002150198575,46.829509736686234],[-118.1900347061524,46.829502338769636],[-118.19070569469301,46.82907075856194],[-118.19119914677562,46.82879418564577],[-118.19150940510843,46.828705238770894],[-118.19180485406635,46.82888788356227],[-118.19208107385752,46.829142157520195],[-118.19209663010751,46.82915316377013],[-118.192419408232,46.82938149918652],[-118.19271486448154,46.82956413981115],[-118.19302797177276,46.82960373564445],[-118.19313425406426,46.82956586585283],[-118.19337397802225,46.82948045439462],[-118.19339971656382,46.82947128460301],[-118.19368758427174,46.82931113460328],[-118.19391207072971,46.82910878564522],[-118.1944209394789,46.828589173146106],[-118.19486799885323,46.82809877627176],[-118.19513282906115,46.827838858563865],[-118.19519806343605,46.827803321063925],[-118.19540019156074,46.827693205439076],[-118.19567293531031,46.827790359605636],[-118.19588673739332,46.828045277313564],[-118.19600847593479,46.82819833252164],[-118.19610085718465,46.82831447731318],[-118.19642029780914,46.82863972002099],[-118.1966294571838,46.82868515335423],[-118.19671354260036,46.8287223731458],[-118.1968525592668,46.82873361793748],[-118.19694756968333,46.828741303354164],[-118.19702633114157,46.82874767314582],[-118.19708094051646,46.82872105439584],[-118.19735580301601,46.82858707939598],[-118.19762157697397,46.828370005438074],[-118.19786622072361,46.82813886585503],[-118.19821522801469,46.82792092002206],[-118.1987086290556,46.82764431481414],[-118.1991619988466,46.827439559606134],[-118.19921841655479,46.827404324189565],[-118.19951099780435,46.82722160752315],[-118.19984013634553,46.827046724190126],[-118.20014719155336,46.8268149252321],[-118.20022504988657,46.82674473148222],[-118.20037164363634,46.8266125637741],[-118.20063357592763,46.82622408877475],[-118.20079051030241,46.825793855442],[-118.2009909644687,46.82544888565091],[-118.20115787905178,46.825143624193096],[-118.20121095196839,46.82504656169315],[-118.20155519988452,46.824791847110255],[-118.20166142280101,46.82471325127707],[-118.20171304467596,46.82465209606879],[-118.20196559259223,46.82435290127763],[-118.20225117905011,46.82409275127799],[-118.20246982592478,46.82398204294486],[-118.20253931029964,46.82394686169487],[-118.20286682696583,46.823700554403594],[-118.20319752800695,46.82359707419546],[-118.20365626238123,46.82363511065373],[-118.2039901519641,46.823674455445314],[-118.20444920925502,46.82372677002861],[-118.2048442436294,46.823708326278606],[-118.20525849467043,46.82361824607037],[-118.20561038216988,46.82354660336219],[-118.20580815508623,46.82343882107066],[-118.20594143008606,46.823317401279176],[-118.20623097800228,46.8232343408627],[-118.20644522071024,46.82325875232097],[-118.20654452071011,46.823299266904286],[-118.20683448008462,46.82335877211257],[-118.20723175091734,46.82344030023741],[-118.2075867675835,46.82349370023727],[-118.20787936341635,46.82354775648724],[-118.20829808320742,46.823657626278724],[-118.20891240820646,46.82413687002796],[-118.20958064362208,46.82448597419408],[-118.2097969342467,46.82459896794385],[-118.2099593457048,46.824821660651864],[-118.21007609778798,46.82498174606834],[-118.21025026028768,46.8253227721094],[-118.21027523841265,46.825508227317506],[-118.21020077903779,46.8256981314839],[-118.21019649153777,46.82570906794218],[-118.21015832799617,46.82573383148372],[-118.20995030924651,46.82586881898352],[-118.20964137903867,46.82601494502503],[-118.20939647487234,46.82623182835803],[-118.2090790946645,46.826641448149026],[-118.20907281758117,46.8266495471074],[-118.2088698488315,46.826880271065384],[-118.20864670924851,46.82713977835661],[-118.20859328841527,46.82721602002321],[-118.20854586237368,46.82728370648139],[-118.20865855612351,46.82766824189748],[-118.20881062799829,46.82795236064703],[-118.2089409332064,46.8281938491883],[-118.20902929674794,46.82842149606298],[-118.2090129707063,46.82862167418771],[-118.20891404570644,46.82885129918731],[-118.20860829570687,46.82914025127016],[-118.2084769425821,46.82927066272828],[-118.2084126175822,46.82933452418652],[-118.20754055716692,46.82979440126913],[-118.20704845925098,46.830128174185305],[-118.20694775716782,46.8302546314768],[-118.20670427070985,46.83056038980968],[-118.20619902071064,46.8312371668919],[-118.20600421966931,46.83147879189152],[-118.20540910404519,46.8322169502237],[-118.20458360092147,46.83346853980512],[-118.20389959988086,46.83453291480345],[-118.2035591842564,46.835136514802464],[-118.20342369988161,46.8355950960518],[-118.20341581342332,46.83568305334335],[-118.203407033215,46.83578099188483],[-118.20355427800644,46.83593018355128],[-118.20381172800602,46.836191034592574],[-118.20427504050531,46.83642902625887],[-118.2044597977967,46.83648250646712],[-118.20479887904617,46.83658066063368],[-118.2052548550871,46.83649014188378],[-118.20574861758632,46.836227789800866],[-118.20605410091918,46.83592456271798],[-118.20636022071041,46.835649898134996],[-118.20679025612641,46.83533107001061],[-118.20718185612579,46.835155505427515],[-118.2075945884168,46.83499400126105],[-118.20784433945806,46.83499136792773],[-118.2082218457075,46.83511595855257],[-118.20860672174861,46.835569052301906],[-118.20882349883158,46.8359524887596],[-118.20901850299794,46.83629329709242],[-118.20917917591436,46.83650558667539],[-118.2092544957059,46.83660510021696],[-118.20930798008084,46.83661973459194],[-118.20950585612216,46.83667387417513],[-118.20992051862152,46.83659806167525],[-118.21029323007927,46.83650840438369],[-118.21058140507881,46.836362493967265],[-118.2108064988285,46.83618867938425],[-118.2111782436196,46.836056168967815],[-118.21147219257745,46.83616734917595],[-118.21174998632705,46.8364211450089],[-118.2117762571603,46.83644514709211],[-118.21181804361858,46.83673513355008],[-118.21171879466038,46.836950477299666],[-118.21161922486893,46.83715153875772],[-118.21156224257732,46.83739500542404],[-118.21175662799368,46.83770724396523],[-118.21194908945169,46.83793378458987],[-118.21224433632625,46.83810209083957],[-118.21245439986764,46.83818558458951],[-118.2129997352834,46.83836552521419],[-118.21335614361618,46.83847603771411],[-118.21361298528247,46.838787609588486],[-118.21392014465698,46.839484373129075],[-118.2140378675735,46.839811277295254],[-118.2140533967401,46.839854402295266],[-118.21398683528191,46.84004341791993],[-118.21389685403204,46.840298932502854],[-118.21387829986539,46.8405371293775],[-118.21386455611542,46.84071357416887],[-118.21382236549051,46.840791564793726],[-118.21372464361563,46.84097220958514],[-118.21354438632426,46.84128841583463],[-118.21336219674119,46.84151892625094],[-118.21322228007473,46.84177756166724],[-118.21308043215829,46.841950499166906],[-118.21298150195014,46.84218012520822],[-118.21307119361666,46.84246490020781],[-118.21339823528281,46.842720786665744],[-118.21343148736612,46.842746802290705],[-118.21391184986533,46.8428131377073],[-118.21402606965684,46.84280879083229],[-118.2144319175729,46.84279333666563],[-118.21482644673893,46.84274628979072],[-118.2151191519468,46.84280032833227],[-118.215644370696,46.84300904187369],[-118.21579491340407,46.84322173562336],[-118.21600854986207,46.84346233145632],[-118.21632723319495,46.84374466791416],[-118.21666770506938,46.84406963041366],[-118.21669174569435,46.84421223562177],[-118.21663187798613,46.84432716270488],[-118.21659771965284,46.844572702287934],[-118.2165781373612,46.84471346062102],[-118.21673276861094,46.844860138745794],[-118.21687601548575,46.84499601687056],[-118.21717002694363,46.84510717937041],[-118.21724220819353,46.84513099187035],[-118.21742175715156,46.84519021999529],[-118.21788133319251,46.84525675957842],[-118.21790709152577,46.84525598041187],[-118.21813525819209,46.84539085124498],[-118.2185478175665,46.84558648041131],[-118.21896038006584,46.84578211061929],[-118.21937686756519,46.846151050202096],[-118.21946263006504,46.84624442520197],[-118.21946616339841,46.846282775201956],[-118.21950877693996,46.84633598666012],[-118.21965901027306,46.846523583534854],[-118.22005679673077,46.84661934707644],[-118.22061496860493,46.84644196165999],[-118.22158591339509,46.84610301999383],[-118.22191217901955,46.84579952832766],[-118.2224885633937,46.84550765228638],[-118.22259402068524,46.845429754369896],[-118.22295956130961,46.845159752286975],[-118.22353625505872,46.844882151245685],[-118.22405309255792,46.84471947728763],[-118.2242979040159,46.84466409499605],[-118.22461577901538,46.84474203041263],[-118.22484995089002,46.844968101245634],[-118.22516998838957,46.845307543953425],[-118.22542725713913,46.845633373119604],[-118.22568452797208,46.84595920020239],[-118.22596164463829,46.84624195332692],[-118.22629926338779,46.84643834291002],[-118.22665769984552,46.84663450749305],[-118.22664436338727,46.846963232492506],[-118.22635942692932,46.84725200957542],[-118.22605757067981,46.84771240124134],[-118.2259645352633,46.84819912519889],[-118.22591053318008,46.84857114394837],[-118.22594185713832,46.84867358248988],[-118.22595703422166,46.848723217906446],[-118.22604551547154,46.84901257103097],[-118.22632394984606,46.84935245540554],[-118.22662125609558,46.84960641894674],[-118.22702167797001,46.849816418946446],[-118.22727572380292,46.84999941477939],[-118.22763679359406,46.85030983769567],[-118.22797802484348,46.85066333248674],[-118.22825485296806,46.850931797069656],[-118.22865529359245,46.85114179186105],[-118.22884286755051,46.85116354602767],[-118.228934381092,46.85117415956933],[-118.22921902379987,46.85120717102759],[-118.22981885088234,46.8510292918612],[-118.23023836338166,46.850868452278114],[-118.23035556650649,46.850823515819854],[-118.23078883838082,46.85064742519515],[-118.2315129102547,46.85043963040379],[-118.23196928212899,46.85036328873727],[-118.23265164046124,46.850302634570674],[-118.23288365087757,46.85028201165407],[-118.23305961754399,46.85020697519581],[-118.2335023123349,46.85001819394605],[-118.23433210400033,46.84959402103008],[-118.23438734775021,46.84956578353011],[-118.23506320504083,46.849072761655876],[-118.23516956754065,46.84898065436439],[-118.23561447483166,46.84859536999002],[-118.2360226352477,46.84823380853222],[-118.23647373420535,46.84792892624103],[-118.23710988837098,46.84752203874162],[-118.23758329462026,46.84706188249235],[-118.23770179774512,46.84684896270107],[-118.23836936441069,46.8461512314521],[-118.23864634878527,46.84551964499476],[-118.23880204253506,46.84504651687047],[-118.2390016654514,46.84467291478775],[-118.23932979461756,46.84445506895472],[-118.23980823211679,46.84443560124652],[-118.2401852196162,46.84453151999628],[-118.24072840815705,46.84461135020453],[-118.24137271753102,46.84456150437126],[-118.24140882482266,46.84454200228792],[-118.24180458523871,46.84432824187161],[-118.2420689373216,46.84405393562207],[-118.24229461752964,46.84390862312226],[-118.24268682169564,46.84376150541416],[-118.24318639773655,46.8437560804142],[-118.24345754356949,46.84387307416399],[-118.24409070294348,46.844146266871874],[-118.24438476231802,46.84425735853837],[-118.24492795398386,46.84433716895495],[-118.24520813731677,46.844352405413204],[-118.24536574877487,46.84436097728817],[-118.24542922169144,46.844349999163235],[-118.24571829669094,46.84429999603832],[-118.2459469404406,46.84428322103833],[-118.24614135606532,46.84434223978823],[-118.24621952689853,46.84436596999662],[-118.24631911544003,46.84451214082965],[-118.24649971752308,46.84477721687093],[-118.24648583939815,46.84507737937039],[-118.24649343835644,46.845405878328286],[-118.24647801231482,46.84553188874476],[-118.24642339043989,46.845978086660715],[-118.24637217481494,46.846464375201634],[-118.2460704956488,46.84692481582585],[-118.24587764044072,46.847243953325425],[-118.2458097831492,46.84735623978357],[-118.24573073939928,46.847432339783396],[-118.2455246196079,46.84763078040818],[-118.24523813106669,46.847848189782766],[-118.24501475398375,46.84809348561573],[-118.24525199669172,46.84844805853186],[-118.2452761144,46.84859065748998],[-118.24557515502454,46.848915985614475],[-118.24610121231535,46.849153122072394],[-118.24702214877226,46.849357385613864],[-118.24750894356316,46.84940145540542],[-118.2475855518964,46.84940838978037],[-118.24776642585448,46.849321091863835],[-118.24810037272891,46.84915991373913],[-118.24824179356204,46.848972650197744],[-118.24831486127029,46.848898842906266],[-118.24877080397789,46.84843829082351],[-118.24954927585169,46.84788691999107],[-118.2503072477255,46.847350053325265],[-118.25035507793378,46.84732797207522],[-118.25071927793321,46.847159831450554],[-118.25136095084889,46.84699567103406],[-118.25202045293116,46.84670273457626],[-118.25279438938834,46.846383898118404],[-118.25294528209639,46.846308544993484],[-118.25323208626266,46.84610538249384],[-118.25365396855365,46.845860734577585],[-118.25395988938652,46.845644025202844],[-118.25411473209459,46.84558592416129],[-118.25439840188584,46.845279178328475],[-118.25484981959346,46.844634156454426],[-118.25517453625963,46.84439056791316],[-118.25560012688396,46.84430588978833],[-118.25617928625809,46.844139516871984],[-118.25673901334049,46.843973352288835],[-118.25749800917269,46.84401835541375],[-118.25784867479713,46.844054505413716],[-118.2584321852129,46.844074761663684],[-118.25867187792086,46.84412666999695],[-118.2588520393789,46.84411343249698],[-118.25934725708646,46.84412920333015],[-118.25951880604454,46.844134667913615],[-118.2599347852106,46.84411580333036],[-118.26017679354351,46.84416532520522],[-118.26033228833495,46.84419714291348],[-118.26090066125072,46.84446231999645],[-118.26115646854203,46.84471665332934],[-118.26149386958313,46.844898656454106],[-118.26186989458256,46.84495165437066],[-118.26230669458188,46.84493255124568],[-118.2627021977063,46.84492818874568],[-118.26293452166425,46.84506848874546],[-118.26338304458022,46.8455492668697],[-118.26428852791214,46.84598213874402],[-118.26470854353647,46.84613464603548],[-118.26508949353592,46.8462484106186],[-118.26529064666056,46.84630847936854],[-118.26604634040939,46.84637773041009],[-118.26651297895035,46.84638590228507],[-118.26695893728301,46.84634096166011],[-118.26715167478272,46.846272154368584],[-118.26730335394912,46.84611045645214],[-118.26747728311551,46.846068524160515],[-118.26776779665676,46.8460253033273],[-118.2681175404062,46.84602142728562],[-118.26823526332272,46.84604424499391],[-118.26850802686391,46.84609710957726],[-118.26876502165523,46.846173847077054],[-118.26898027269652,46.846273083535245],[-118.26915745290462,46.84636122520175],[-118.26972909457038,46.84652426478491],[-118.27062027790232,46.84677298249275],[-118.2713778893595,46.846932962700926],[-118.2716154924841,46.846972423117556],[-118.27189719560869,46.8470234179091],[-118.27204659665011,46.84703980228406],[-118.27220039456653,46.84702138249243],[-118.27227217164977,46.84694106686754],[-118.27228264873304,46.84691136582591],[-118.27232968102464,46.84677804811785],[-118.27238027269124,46.84669328874291],[-118.27249898102441,46.846523572076485],[-118.27261868310757,46.84639594499342],[-118.27269712685747,46.84637703041013],[-118.27293344769039,46.846362373118446],[-118.27310009144014,46.846366534576816],[-118.27330335081486,46.84643644290995],[-118.27341098935631,46.8464822449932],[-118.27342731331464,46.84648918978491],[-118.27349684977287,46.846464360618306],[-118.27353019873112,46.84639181999342],[-118.27361456018936,46.84625255541025],[-118.27369129664754,46.84616149082711],[-118.27374871435579,46.84612531270219],[-118.27376902893911,46.84611251270219],[-118.27394372268883,46.846086511660495],[-118.27396505706378,46.84609311270219],[-118.27407475185527,46.84612705020219],[-118.27409383310528,46.84613295332709],[-118.27421751331339,46.84617367624372],[-118.27435743831317,46.84616008978547],[-118.27452322685458,46.84612817207716],[-118.27454176227121,46.84612396895218],[-118.27466272581275,46.846096549160535],[-118.27475869352087,46.84607743874382],[-118.27492052164564,46.84610879291045],[-118.2749348122706,46.84611156061883],[-118.2750367695621,46.846153060618704],[-118.27504986956211,46.84615839082709],[-118.27508456331208,46.84616256895205],[-118.27527842372844,46.84618591582708],[-118.2755146008114,46.84616524186873],[-118.2756721956028,46.84615747103544],[-118.27584745810253,46.84615551686872],[-118.27594055601907,46.84618092311872],[-118.27595332893571,46.84618440853541],[-118.27607956018551,46.84621806478531],[-118.2761914997687,46.84624790645194],[-118.27634246851841,46.846330421035105],[-118.27644182372661,46.846408754368355],[-118.27648538414321,46.84644309603504],[-118.27660144351802,46.8465320137432],[-118.27672555289287,46.84659077103474],[-118.27682137685105,46.846565643951486],[-118.27685758726763,46.8465569116598],[-118.27689982060086,46.84654672624318],[-118.27693239976753,46.846556077284816],[-118.27704102789232,46.84658725020142],[-118.27712188935055,46.84661979603469],[-118.27731974976689,46.84671565332621],[-118.27733349247524,46.84672231270125],[-118.27755456851656,46.8468040418677],[-118.27806597476577,46.84693064186761],[-118.27832096434872,46.846963879367536],[-118.27862896434824,46.84701456478412],[-118.27888452684783,46.84707185228398],[-118.27921981538897,46.84716433145054],[-118.27942565497199,46.847342452283655],[-118.27944632268027,46.847474532491695],[-118.27959010601342,46.847623279366466],[-118.27973446122148,46.84779607311627],[-118.27982090288805,46.84811385540745],[-118.27983423726299,46.84830615853211],[-118.27993072580453,46.848677955406515],[-118.28005463101266,46.84888865853114],[-118.28022584559575,46.84897650644772],[-118.28134479246899,46.84962114707172],[-118.2832411695494,46.85055707415356],[-118.28369832684035,46.85082859915322],[-118.2844451612142,46.85127216269414],[-118.2848589351719,46.85140833977731],[-118.28515706954641,46.851435605402195],[-118.28565704871232,46.85144427623557],[-118.28591269142026,46.851461416860545],[-118.28638705287786,46.85149321894382],[-118.28693276329363,46.851672804360135],[-118.28716688412663,46.85188446373488],[-118.28765117058418,46.85210759602623],[-118.287996750792,46.85214946060946],[-118.28829859454153,46.85218602623444],[-118.28864348204097,46.85218214498442],[-118.28931870183162,46.85217453977614],[-118.28996065703893,46.85202444394297],[-118.29219190495219,46.85175847102675],[-118.29271545703466,46.85140762831897],[-118.29291342995106,46.851345524152386],[-118.29304614870085,46.8513038908191],[-118.29360549557498,46.85118328040256],[-118.29435151432381,46.85103198352788],[-118.29478491848982,46.850869933528124],[-118.29509581432266,46.85080927311158],[-118.29544697161379,46.85069100748669],[-118.29575442890494,46.85048752102868],[-118.29604106848787,46.850284268945664],[-118.29639118932069,46.85012315644594],[-118.29674165390345,46.849976324154504],[-118.29698114869474,46.84954502415522],[-118.29701693723631,46.84930175332217],[-118.297036782028,46.849255515822264],[-118.29721410390272,46.848842362697916],[-118.29739492473574,46.848568875198325],[-118.2976584080687,46.84826476478213],[-118.29790756848496,46.84809737103244],[-118.29821534660948,46.847908161657664],[-118.29833611848431,46.84773535644961],[-118.29841782890084,46.84765406165818],[-118.29865763931714,46.84754901999156],[-118.2989300309834,46.8473316356169],[-118.29944355494092,46.8470400814507],[-118.29946015806588,46.847039893950736],[-118.29948497369082,46.84702229499243],[-118.29971223410718,46.846948284575845],[-118.2999613403568,46.84691688249256],[-118.30025414973132,46.84697070228416],[-118.30050463618926,46.84699642728412],[-118.30085644556375,46.84690671270104],[-118.30112498827164,46.84681794290934],[-118.30168427056242,46.84669729395126],[-118.3022466570199,46.846705181451235],[-118.30234438931141,46.846741451242835],[-118.3024209143113,46.84674432728452],[-118.30318993722675,46.84697367415917],[-118.30427178930842,46.84722326582541],[-118.30524380389022,46.847235994992104],[-118.30610654034723,46.84703567103407],[-118.3069999226375,46.84666831582635],[-118.3073525059703,46.84652688978487],[-118.30737336534527,46.84651852207655],[-118.3074448340952,46.8464030512434],[-118.30780877784457,46.845956022077374],[-118.30803636534428,46.845896276244204],[-118.30835069346877,46.84583075228595],[-118.30874617263481,46.8456959481195],[-118.30935503617555,46.845617553327926],[-118.30985392263307,46.845583271036325],[-118.31039582784058,46.84560564186958],[-118.31070945492344,46.84565919499457],[-118.31108379242283,46.845640619994604],[-118.31141371742234,46.845508264786446],[-118.31205657158802,46.845400892911584],[-118.3130106132532,46.84524708978687],[-118.31367266637716,46.84513215749534],[-118.3140680309599,46.84506352103713],[-118.31420857366798,46.845040575203825],[-118.31529161741635,46.844863744995784],[-118.31630564553971,46.84460921999618],[-118.31678300178902,46.844546584579604],[-118.31731347991318,46.84449567624634],[-118.31755837678783,46.84445843666305],[-118.31782379449572,46.844446698121395],[-118.31799514866213,46.844439121038036],[-118.31848670907802,46.8444334606214],[-118.31857797782789,46.844432408538125],[-118.31907929136878,46.84449806270466],[-118.31918559970194,46.84461513041281],[-118.31920767991022,46.844639442912836],[-118.31933432157673,46.84470941478772],[-118.31948477470148,46.84471237103764],[-118.31958431636797,46.844714327287626],[-118.31979261011764,46.84471841791262],[-118.31993246845074,46.844710311662666],[-118.32133119761528,46.84462923353778],[-118.32216205907231,46.844548207496246],[-118.32344839761197,46.84436190541318],[-118.32438262573555,46.84425109499673],[-118.32517219760928,46.844184810621854],[-118.32556698094204,46.8441516668719],[-118.32646062677397,46.84408416791361],[-118.32700076323147,46.84403504812205],[-118.32754124968898,46.844000207497146],[-118.32833116739606,46.84394818353883],[-118.3289549111451,46.843912371038904],[-118.32943471426937,46.843949655413816],[-118.32978716010211,46.84388841687232],[-118.33016605905989,46.84405544603872],[-118.33071501218404,46.84436336374655],[-118.33120187780827,46.844686284579396],[-118.33135323093303,46.844913101245695],[-118.33134670801638,46.84505917520382],[-118.33133982676641,46.84521326791187],[-118.33107663405849,46.8455163387447],[-118.33067231530907,46.846006772077274],[-118.33041899135118,46.84670973978454],[-118.33036430072629,46.84702467207576],[-118.32890886635353,46.84879878144802],[-118.32856624968736,46.849259918947226],[-118.32830619135444,46.849691522071595],[-118.32816751322964,46.84997885540453],[-118.32784112573019,46.850254079362415],[-118.32776207885532,46.850426430403786],[-118.32774724656366,46.850669467903415],[-118.32765371739714,46.851099139777766],[-118.32761630698053,46.851271007485764],[-118.32721050698116,46.85170430019349],[-118.32694303823156,46.85183597727663],[-118.3264687944823,46.852027194984714],[-118.32630752469089,46.852243356442685],[-118.32614836114946,46.85254520956717],[-118.32594439656646,46.852719007483564],[-118.32567832677518,46.852907808525],[-118.32562043927527,46.85309420019137],[-118.32572980594176,46.85330722519096],[-118.32600176427468,46.85352345227403],[-118.32598478719137,46.853852296023476],[-118.326023556983,46.854144307481384],[-118.32608464448288,46.85452248352247],[-118.32604039656627,46.854618953313945],[-118.32601745489967,46.854627538730625],[-118.32579784135832,46.85470972414712],[-118.32572890698343,46.85475050539707],[-118.32571961635848,46.85484657102192],[-118.32565205802526,46.85494330956346],[-118.32556060385873,46.85501633560493],[-118.3255039101088,46.85508096477154],[-118.32543792469222,46.855241656438025],[-118.32554575490042,46.85536035331278],[-118.32572272052512,46.855446264770954],[-118.32601661114968,46.855546813729184],[-118.32644046323236,46.85571782310394],[-118.32690105073164,46.855960373103514],[-118.32706715177301,46.85607839393664],[-118.32713884760625,46.856149530394916],[-118.32723601531445,46.85630833247807],[-118.3272618819811,46.856411986644524],[-118.32719491635619,46.85653270851931],[-118.32705070906472,46.85683024914383],[-118.32691401635662,46.85695977518528],[-118.32681169239846,46.85706491581013],[-118.3267884048985,46.85712765018512],[-118.32677889864846,46.85715325539343],[-118.32678067156512,46.857225204351586],[-118.32682193510676,46.85748061164286],[-118.326894615315,46.857591718934366],[-118.32702536739812,46.85769415539245],[-118.32716640177289,46.85777204289239],[-118.32732535906428,46.857973348100394],[-118.3278063705219,46.8584966480996],[-118.3279605528133,46.8586067522661],[-118.32853514552073,46.85901706893214],[-118.32978511322717,46.85945587830641],[-118.33001088197683,46.85947533143145],[-118.33070223614236,46.85969020643104],[-118.33112183614175,46.85981390330594],[-118.33174823614075,46.859878044972405],[-118.3325002715563,46.85996929601407],[-118.3330419757221,46.859977273097286],[-118.3342471257202,46.85986322726421],[-118.33480788092767,46.85979954601419],[-118.33569999863467,46.85966056059775],[-118.33663410904984,46.85953536684796],[-118.33690230071609,46.85943223143145],[-118.33698062050763,46.85923131059853],[-118.33697594238264,46.85904288664043],[-118.33697317363267,46.85893138664064],[-118.33711395488247,46.85872973559923],[-118.3375045809235,46.85852516684963],[-118.33814505175583,46.85831767309986],[-118.33874351946326,46.85809638143357],[-118.3390104423795,46.85800089497534],[-118.33943880175383,46.857696855392525],[-118.33963095071186,46.8574215981013],[-118.33975786008666,46.85723979601819],[-118.34051483925214,46.85667686893575],[-118.34123886216769,46.85626543143638],[-118.34262539654053,46.85592177206196],[-118.3434271934143,46.85568570227063],[-118.34388399133024,46.85538457310448],[-118.34393285487187,46.85535236268784],[-118.34428730487133,46.85484450539695],[-118.34472206424562,46.85461273664734],[-118.34597053611868,46.854623243938896],[-118.34660941215935,46.85478989602204],[-118.3468943652839,46.85486422310525],[-118.34829279965675,46.854998866855055],[-118.34874667986439,46.85486573560526],[-118.34927680173855,46.854710238730405],[-118.35025385069538,46.85414465123144],[-118.35171999131808,46.85405178977324],[-118.35243311006701,46.85467298352221],[-118.35295261839951,46.85489350748019],[-118.35372967464832,46.85513616581314],[-118.3542523590225,46.85548256685426],[-118.35454352673038,46.85574931268718],[-118.35464941423021,46.855794256437115],[-118.35477758298002,46.85592967831193],[-118.35515917360443,46.856504408519356],[-118.35557367360377,46.856927640810376],[-118.3561273840196,46.85704700539349],[-118.35682029547685,46.85686249914382],[-118.35747396214248,46.85657771476924],[-118.3579396683918,46.85611886581166],[-118.35844397255767,46.85573511060388],[-118.35946272568106,46.85537042831276],[-118.36031894442976,46.855838764770425],[-118.36131562151155,46.85605357622842],[-118.36193955588557,46.85604615331175],[-118.36282422671754,46.856186731436566],[-118.36330645171677,46.856382464769574],[-118.36364760900791,46.85680654081054],[-118.36409696629885,46.85715377310169],[-118.36476016838117,46.85724660643493],[-118.36534613400528,46.857189248101676],[-118.3658200787962,46.85705766893517],[-118.36625987150387,46.8570272345602],[-118.3668934017112,46.85739744080956],[-118.3672320360857,46.85772079810078],[-118.36735145796054,46.857829408517304],[-118.36738396108545,46.85792046060043],[-118.3676903756683,46.85842049497477],[-118.36784422462644,46.85869568768262],[-118.36788924129303,46.85902255226544],[-118.36821397670919,46.8595410866396],[-118.36823364962578,46.85957249809792],[-118.36882731733324,46.85981724809753],[-118.36967344233187,46.85988267934746],[-118.37018990899777,46.85972026580607],[-118.37025623087266,46.85969940955608],[-118.37076368191354,46.85944148559815],[-118.37081545691348,46.859423898098186],[-118.3714552902458,46.8592065387235],[-118.37207476836983,46.859022821015394],[-118.37258422566072,46.85904994809875],[-118.37284683295195,46.85906393143201],[-118.37332912045122,46.8592596220567],[-118.37352801315927,46.85952095122303],[-118.3735570506592,46.859559104347994],[-118.37425635794978,46.85962626372289],[-118.37469552357409,46.85957062101463],[-118.374985300657,46.85941603038985],[-118.37510104336513,46.85934642934829],[-118.37545537982294,46.85913335226534],[-118.37626286628002,46.85912364393196],[-118.37792347773575,46.85909005434877],[-118.37829188711021,46.85950218143132],[-118.37891138815088,46.860753957471104],[-118.37901445690073,46.86191121371927],[-118.37907244127564,46.86274161059301],[-118.37945498606672,46.86334143455043],[-118.38020912460723,46.8641130689242],[-118.38178894960477,46.86557990329693],[-118.38265134231176,46.86627466058756],[-118.38361741418525,46.86671631058689],[-118.38500572459975,46.867014952253065],[-118.38602552980649,46.86754345537725],[-118.38561806522381,46.86883280850031],[-118.38493676209987,46.8694706709993],[-118.38362552668525,46.8698894866236],[-118.38191432147956,46.87046422516429],[-118.38079047252296,46.87103185120517],[-118.38058505273165,46.871613575162606],[-118.3808499464812,46.87183264078721],[-118.38118537043901,46.87211002828679],[-118.38203105377107,46.87215018870337],[-118.38269382043673,46.87221773766168],[-118.38352300272709,46.87265644078599],[-118.38399689335131,46.8729071605772],[-118.38419555689266,46.873298179326646],[-118.3848291881417,46.874545259533036],[-118.38492529543322,46.874734411616124],[-118.3845876631421,46.87639871786347],[-118.38456053189213,46.876508843904915],[-118.38374626835174,46.877443431403556],[-118.38281344856148,46.878465606401974],[-118.3828116048115,46.87847591577689],[-118.38249868397867,46.87873163244314],[-118.38148632148022,46.87933434910899],[-118.38019622356556,46.879940409524636],[-118.3789450923175,46.88098409077304],[-118.3788432766927,46.88134723139743],[-118.37854754023476,46.88173175848025],[-118.37797310065235,46.882081542854685],[-118.37778600690264,46.8823695168126],[-118.37773631419442,46.88259869285389],[-118.37788834336084,46.88311116472805],[-118.37819921106865,46.8833169491027],[-118.37890427460923,46.883727516810424],[-118.37971116419129,46.883774938685335],[-118.38032266523203,46.8837866157687],[-118.38052049856503,46.883917566810105],[-118.38052488710673,46.88408861368494],[-118.38052636210672,46.8841460720182],[-118.38033683294037,46.8843388397262],[-118.37976091210788,46.88463150743402],[-118.37963981002474,46.88468641680896],[-118.37934581106686,46.88487565222532],[-118.37818168919371,46.885317813682995],[-118.377982020444,46.885560174099275],[-118.37782543398589,46.88575023972393],[-118.37783897356923,46.88627895534815],[-118.37764571627788,46.887339035554824],[-118.37742736211152,46.88778652513748],[-118.37705235586212,46.888555037636266],[-118.37651519127962,46.889298943885144],[-118.3764377464881,46.88940995638495],[-118.37635591523821,46.889453589718265],[-118.37599871732209,46.889610268884674],[-118.37561276940602,46.889729197009444],[-118.37536813711472,46.88994166680082],[-118.3752950319065,46.89034255638349],[-118.37670186940431,46.89207329283912],[-118.37707373711208,46.89253075429679],[-118.37736890169498,46.89281522096304],[-118.37787005690251,46.89322953346236],[-118.37922580377541,46.894522803252016],[-118.38024824544051,46.895126120959475],[-118.38060606523156,46.895337256375726],[-118.38226337772905,46.89549354491722],[-118.38500894334976,46.89510777200106],[-118.38513573709956,46.895123208459495],[-118.3883687673029,46.89551677616716],[-118.38858393292753,46.89554296470883],[-118.39188534646412,46.89676209595686],[-118.39290181937919,46.89770674595541],[-118.3942740839604,46.898546312620844],[-118.394723782918,46.89854083449579],[-118.39600673604103,46.89842445637091],[-118.39664030687338,46.89876931157878],[-118.39732370062235,46.8996172480358],[-118.39760764749691,46.90064634803419],[-118.3984517589539,46.90202118865704],[-118.3992841214526,46.902942845947294],[-118.40036709436761,46.90360958552956],[-118.40236779540612,46.90423988969524],[-118.40427929019484,46.90426682302856],[-118.40666503914946,46.90416197511212],[-118.40958801726991,46.90429276469515],[-118.40975979956134,46.90430370740352],[-118.40978591622799,46.90430973865351],[-118.41013266622741,46.904389830320035],[-118.41126738185069,46.904651910527924],[-118.41206041205777,46.904993484485786],[-118.4131438495561,46.90546012719335],[-118.41376497143011,46.90578542094291],[-118.41419296205449,46.906009566775886],[-118.41507791621973,46.90709896989914],[-118.41548538496914,46.908118694897595],[-118.41561266309388,46.90843721677209],[-118.41563861101055,46.908563960521874],[-118.41580438809366,46.90937366885397],[-118.41559069642729,46.91100287614315],[-118.41522170267785,46.912342220932686],[-118.41463953705374,46.91396122822192],[-118.41463726101209,46.91438255842953],[-118.41463327663713,46.91511979384502],[-118.41532578601101,46.9162949063432],[-118.41605757767655,46.916519912592875],[-118.41658564017575,46.91668227300926],[-118.41660863600902,46.916677145925924],[-118.41790106621539,46.91638895738473],[-118.41891323079717,46.91574680113577],[-118.41969165996261,46.915472105302854],[-118.42023106933677,46.91528175217813],[-118.42128014433513,46.91491153134535],[-118.42295557870752,46.91433665530459],[-118.4243403870387,46.913891293847016],[-118.42497287766274,46.913698951138926],[-118.42558345057847,46.91351326988919],[-118.42598101516114,46.91339236155606],[-118.42809588911621,46.912761565723734],[-118.429532082864,46.912869561556874],[-118.43020143807128,46.91316341468143],[-118.43025144848787,46.91324083030632],[-118.43081474327869,46.91411276155497],[-118.43140996723605,46.91438235009627],[-118.43219352556822,46.914372549054534],[-118.43251218910935,46.914368560512926],[-118.43296709119198,46.91440434280449],[-118.43368191931586,46.91446056467944],[-118.4341695484818,46.91449891467938],[-118.43506141202211,46.914865505303794],[-118.43587566827081,46.91537192092804],[-118.43702656306067,46.91521655946992],[-118.43802988597578,46.91486637301208],[-118.43830625576703,46.914769910512234],[-118.43851459847501,46.9146740511374],[-118.43937526305707,46.914278055304706],[-118.43971246513986,46.914149317804934],[-118.43989359430623,46.91408016780505],[-118.44010930368093,46.91420836988805],[-118.44024832972235,46.914290992804645],[-118.44043178701371,46.91462357717912],[-118.44089250159635,46.91488090738709],[-118.44166217034518,46.9149429782203],[-118.44226356617754,46.914844863637185],[-118.44277439117678,46.9147615198873],[-118.44409406096639,46.914505668846026],[-118.44431372971606,46.91443457092946],[-118.44463053804891,46.91433203447124],[-118.44478621721532,46.91428164592967],[-118.44492729846509,46.9141346146799],[-118.44522766096462,46.91382157822207],[-118.44560251825574,46.91348195113931],[-118.44611792137988,46.913274627181245],[-118.44670761617068,46.91303741363994],[-118.44782042762728,46.91287981780687],[-118.44785980366886,46.912884492806874],[-118.44873094429249,46.91298790114001],[-118.449265346375,46.91338779280613],[-118.4493473901249,46.91384125009703],[-118.44898093387548,46.91449175217934],[-118.44871529429253,46.91499745322025],[-118.44872397241754,46.91531946155302],[-118.4487359192925,46.91576266155238],[-118.44892631512556,46.91607211571858],[-118.44910101616694,46.91635606050982],[-118.44963158491612,46.91661247300945],[-118.4502300192902,46.91679625842578],[-118.45051953491475,46.91717532509189],[-118.45073860991441,46.91753136050792],[-118.45098085574733,46.917704636549374],[-118.4511606807471,46.91783326363258],[-118.45116579012206,46.917836917799185],[-118.45172563595452,46.91794206988232],[-118.45176230574617,46.91794895738235],[-118.45250229949501,46.918202699048614],[-118.45311045886905,46.91874516050609],[-118.45332826511874,46.91905336675571],[-118.45337545157696,46.9195072636299],[-118.45314214428568,46.91991688133758],[-118.45295150991097,46.92007609487905],[-118.45262628907814,46.92034771362859],[-118.45235688282857,46.92057270946155],[-118.45234152762026,46.92064394279481],[-118.45229760991198,46.920681443836436],[-118.45212540470392,46.92102925841919],[-118.4521945109538,46.92134636154371],[-118.45259308699485,46.92190813862619],[-118.45306525782746,46.92220630112571],[-118.45348849428512,46.92218710112575],[-118.45349969636845,46.922183702167395],[-118.45363955782659,46.922141246959114],[-118.45415096199241,46.92195933550115],[-118.45539462657382,46.921873694876226],[-118.45539937761549,46.92187163445959],[-118.45584207240648,46.921679688626476],[-118.45630693178077,46.92147813237688],[-118.45636085469732,46.92145475008523],[-118.45708211407123,46.921014994877545],[-118.45741476511239,46.92066991571138],[-118.45782917657004,46.92024001467044],[-118.45916627240132,46.91933790633846],[-118.45946321302587,46.91914893342214],[-118.45991840469179,46.91885924696427],[-118.46047037552434,46.91850796571483],[-118.46160969948086,46.91803892509054],[-118.46244337239627,46.917884752174125],[-118.4630353536453,46.91782934592421],[-118.46383151614407,46.917579958424554],[-118.46441762551821,46.91730933134164],[-118.4650022244756,46.91672246780097],[-118.46526530780852,46.916273626134874],[-118.46560161093299,46.915841393843984],[-118.46579910884935,46.915587559469365],[-118.4659346390575,46.915378443844595],[-118.46637284426515,46.91489866363712],[-118.46652236509824,46.91473495426237],[-118.46699623280585,46.91435560009629],[-118.46723975468048,46.91421936467979],[-118.4672744453054,46.91419995634647],[-118.46817863592902,46.91406393655504],[-118.46864025155328,46.91397506259681],[-118.46877617238643,46.91390842822194],[-118.46895879426116,46.91381889593029],[-118.46923472967734,46.913580327180824],[-118.46972513488492,46.91347746572264],[-118.47094879009137,46.913322534472805],[-118.47143884425725,46.913043013639935],[-118.47209294425625,46.91298286051506],[-118.47266114425538,46.91301741259832],[-118.4730876317547,46.91297604384842],[-118.47311617133799,46.912966909473354],[-118.47318266612957,46.912945623015084],[-118.47332121092104,46.91290127509849],[-118.47368335467047,46.912741127182095],[-118.47419039008635,46.91213657509964],[-118.4749719786268,46.911361037600955],[-118.47509179841825,46.91129979489271],[-118.47512525570987,46.9112826959344],[-118.47571758383395,46.9109799459348],[-118.4767964244573,46.91042851885229],[-118.47723755883158,46.90996832822803],[-118.47731980362312,46.90990351364476],[-118.47819419424677,46.90921443031257],[-118.47881639841249,46.90891257197967],[-118.47991646716078,46.90837886260547],[-118.4800406754939,46.90832853760557],[-118.48058896403472,46.90810638343921],[-118.48174599632462,46.907637564689985],[-118.48187486299106,46.907574087606825],[-118.48286358694786,46.90708706156584],[-118.48319232861405,46.9069251251078],[-118.48331547236381,46.90689598031618],[-118.48447539319541,46.90662144177495],[-118.48548790152711,46.906632226149874],[-118.48583489735994,46.90655156781665],[-118.48586660152655,46.906544199066644],[-118.48625088381762,46.90645487406681],[-118.48674557027518,46.906384632400254],[-118.48680715881676,46.90637588760866],[-118.48721989735776,46.90615523865064],[-118.48746700464905,46.905901668859386],[-118.48776078694027,46.90560020010978],[-118.4877629327736,46.905597998026515],[-118.48777394631524,46.90559143448483],[-118.48918966610472,46.90474776781944],[-118.48930097652124,46.90468143344458],[-118.48944541089598,46.904595358444716],[-118.49001892756178,46.904489123028235],[-118.49097327235192,46.90431233552851],[-118.49103150776853,46.90430628865356],[-118.49130230255975,46.90427818032018],[-118.49281778068242,46.90412084802879],[-118.49351424213965,46.90406391990381],[-118.49394489943069,46.903894184487484],[-118.4942047244303,46.903791776154286],[-118.49503142963732,46.90339824802993],[-118.49582855463609,46.903196465738546],[-118.49602623380241,46.90315603136359],[-118.49691644421775,46.9029739469889],[-118.49707789838413,46.90294092198895],[-118.49790456817453,46.902547368864575],[-118.49792350150784,46.902535010531246],[-118.49817592129911,46.90237023344815],[-118.49872722754827,46.90201034074037],[-118.49876026504818,46.901992837615445],[-118.49934289629725,46.90168417615755],[-118.49993096712971,46.90137262719972],[-118.50102935046135,46.90071236157577],[-118.50220282441785,46.90024246886816],[-118.5032582181662,46.89974060324393],[-118.50380249420704,46.89941412824444],[-118.50434846712285,46.89897039595344],[-118.50456115149751,46.89877623345376],[-118.50494943587195,46.89862162303732],[-118.50549620982939,46.89851874699584],[-118.50579054003732,46.89852787928743],[-118.50603760878693,46.89853554387084],[-118.50638730357804,46.89856084491241],[-118.50652013378613,46.8986308594956],[-118.50659861711938,46.89894079803687],[-118.50662602753597,46.89911748657824],[-118.50663491920263,46.899174809494795],[-118.50668379732757,46.89948986157764],[-118.50669334316086,46.89983058970212],[-118.50676541503579,46.90005518866002],[-118.50701472961875,46.90031458657639],[-118.50740402649312,46.900530666784405],[-118.50755059211788,46.900722289700745],[-118.50753972961792,46.90105423970022],[-118.50736282649319,46.90119208449173],[-118.50690805566056,46.901546441782784],[-118.50683651191065,46.90161738344933],[-118.5065547921194,46.90189672615729],[-118.50654317857777,46.90191153449057],[-118.5062297212866,46.9023792949065],[-118.50600315149529,46.90290018761408],[-118.50597929837033,46.902955019905626],[-118.50594439003704,46.9031490355303],[-118.50639845670298,46.90351634177971],[-118.50664402753597,46.903601550112924],[-118.50688020774389,46.90368349490443],[-118.50696717232711,46.90370209907109],[-118.50727317128496,46.90376755844605],[-118.50736263690982,46.90378669698766],[-118.50801212232551,46.90400457823724],[-118.50866628169952,46.9042240199036],[-118.50933387961511,46.904382664695085],[-118.50962038065632,46.904642017819654],[-118.50956668586473,46.90514992198548],[-118.50924507649023,46.90547064906841],[-118.50973953586448,46.90565491469305],[-118.50999447023906,46.905845089692804],[-118.51026269836365,46.90607478135907],[-118.51043195357175,46.90619813344227],[-118.51066109627972,46.90627883240047],[-118.51082716190446,46.906288602192085],[-118.51100228794587,46.9063102105254],[-118.51117808586224,46.90635572927531],[-118.51141477440355,46.90639446677528],[-118.51164995356987,46.90637940010863],[-118.51198040565265,46.90633915635866],[-118.51223352961063,46.90634179177532],[-118.51258394940174,46.906390982400204],[-118.51288991710959,46.90641086052524],[-118.51316803377586,46.906371303233655],[-118.5134345650254,46.90623023240053],[-118.51355439106692,46.906142288650635],[-118.51371669106663,46.906023175109226],[-118.51398688481623,46.90586050427605],[-118.5142143525242,46.90572355948467],[-118.51471749939844,46.90551028656831],[-118.51486968481487,46.905445777193364],[-118.51487503481485,46.905443571985096],[-118.51515432856438,46.90532838552693],[-118.51588179418827,46.90513336677718],[-118.51596732127148,46.90510063448558],[-118.51610626710459,46.90504745636068],[-118.5163997473125,46.904935136569186],[-118.51698409835325,46.904616419903],[-118.51714756814464,46.90443450636158],[-118.51759321085228,46.90393856052905],[-118.5176843806438,46.90345893136314],[-118.51782112231031,46.90324752303017],[-118.51802658897662,46.90312768136366],[-118.51826699730958,46.90306919073875],[-118.51899055980847,46.90297663969724],[-118.51906708168332,46.90296660011395],[-118.5196416983491,46.90289120740568],[-118.51969395668236,46.902884351155684],[-118.519925744182,46.902804890739134],[-118.52038250772296,46.902648302197726],[-118.52053302751438,46.902596701156185],[-118.52176910355416,46.902082562615334],[-118.52223223897012,46.90191983865719],[-118.52262792021946,46.90178081053249],[-118.52332542126004,46.90148119803289],[-118.52349843480147,46.90135791782469],[-118.52393175355081,46.90104915011687],[-118.52427602646692,46.900860230325534],[-118.52489481396594,46.90063078345085],[-118.52527399104872,46.90048747720111],[-118.52593819313101,46.90043714907622],[-118.52652135146342,46.900374069909645],[-118.52659050250497,46.90034920740968],[-118.52665821396324,46.90032486261802],[-118.52708041917089,46.9001730594933],[-118.52800568791946,46.89937266782788],[-118.52821662333582,46.89905839803662],[-118.52829595146068,46.8989402074119],[-118.52886473062648,46.898177108454604],[-118.52887882020981,46.89815820637139],[-118.52964557020857,46.897223517831144],[-118.5298535066666,46.89697003033153],[-118.53039876083244,46.89628530116594],[-118.53045776708234,46.89625040637434],[-118.53105112020643,46.89589950637483],[-118.5312877879144,46.89581439491668],[-118.53187893270511,46.895806482416724],[-118.53215987853805,46.895802724083296],[-118.53306685041161,46.89579057929172],[-118.53367265770233,46.89564720533364],[-118.53424538582647,46.895511655333785],[-118.53492131186705,46.89537209491738],[-118.5359799910321,46.89515349700111],[-118.53687669936402,46.89478264179329],[-118.53744518269652,46.89419550429416],[-118.53748681707141,46.894152504294254],[-118.538170786862,46.89366489075335],[-118.53874596706949,46.8936037167951],[-118.53945800144334,46.893527981378575],[-118.54028136394209,46.893107854295835],[-118.54042099831685,46.89303660429599],[-118.54146470560694,46.89292686679618],[-118.54183889623135,46.89297099075438],[-118.54328540456243,46.8931415438792],[-118.54355420664535,46.8931379167959],[-118.54433185351911,46.89312742825419],[-118.54443085456063,46.893103311587524],[-118.54466149622692,46.89304712825432],[-118.54474768476848,46.89302613033767],[-118.5450861983096,46.892662744921566],[-118.54517366601782,46.8920635397142],[-118.54571045872531,46.89131473971528],[-118.54621854309954,46.89078161367454],[-118.54629568789106,46.889823729300986],[-118.54632025664102,46.88946458346828],[-118.54713947747308,46.88883156367754],[-118.54841209517946,46.888192406386814],[-118.54946916601114,46.88754300951282],[-118.54964636392755,46.88743414909633],[-118.55050672121787,46.886914709513825],[-118.55053802330117,46.88689580951385],[-118.55102082225875,46.88634803763974],[-118.55134888059155,46.88597582097357],[-118.55171597434098,46.88539673972449],[-118.55222739204856,46.884983147016854],[-118.5528496420476,46.884783337642084],[-118.55319163267204,46.88470854805896],[-118.5541324566289,46.88450279493422],[-118.55521558996054,46.88388417514351],[-118.55533375662701,46.8838166855603],[-118.55690965349959,46.88281449285352],[-118.55713599099926,46.882743329311936],[-118.55770485037334,46.88256446264558],[-118.55805657849784,46.882616179312144],[-118.55830048683079,46.88265203868715],[-118.55851575662211,46.882776100145186],[-118.55857909203864,46.882812602228555],[-118.55886817953825,46.88297920326995],[-118.55933541182918,46.88345126056087],[-118.55948792849563,46.883721955352065],[-118.5596296628704,46.883973514726726],[-118.55992860974493,46.88420072930974],[-118.56054963057727,46.88440314493442],[-118.56070269203538,46.88446081785098],[-118.5612224201596,46.88465665118398],[-118.561591257659,46.88485900014198],[-118.56190484307518,46.88524182930816],[-118.56205071599163,46.88536073451625],[-118.56233857328283,46.88559536889092],[-118.5629948399485,46.8859735188903],[-118.56346046494775,46.88603628659856],[-118.56386280557217,46.88600313868191],[-118.56426353994652,46.885914709515355],[-118.56458123057104,46.88574446159898],[-118.56515654098679,46.88541861472445],[-118.56543411598638,46.88525348139149],[-118.56551327119458,46.88520639076649],[-118.56590923369396,46.88515558868319],[-118.56654535869296,46.88543393451611],[-118.56665261494281,46.88547787826606],[-118.5669039159841,46.88558083764093],[-118.56711034410877,46.885665411599156],[-118.56811757639889,46.885508088682705],[-118.56870698785626,46.885380406391256],[-118.56970793264641,46.88500786785012],[-118.57033952222878,46.88471464701724],[-118.5700685534792,46.88540957930785],[-118.56994719097935,46.88603319076523],[-118.57006996597921,46.886653455347556],[-118.57029388577048,46.887152724096794],[-118.57013417327074,46.8888533115942],[-118.5699953722293,46.89007519075894],[-118.56976553472965,46.89055918138322],[-118.56976496702136,46.890560379299785],[-118.56973238785469,46.89062898242472],[-118.56914989931391,46.89099578554913],[-118.56874389306456,46.89143193034016],[-118.56869296285629,46.89207849700576],[-118.56863992535642,46.89384938241973],[-118.56858404410652,46.89464540429345],[-118.56856812014819,46.894872212626396],[-118.56856596702318,46.8949029209598],[-118.56854457118989,46.89495813658471],[-118.56833067431523,46.89551015220883],[-118.56828006389861,46.89592313970823],[-118.56826020452365,46.896085221999634],[-118.56828008473195,46.89616867408274],[-118.56843269723174,46.896316087624214],[-118.56847501598168,46.8963531980409],[-118.56870035868963,46.89655079491553],[-118.56896989827256,46.896787145956914],[-118.56898392639755,46.89726793241443],[-118.56898495868921,46.89730333345603],[-118.5689859451475,46.89733710949762],[-118.56889524410597,46.89781677408028],[-118.5687922149395,46.897958993871676],[-118.56852696181488,46.89832514699608],[-118.56849267431494,46.89837247512103],[-118.56788566598254,46.899098423036605],[-118.5674680847332,46.89962930636914],[-118.56726614098352,46.89988604178533],[-118.56701070660894,46.90021076990984],[-118.56651111598472,46.9009312449087],[-118.56622910765181,46.90133792615817],[-118.56603940869375,46.901611484490985],[-118.56575537223584,46.90264397511446],[-118.56570240348594,46.903070444905474],[-118.56569882536098,46.9030992469887],[-118.56571631077757,46.903132941780335],[-118.56582745036076,46.903347116779955],[-118.56595766390224,46.90359804594631],[-118.5665256253597,46.90392516990406],[-118.56712290869206,46.9040605188622],[-118.56775438681609,46.904171475112065],[-118.56828677744028,46.90447515636156],[-118.56864473264805,46.904781223027776],[-118.56865240764802,46.90504424906904],[-118.56852922848157,46.90533466886019],[-118.56848912535663,46.90542922406843],[-118.5682203982737,46.905798605317855],[-118.5677508493161,46.90644401885855],[-118.56730205035848,46.906847642816174],[-118.5668325170259,46.90726990844058],[-118.5660767691104,46.90768690635657],[-118.56573447640254,46.90774282823154],[-118.56537939098642,46.90780084073139],[-118.56527776494494,46.907817442814796],[-118.56457994932106,46.90782698448135],[-118.56420310869663,46.908071342814345],[-118.5637759576556,46.908986177187906],[-118.56344929411445,46.90975611156175],[-118.5634194191145,46.909870266769886],[-118.56326080557307,46.91047631572725],[-118.56282388890706,46.91105638655963],[-118.5627364097406,46.91135402822592],[-118.56269683057394,46.91148869697569],[-118.56299057640683,46.91198702718324],[-118.56338831703124,46.912460014682516],[-118.56339151078123,46.912569882390684],[-118.56340014098953,46.91286651051525],[-118.56323338578147,46.913022276140005],[-118.56295833578189,46.91327919801457],[-118.56291242953195,46.91347421780589],[-118.56289619828196,46.91354317822255],[-118.56295612328188,46.913607021972425],[-118.56318439411484,46.91385021676365],[-118.5633672149479,46.914134770929934],[-118.56341602223951,46.91461252405418],[-118.56337127119794,46.91547428863614],[-118.56329832328134,46.91595121467712],[-118.56328327640637,46.91604959280191],[-118.56329552328135,46.91609216884354],[-118.56339979098954,46.91645465842626],[-118.56366778578074,46.91657186155116],[-118.56382411390553,46.916640230300985],[-118.56459392536266,46.91670147405096],[-118.56539383577807,46.91671160842595],[-118.56550193473629,46.91671297717595],[-118.56592347952729,46.916802894884036],[-118.56606794202706,46.91696836467551],[-118.56608048577704,46.91739876988321],[-118.5659220264023,46.917951120924],[-118.56539222848642,46.91893912508908],[-118.5651227118202,46.91916641675545],[-118.5646425732793,46.91957132196313],[-118.56454922536274,46.91962197508802],[-118.56378333369726,46.920037560504035],[-118.56365278473913,46.92035031675356],[-118.56369533682238,46.920612864669835],[-118.56398984098861,46.92113510216904],[-118.56407895765511,46.921274710502196],[-118.56439975557129,46.92177726883467],[-118.56442882536292,46.921822810501304],[-118.56460521077935,46.922409741750386],[-118.56477471494571,46.922890425083],[-118.56478196077903,46.92313918133258],[-118.56466697015425,46.92334813133229],[-118.5643567618214,46.9235447740403],[-118.56431032640478,46.9235742094569],[-118.56420278057163,46.92359792612351],[-118.56370880765571,46.923706857373354],[-118.56356395348928,46.923742151123356],[-118.56334813578127,46.92379473549826],[-118.5631302711983,46.92393596362302],[-118.56311653265664,46.92415735528938],[-118.56334968161464,46.924541278205396],[-118.56442252848797,46.92556599903717],[-118.56444287223792,46.92558543028712],[-118.56471964827917,46.9258497844534],[-118.56508283994525,46.9261639604946],[-118.56526646806998,46.92642134486914],[-118.56540645348639,46.92661755007719],[-118.56555879619454,46.9268735313268],[-118.56577360556918,46.92723447090959],[-118.56627689202675,46.92772992507546],[-118.56632132952667,46.92786776465854],[-118.5663699659849,46.92801863028335],[-118.56639206077655,46.92808716257489],[-118.56629989931838,46.928519001116015],[-118.56580073056915,46.929363061531255],[-118.5654054014031,46.929965364655295],[-118.56468369932087,46.93057438236275],[-118.56369649515574,46.93144902402803],[-118.56357890036425,46.93187839173575],[-118.56353866911434,46.9320252823605],[-118.56362101286419,46.932454733401464],[-118.56394631286366,46.932833024025946],[-118.56451248786283,46.933088416733845],[-118.5649418264038,46.93344135944157],[-118.56504219515364,46.93374126673283],[-118.56513308577848,46.93401284694073],[-118.56497457327872,46.93456519381485],[-118.56454166494609,46.935288738605415],[-118.56404519203024,46.93622843756226],[-118.5640228170302,46.93665931985326],[-118.56414394723839,46.9368001677697],[-118.56417239307166,46.93683324381135],[-118.56434814932142,46.93703760631104],[-118.56488085244558,46.93734129693559],[-118.56501240765368,46.937415004227084],[-118.56574391806923,46.937824841726474],[-118.56583945869409,46.93787836880968],[-118.56637355973494,46.938123707350975],[-118.56690141806742,46.93836617505899],[-118.56736153785842,46.93857516360032],[-118.5675721888997,46.93864065630856],[-118.56767767744122,46.93867345422513],[-118.56817216494046,46.938827190683206],[-118.56929210868874,46.93890752505814],[-118.5697234388964,46.9390271938079],[-118.56978505556293,46.93904428964124],[-118.57000291077092,46.93932835422415],[-118.57005963368753,46.93937394484907],[-118.5705689441034,46.93978328859848],[-118.57064669826998,46.93984578026499],[-118.57132191285223,46.94024316776438],[-118.57143789931042,46.94029958234766],[-118.57227853368407,46.94070844901368],[-118.57292445972475,46.941297596929445],[-118.57345865764059,46.94164906880389],[-118.5740926930563,46.94183171776196],[-118.57490370347165,46.94169161463708],[-118.57554639722065,46.941381143804314],[-118.57630604721949,46.941083632346455],[-118.57709310659327,46.94112701776298],[-118.57784362221713,46.9415928146373],[-118.57844974721615,46.94153250942907],[-118.57921360138164,46.941378449012596],[-118.57945376908957,46.94123161047113],[-118.57948094304788,46.94096810630491],[-118.57975461179745,46.94077296255523],[-118.58065176492107,46.94040176359748],[-118.58103045762884,46.940253427139396],[-118.58141137221158,46.9401042219313],[-118.5818645159609,46.94007403859799],[-118.58341542533344,46.94055493443052],[-118.58402021283251,46.940929300055046],[-118.58479886178962,46.94127733651277],[-118.58512224928916,46.94158382922065],[-118.58568932012162,46.94186302713686],[-118.58632127845397,46.94197387297003],[-118.58660963053683,46.94211952401148],[-118.5867822107449,46.94220669380303],[-118.58728653782742,46.94272596046886],[-118.58764698782689,46.943084236510025],[-118.58840209303406,46.943834766717146],[-118.58890928365827,46.944449668799535],[-118.58944290969913,46.94477715421564],[-118.59046109303087,46.94495437713207],[-118.59143515552933,46.94482123546557],[-118.59260450969418,46.94420695109159],[-118.59452560239953,46.94303200213501],[-118.59486614823238,46.94282302713536],[-118.59624069302191,46.941979502136675],[-118.5967447221878,46.94159993234563],[-118.59747050760332,46.941053352138084],[-118.59814952947728,46.9403980094308],[-118.59834564926861,46.94022683234771],[-118.59876227114296,46.93986319276491],[-118.59885779614285,46.93985639589001],[-118.59918049093397,46.939833431306646],[-118.60000268051607,46.940467805264014],[-118.60092321072295,46.940885510471745],[-118.60165849405514,46.9409469854716],[-118.60262959926193,46.940718105263684],[-118.60359783780213,46.94039357505578],[-118.6045610638423,46.9399016573482],[-118.60511535134145,46.93975036047353],[-118.60571312425719,46.939885501098296],[-118.6061413534232,46.94019046672288],[-118.60646843050601,46.9406164510971],[-118.60648519821433,46.94062930734717],[-118.60689738675535,46.94094532401325],[-118.60739259092122,46.94115365942963],[-118.60802744612857,46.94136003026271],[-118.60883471800236,46.94149221151248],[-118.60957288675121,46.94164928130385],[-118.61007100758377,46.941625191720526],[-118.61027040758343,46.94161554797056],[-118.61034517424996,46.94157144797066],[-118.61105975237389,46.94114994484631],[-118.6116630721646,46.94075679276358],[-118.61184764716434,46.94063651463877],[-118.61216412528883,46.94051178443067],[-118.61291768674602,46.94021478547277],[-118.61373191799477,46.94002359588974],[-118.6137847127863,46.94001119797307],[-118.61401684507763,46.93999827297312],[-118.6149353336179,46.93994712818155],[-118.61650343882377,46.939829310473414],[-118.61733195132246,46.93970359693195],[-118.61737260653075,46.93969742818193],[-118.61760792944706,46.939580854223756],[-118.61781995965502,46.939475817765626],[-118.61808627527967,46.93904147714129],[-118.6188442086118,46.938695868808466],[-118.61981230861028,46.93837120005898],[-118.62085599194201,46.938236821934176],[-118.62158620444085,46.93813079589267],[-118.62244593777285,46.937688036518324],[-118.62284542943893,46.937282853185636],[-118.62325918568826,46.9368631958947],[-118.62355678464617,46.93651058756187],[-118.62391335756229,46.93608810422916],[-118.62393349714559,46.93606423964585],[-118.62410564610366,46.93596176672936],[-118.624962653394,46.935451610480136],[-118.62666009505803,46.93499692402252],[-118.62758882630658,46.93452922506497],[-118.6285255169301,46.934324533398566],[-118.6285539815134,46.93431379902361],[-118.6287373315131,46.934244652148706],[-118.62925058151235,46.934051085482345],[-118.63005125963606,46.933967921940784],[-118.6309173919264,46.933740295899476],[-118.63236311588247,46.93304990110882],[-118.6336364565055,46.932433711526556],[-118.6347410648371,46.93201128444384],[-118.63601435233517,46.93139506881979],[-118.63724979087488,46.93068369486253],[-118.63866844503934,46.929969687571955],[-118.63866482420605,46.930137185488455],[-118.63882413774746,46.93078077090402],[-118.63897696795556,46.93105875215368],[-118.63926780128844,46.931587731319524],[-118.63963509816284,46.93218049277691],[-118.64027580857852,46.932577969859636],[-118.64126047003532,46.932803063609256],[-118.64231129815869,46.93290759694243],[-118.64360500753169,46.93296078965066],[-118.64475836169657,46.932992063609035],[-118.6453895929456,46.933078675067215],[-118.64574891273668,46.93340840423333],[-118.64579920336162,46.93391001985755],[-118.64598839086135,46.934385717773495],[-118.64598927731966,46.93438788027349],[-118.646011388778,46.93444186464844],[-118.64629036690252,46.9351229240223],[-118.64642147627734,46.93598219277102],[-118.64662974086038,46.93707956047763],[-118.6465521429438,46.937965751101316],[-118.64667886586028,46.938681556308545],[-118.64658507627706,46.93906889693293],[-118.64656589815213,46.93952235943215],[-118.64682497002673,46.940071642764686],[-118.6471962044011,46.94032898026429],[-118.64757613356723,46.94059843026385],[-118.64771207315033,46.940694837555384],[-118.64819685231623,46.94107665526307],[-118.64895324294008,46.94167238338721],[-118.6491697346064,46.94182290526188],[-118.64930856898117,46.94206819692824],[-118.64927330856455,46.94223460942796],[-118.64905687106487,46.942417456302685],[-118.6486407825239,46.94267230317729],[-118.64857631064899,46.94272255526055],[-118.64847368981584,46.94280253755208],[-118.64842392002424,46.942841331302006],[-118.64830794294107,46.94300890421841],[-118.64831303356607,46.94317473338486],[-118.64850269710742,46.943434680259465],[-118.64873853044044,46.94365022921741],[-118.64904755960659,46.94393267713367],[-118.64929195752285,46.944156049008285],[-118.64974097418883,46.94431548234138],[-118.65018616897981,46.94435054067473],[-118.65084950127046,46.94425802504982],[-118.65099484397854,46.94419441984158],[-118.65100438252023,46.94419282192491],[-118.65197090751872,46.94382006359217],[-118.65286235751734,46.9435065427594],[-118.65344398564146,46.94344328546781],[-118.65367058043273,46.9434367083844],[-118.65439317313998,46.94336646255117],[-118.65487844605587,46.94324582505138],[-118.65529966793021,46.94303042713504],[-118.655839828346,46.94242458859432],[-118.65643496480345,46.942160199011475],[-118.65656338355326,46.94210315005316],[-118.65760185334331,46.94177390630372],[-118.65767021584323,46.94175223130372],[-118.65867673146664,46.94154628442905],[-118.65951533667369,46.941558049012365],[-118.66020095438093,46.94149999692911],[-118.66068141271353,46.94156195422067],[-118.66070305229682,46.94156474484565],[-118.66125162000428,46.941722281303775],[-118.6613373689625,46.9417469063037],[-118.66187225750332,46.942221170886306],[-118.66194788458654,46.942288226094504],[-118.66261416583552,46.9423742333861],[-118.6634802845842,46.94214636151147],[-118.66412952104152,46.941682427137195],[-118.66417065541647,46.941633938595544],[-118.66419212416639,46.94161774276227],[-118.66485971895703,46.94101354901316],[-118.66592485333042,46.93956022193213],[-118.66661607520435,46.93891575943312],[-118.66669666687086,46.938870245891465],[-118.66676601999575,46.938834764641584],[-118.66708192103691,46.93867316360018],[-118.66789992103564,46.938254695892525],[-118.66885507415918,46.93752314381031],[-118.669854969991,46.93645865839524],[-118.66990302936586,46.93640749589542],[-118.66992580436585,46.936418075061944],[-118.67017120540716,46.936532060478505],[-118.6708159064478,46.93683151047803],[-118.67093754290596,46.93688800422785],[-118.67146244394678,46.937184494852495],[-118.67170884915475,46.93731915006063],[-118.67197175019601,46.93748346985195],[-118.67254083144512,46.938078502142716],[-118.6726612418616,46.93823817089248],[-118.67268722415322,46.93827262610084],[-118.67271153561154,46.938310556309055],[-118.67294181998612,46.93866983860023],[-118.6732285887357,46.938803899016655],[-118.67339015436045,46.93881533859996],[-118.67348246581867,46.93882187505823],[-118.67355226269353,46.93882681880822],[-118.67365668665173,46.938825290683255],[-118.67409963248434,46.938833975058195],[-118.67422305852585,46.93881700734995],[-118.6750733564412,46.93870012297505],[-118.67517854706603,46.938674882350156],[-118.6767719512302,46.93829251672578],[-118.67854855122744,46.938146872975956],[-118.67920433664312,46.937898043809675],[-118.67924528664305,46.93788456255969],[-118.67996484185029,46.93764767506008],[-118.68074421164074,46.93761396047685],[-118.68080188976563,46.937611466726786],[-118.68196284288882,46.93788146255973],[-118.68304799913717,46.93796119693462],[-118.6836763480945,46.937951956309625],[-118.68382307830264,46.937936351101314],[-118.68419847309373,46.93789643235136],[-118.68476000538449,46.93798385214292],[-118.68486319809267,46.93802728026784],[-118.6856764064247,46.938369518808955],[-118.68598650121591,46.93850001776707],[-118.68636565538202,46.93869405630845],[-118.68691474288111,46.9388242177666],[-118.68725001371394,46.938828841724884],[-118.68748765121359,46.938832117766594],[-118.68836870329558,46.938844256308236],[-118.68844191058712,46.93883256880826],[-118.68883794079483,46.938832753183256],[-118.69047639391727,46.938736804225094],[-118.69164208974881,46.93883667714153],[-118.69166705433206,46.93883881776659],[-118.6924716657892,46.93899989172475],[-118.69393376891192,46.93938926984905],[-118.69477215641064,46.93933871047413],[-118.69583402620066,46.9391838125577],[-118.69644494286634,46.938941004224745],[-118.69683429286573,46.93878625422497],[-118.69798792098896,46.937716621934946],[-118.69910054182054,46.936456220895224],[-118.69990803556931,46.9354873917301],[-118.70046888973508,46.93445045735672],[-118.70066166785978,46.933921332357585],[-118.7006980657764,46.93360224173301],[-118.7008381553595,46.93330052923354],[-118.70115419598403,46.932933253192424],[-118.70145773452522,46.93259384694296],[-118.70188497514961,46.93175026048585],[-118.7025238970236,46.930975286528835],[-118.70303228556448,46.930489302154506],[-118.7032288178558,46.930079720905184],[-118.70324351368915,46.93006311361353],[-118.70335867931398,46.929932982363646],[-118.70393674702137,46.9292797896564],[-118.70511809806123,46.927994383408446],[-118.70562264285212,46.92738884174268],[-118.70605813035145,46.92680824591028],[-118.70677737097532,46.9263669438276],[-118.7075663980574,46.92592459799496],[-118.70778685951541,46.9257905917452],[-118.70863388972242,46.925275722995885],[-118.70938186472125,46.92482105112163],[-118.70950449909607,46.92472469799682],[-118.70962719701254,46.924628299038616],[-118.71077847201077,46.92372373862339],[-118.71113559492687,46.923454305290456],[-118.71173063555098,46.92300536883284],[-118.71204000430049,46.92277195320816],[-118.71213161159199,46.922738840708234],[-118.71257493763297,46.922578590708525],[-118.7136968011729,46.92217305529249],[-118.71466782825473,46.9219671438344],[-118.71609861887748,46.921945701126134],[-118.71717890845918,46.9218816552929],[-118.71832363449903,46.921649186543306],[-118.71970574283023,46.92119784904395],[-118.72091640637001,46.920844756336166],[-118.721603612619,46.92049952821166],[-118.72235600220114,46.92000978654579],[-118.72296879490852,46.91952214279652],[-118.72405476990684,46.91854894800641],[-118.72507551990526,46.91772024904935],[-118.72588918136232,46.91696642925886],[-118.72676799386096,46.916068093843585],[-118.72819506677543,46.914850500095476],[-118.72931497614867,46.91385282093033],[-118.72996021677268,46.91329288343119],[-118.73067907927157,46.91285143655688],[-118.73126452718729,46.91260337093223],[-118.73163831364509,46.912286739682735],[-118.73200670218613,46.91180274489189],[-118.73237200218558,46.911223110517795],[-118.73263339385187,46.910668967810295],[-118.7331079719761,46.91023120114431],[-118.73386088655826,46.909765298020076],[-118.73472539593196,46.90951298552036],[-118.73597213030503,46.90920702927094],[-118.73705213447,46.909142802187596],[-118.73750906571928,46.909054551146134],[-118.73812749488496,46.908935105313006],[-118.73888962821714,46.90875608135493],[-118.73937110113305,46.90853347510527],[-118.73988513759059,46.90823860843909],[-118.74102869696384,46.90798200739776],[-118.74187252925418,46.90771355531493],[-118.7421342573788,46.90763028968999],[-118.7422396136286,46.907600660523336],[-118.74257483446144,46.90750639385687],[-118.74323631779373,46.90726036469055],[-118.74355534383488,46.907144902190716],[-118.7438057302928,46.90709792823251],[-118.7439180375843,46.90707685844085],[-118.74403657300081,46.90705461885754],[-118.74487162508285,46.90706232198255],[-118.74516661362406,46.90706504385752],[-118.74519887820736,46.90706691573257],[-118.7467936823715,46.907159469899085],[-118.74686436882972,46.907163571982416],[-118.7481758792444,46.90717119802407],[-118.74881482403504,46.90726602094059],[-118.74956450736723,46.90749302510688],[-118.74976033236693,46.90758777823175],[-118.75082349486529,46.908102195939215],[-118.75133769486449,46.90835098760556],[-118.75208982402995,46.90893750322962],[-118.7529081771537,46.90931946468739],[-118.75308228757012,46.909400728228945],[-118.75402818027699,46.9095058428121],[-118.75489646152562,46.90950861052043],[-118.75531983652498,46.909509960520424],[-118.7571387261055,46.909625575103554],[-118.75826454589537,46.90989534072812],[-118.75904383443583,46.910242181352565],[-118.76004421255931,46.910944436559895],[-118.76058008443347,46.91131893239257],[-118.76087800109968,46.911888456350056],[-118.76103714589107,46.912484035515845],[-118.76153423234865,46.91273951780711],[-118.76202818651457,46.91289936364014],[-118.76233304588908,46.91295854072343],[-118.76289168651324,46.913066974056555],[-118.76294161463811,46.913076665723196],[-118.76428080421938,46.913462689680976],[-118.76429313755273,46.9134666792643],[-118.76537091984272,46.913815411555404],[-118.76548044692582,46.91385084801366],[-118.76621530838302,46.91401800947177],[-118.76646525942432,46.91407486468],[-118.76785776358884,46.913957678221834],[-118.76900602192042,46.91384425218033],[-118.76991476775233,46.91387804488868],[-118.77040875629318,46.914037854263405],[-118.77047161879312,46.91407627613838],[-118.77094315420902,46.91436448134625],[-118.77148617712487,46.914625905304106],[-118.771617122958,46.91468894697076],[-118.77263134483145,46.91474500530397],[-118.77342990524687,46.914613029262455],[-118.77452722087014,46.91436031155458],[-118.77478146461976,46.914301755304706],[-118.77498896878609,46.914253965721436],[-118.77629665940906,46.91368348968064],[-118.7769080937831,46.913171656348126],[-118.77703881982461,46.91272667822378],[-118.77719048336604,46.91221042614126],[-118.77698994586632,46.911424141767455],[-118.7770788041995,46.9109443396849],[-118.77765768336532,46.91050476989383],[-118.77825758128101,46.91016031989441],[-118.77834280107254,46.9101113865612],[-118.77993104482009,46.90958435322864],[-118.78100940731844,46.90947189177048],[-118.78233039481637,46.909307802187435],[-118.78285822606557,46.90917331052091],[-118.78323033960665,46.909078491771034],[-118.7845433739796,46.90867528760508],[-118.78475882918758,46.908647211563476],[-118.7870457281424,46.908349188647215],[-118.78868964272318,46.90838276260551],[-118.78903668334762,46.90838984802218],[-118.78980738438808,46.908473482396985],[-118.79024341459575,46.90841207823037],[-118.7905717166786,46.90836584177215],[-118.79174433021844,46.90794082927289],[-118.79256805938383,46.90752127198185],[-118.79329270000767,46.907270709482255],[-118.79487789583858,46.90732830635719],[-118.79583421979544,46.90703869802427],[-118.79589208125365,46.90702117614924],[-118.7987578468742,46.90682612614962],[-118.80011519478876,46.90670910114979],[-118.8006685614546,46.906556868858324],[-118.80086185728761,46.90607540323409],[-118.80089798853754,46.905070144902346],[-118.80090323957923,46.90418497927865],[-118.80109610312057,46.90378115219602],[-118.8014902947866,46.902955759488925],[-118.80229792082703,46.90178203449071],[-118.80242214270187,46.90160149907435],[-118.80361335415836,46.900697649075774],[-118.805128994781,46.90023059282651],[-118.80516778748927,46.90021863657655],[-118.80598380727965,46.89998479386855],[-118.80631996665414,46.89988845949364],[-118.80663558540363,46.89979800949384],[-118.8067578781118,46.8997629626188],[-118.8078442447768,46.89943237303607],[-118.80800154165154,46.89938450636942],[-118.8088582822752,46.898916464703504],[-118.80895574165004,46.89889856053688],[-118.80981889998202,46.898739989703806],[-118.81163987081254,46.89860933137068],[-118.81188813331217,46.898561743870744],[-118.81340828643484,46.89827034803794],[-118.81564885101466,46.89744542616419],[-118.81757947705331,46.89674498554024],[-118.819089892676,46.89600334908307],[-118.81930645309235,46.89586116991664],[-118.82024443642418,46.89524533450091],[-118.82028474371579,46.89521887200093],[-118.8211932530894,46.89422364700254],[-118.82231099058767,46.89322508137907],[-118.82338975621097,46.89210752200574],[-118.8254011822495,46.89071194492464],[-118.82645551453955,46.889905720967526],[-118.82741412807974,46.88936415117674],[-118.8295802895347,46.88842053138649],[-118.83081620307445,46.887826657429066],[-118.83142275307353,46.88719499909679],[-118.83146970619845,46.8865244501395],[-118.83135939890697,46.88627064284824],[-118.83124256765711,46.88600181784856],[-118.83059115411646,46.88546395118275],[-118.83056047703319,46.88543861993282],[-118.83034598432516,46.88521299701644],[-118.83009006557558,46.8849437949336],[-118.83005525620062,46.88452288347588],[-118.83003079682567,46.88422710430964],[-118.83046377703333,46.883622147019025],[-118.83131518849035,46.88301049389491],[-118.83289232390456,46.88219584389617],[-118.83401692911116,46.88141234285571],[-118.83448308431878,46.88075899598168],[-118.8346502999435,46.87986714598307],[-118.83448271556875,46.87870176890156],[-118.83448905202711,46.8778644209862],[-118.83452478327699,46.87770372827805],[-118.83457979681862,46.87745630432018],[-118.83521942181761,46.87677625223792],[-118.83544515410894,46.8766182105715],[-118.83608641244126,46.876169236613876],[-118.83654817910724,46.875845924114344],[-118.83846305202094,46.87471479599111],[-118.84012264681003,46.8742814605751],[-118.84169070930756,46.87423231474187],[-118.84238471555648,46.87412545640866]]]]},"properties":{"id":"17020016","label":"17020016"}}